commit_sha,strategy,tests_available,tests_selected,failures_available,failures_detected,duration_available,duration_selected,abstained,escaped,failure_recall,time_reduction
mut_caa015827517,1. Full Test Suite,895.0,895.0,0.0,0.0,0.07280000000000002,0.07280000000000006,0.0,0.0,,-7.105427357601002e-14
mut_cb44bb46eca3,1. Full Test Suite,191.0,191.0,92.0,92.0,2.2197,2.2196999999999987,0.0,0.0,100.0,5.684341886080802e-14
mut_ccbba32ee6f5,1. Full Test Suite,191.0,191.0,1.0,1.0,2.2197,2.2196999999999987,0.0,0.0,100.0,5.684341886080802e-14
mut_ce0d69e89f0f,1. Full Test Suite,191.0,191.0,27.0,27.0,2.2197,2.2196999999999987,0.0,0.0,100.0,5.684341886080802e-14
mut_ce5097a8bae4,1. Full Test Suite,895.0,895.0,1.0,1.0,0.07280000000000002,0.07280000000000006,0.0,0.0,100.0,-7.105427357601002e-14
mut_ce8ebe6857fe,1. Full Test Suite,895.0,895.0,13.0,13.0,0.07280000000000002,0.07280000000000006,0.0,0.0,100.0,-7.105427357601002e-14
mut_ce961ebfbe8a,1. Full Test Suite,191.0,191.0,0.0,0.0,2.2197,2.2196999999999987,0.0,0.0,,5.684341886080802e-14
mut_cf304955ef3c,1. Full Test Suite,895.0,895.0,0.0,0.0,0.07280000000000002,0.07280000000000006,0.0,0.0,,-7.105427357601002e-14
mut_cf6c963757ed,1. Full Test Suite,895.0,895.0,3.0,3.0,0.07280000000000002,0.07280000000000006,0.0,0.0,100.0,-7.105427357601002e-14
mut_cf79a6d39691,1. Full Test Suite,895.0,895.0,2.0,2.0,0.07280000000000002,0.07280000000000006,0.0,0.0,100.0,-7.105427357601002e-14
mut_d0624774f95c,1. Full Test Suite,191.0,191.0,41.0,41.0,2.2197,2.2196999999999987,0.0,0.0,100.0,5.684341886080802e-14
mut_d0b1a5c53c7a,1. Full Test Suite,895.0,895.0,19.0,19.0,0.07280000000000002,0.07280000000000006,0.0,0.0,100.0,-7.105427357601002e-14
mut_d0e704dbbf55,1. Full Test Suite,191.0,191.0,21.0,21.0,2.2197,2.2196999999999987,0.0,0.0,100.0,5.684341886080802e-14
mut_d0f4efae548f,1. Full Test Suite,365.0,365.0,0.0,0.0,4.793700000000005,4.793700000000021,0.0,0.0,,-3.268496584496461e-13
mut_d0f91c149491,1. Full Test Suite,895.0,895.0,8.0,8.0,0.07280000000000002,0.07280000000000006,0.0,0.0,100.0,-7.105427357601002e-14
mut_d14847af1de6,1. Full Test Suite,191.0,191.0,7.0,7.0,2.2197,2.2196999999999987,0.0,0.0,100.0,5.684341886080802e-14
mut_d149277612bd,1. Full Test Suite,895.0,895.0,0.0,0.0,0.07280000000000002,0.07280000000000006,0.0,0.0,,-7.105427357601002e-14
mut_d14d6a9bd5e2,1. Full Test Suite,365.0,365.0,2.0,2.0,4.793700000000005,4.793700000000021,0.0,0.0,100.0,-3.268496584496461e-13
mut_d207c4243342,1. Full Test Suite,895.0,895.0,3.0,3.0,0.07280000000000002,0.07280000000000006,0.0,0.0,100.0,-7.105427357601002e-14
mut_d26e9eb3bbd7,1. Full Test Suite,191.0,191.0,3.0,3.0,2.2197,2.2196999999999987,0.0,0.0,100.0,5.684341886080802e-14
mut_d352bccae750,1. Full Test Suite,365.0,365.0,1.0,1.0,4.793700000000005,4.793700000000021,0.0,0.0,100.0,-3.268496584496461e-13
mut_d3f2e21b70f3,1. Full Test Suite,365.0,365.0,7.0,7.0,4.793700000000005,4.793700000000021,0.0,0.0,100.0,-3.268496584496461e-13
mut_d4bc035cfd69,1. Full Test Suite,191.0,191.0,5.0,5.0,2.2197,2.2196999999999987,0.0,0.0,100.0,5.684341886080802e-14
mut_d5a598e5b5eb,1. Full Test Suite,365.0,365.0,11.0,11.0,4.793700000000005,4.793700000000021,0.0,0.0,100.0,-3.268496584496461e-13
mut_d5bfbcfc6d6b,1. Full Test Suite,365.0,365.0,2.0,2.0,4.793700000000005,4.793700000000021,0.0,0.0,100.0,-3.268496584496461e-13
mut_d64ff7faf9c1,1. Full Test Suite,365.0,365.0,1.0,1.0,4.793700000000005,4.793700000000021,0.0,0.0,100.0,-3.268496584496461e-13
mut_d673496eccfe,1. Full Test Suite,365.0,365.0,2.0,2.0,4.793700000000005,4.793700000000021,0.0,0.0,100.0,-3.268496584496461e-13
mut_d789c421f786,1. Full Test Suite,895.0,895.0,19.0,19.0,0.07280000000000002,0.07280000000000006,0.0,0.0,100.0,-7.105427357601002e-14
mut_d797dded6a37,1. Full Test Suite,895.0,895.0,0.0,0.0,0.07280000000000002,0.07280000000000006,0.0,0.0,,-7.105427357601002e-14
mut_d7a43e9b9b40,1. Full Test Suite,365.0,365.0,28.0,28.0,4.793700000000005,4.793700000000021,0.0,0.0,100.0,-3.268496584496461e-13
mut_d836d44fd367,1. Full Test Suite,365.0,365.0,0.0,0.0,4.793700000000005,4.793700000000021,0.0,0.0,,-3.268496584496461e-13
mut_d83c216c3b08,1. Full Test Suite,365.0,365.0,0.0,0.0,4.793700000000005,4.793700000000021,0.0,0.0,,-3.268496584496461e-13
mut_d89bfe05efd2,1. Full Test Suite,365.0,365.0,2.0,2.0,4.793700000000005,4.793700000000021,0.0,0.0,100.0,-3.268496584496461e-13
mut_d8b117db1a7e,1. Full Test Suite,895.0,895.0,4.0,4.0,0.07280000000000002,0.07280000000000006,0.0,0.0,100.0,-7.105427357601002e-14
mut_d9b13433630a,1. Full Test Suite,895.0,895.0,0.0,0.0,0.07280000000000002,0.07280000000000006,0.0,0.0,,-7.105427357601002e-14
mut_d9fde15d093c,1. Full Test Suite,365.0,365.0,9.0,9.0,4.793700000000005,4.793700000000021,0.0,0.0,100.0,-3.268496584496461e-13
mut_da19bcd92234,1. Full Test Suite,365.0,365.0,8.0,8.0,4.793700000000005,4.793700000000021,0.0,0.0,100.0,-3.268496584496461e-13
mut_da98b4b12d6b,1. Full Test Suite,191.0,191.0,8.0,8.0,2.2197,2.2196999999999987,0.0,0.0,100.0,5.684341886080802e-14
mut_dabe6b6f9797,1. Full Test Suite,191.0,191.0,0.0,0.0,2.2197,2.2196999999999987,0.0,0.0,,5.684341886080802e-14
mut_dae218ee37c9,1. Full Test Suite,365.0,365.0,1.0,1.0,4.793700000000005,4.793700000000021,0.0,0.0,100.0,-3.268496584496461e-13
mut_db0c05c5ba79,1. Full Test Suite,365.0,365.0,3.0,3.0,4.793700000000005,4.793700000000021,0.0,0.0,100.0,-3.268496584496461e-13
mut_db19b9c3be0f,1. Full Test Suite,365.0,365.0,21.0,21.0,4.793700000000005,4.793700000000021,0.0,0.0,100.0,-3.268496584496461e-13
mut_db51e974c4a7,1. Full Test Suite,191.0,191.0,120.0,120.0,2.2197,2.2196999999999987,0.0,0.0,100.0,5.684341886080802e-14
mut_db551481015f,1. Full Test Suite,191.0,191.0,0.0,0.0,2.2197,2.2196999999999987,0.0,0.0,,5.684341886080802e-14
mut_dc11bf9c3112,1. Full Test Suite,191.0,191.0,9.0,9.0,2.2197,2.2196999999999987,0.0,0.0,100.0,5.684341886080802e-14
mut_dc23088c978a,1. Full Test Suite,191.0,191.0,1.0,1.0,2.2197,2.2196999999999987,0.0,0.0,100.0,5.684341886080802e-14
mut_dc56e7048ab7,1. Full Test Suite,365.0,365.0,1.0,1.0,4.793700000000005,4.793700000000021,0.0,0.0,100.0,-3.268496584496461e-13
mut_dcb5286d667c,1. Full Test Suite,895.0,895.0,7.0,7.0,0.07280000000000002,0.07280000000000006,0.0,0.0,100.0,-7.105427357601002e-14
mut_dcbecabbebc7,1. Full Test Suite,895.0,895.0,2.0,2.0,0.07280000000000002,0.07280000000000006,0.0,0.0,100.0,-7.105427357601002e-14
mut_dcf9b24994ae,1. Full Test Suite,191.0,191.0,2.0,2.0,2.2197,2.2196999999999987,0.0,0.0,100.0,5.684341886080802e-14
mut_dd2029779d86,1. Full Test Suite,895.0,895.0,14.0,14.0,0.07280000000000002,0.07280000000000006,0.0,0.0,100.0,-7.105427357601002e-14
mut_dd8be6e5d67d,1. Full Test Suite,365.0,365.0,155.0,155.0,4.793700000000005,4.793700000000021,0.0,0.0,100.0,-3.268496584496461e-13
mut_ddffa913284a,1. Full Test Suite,895.0,895.0,7.0,7.0,0.07280000000000002,0.07280000000000006,0.0,0.0,100.0,-7.105427357601002e-14
mut_de07db6d0354,1. Full Test Suite,895.0,895.0,73.0,73.0,0.07280000000000002,0.07280000000000006,0.0,0.0,100.0,-7.105427357601002e-14
mut_de080396a033,1. Full Test Suite,191.0,191.0,0.0,0.0,2.2197,2.2196999999999987,0.0,0.0,,5.684341886080802e-14
mut_de0cd1debe22,1. Full Test Suite,191.0,191.0,0.0,0.0,2.2197,2.2196999999999987,0.0,0.0,,5.684341886080802e-14
mut_de3d54f93612,1. Full Test Suite,895.0,895.0,0.0,0.0,0.07280000000000002,0.07280000000000006,0.0,0.0,,-7.105427357601002e-14
mut_de45f3060556,1. Full Test Suite,507.0,507.0,24.0,24.0,3.8465999999999636,3.8465999999999925,0.0,0.0,100.0,-7.531752999057062e-13
mut_de93611a8255,1. Full Test Suite,191.0,191.0,0.0,0.0,2.2197,2.2196999999999987,0.0,0.0,,5.684341886080802e-14
mut_deb25f418ef6,1. Full Test Suite,895.0,895.0,1.0,1.0,0.07280000000000002,0.07280000000000006,0.0,0.0,100.0,-7.105427357601002e-14
mut_dfe7bf887980,1. Full Test Suite,507.0,507.0,12.0,12.0,3.8465999999999636,3.8465999999999925,0.0,0.0,100.0,-7.531752999057062e-13
mut_e04304803276,1. Full Test Suite,191.0,191.0,73.0,73.0,2.2197,2.2196999999999987,0.0,0.0,100.0,5.684341886080802e-14
mut_e0478e596d43,1. Full Test Suite,191.0,191.0,2.0,2.0,2.2197,2.2196999999999987,0.0,0.0,100.0,5.684341886080802e-14
mut_e083a55a6bb5,1. Full Test Suite,895.0,895.0,43.0,43.0,0.07280000000000002,0.07280000000000006,0.0,0.0,100.0,-7.105427357601002e-14
mut_e1182c8943ba,1. Full Test Suite,507.0,507.0,0.0,0.0,3.8465999999999636,3.8465999999999925,0.0,0.0,,-7.531752999057062e-13
mut_e1507a2cf092,1. Full Test Suite,191.0,191.0,0.0,0.0,2.2197,2.2196999999999987,0.0,0.0,,5.684341886080802e-14
mut_e17221f2b716,1. Full Test Suite,507.0,507.0,0.0,0.0,3.8465999999999636,3.8465999999999925,0.0,0.0,,-7.531752999057062e-13
mut_e1a29b361e0f,1. Full Test Suite,507.0,507.0,1.0,1.0,3.8465999999999636,3.8465999999999925,0.0,0.0,100.0,-7.531752999057062e-13
mut_e1c2d8def0d5,1. Full Test Suite,365.0,365.0,5.0,5.0,4.793700000000005,4.793700000000021,0.0,0.0,100.0,-3.268496584496461e-13
mut_e281f9de1ee8,1. Full Test Suite,507.0,507.0,0.0,0.0,3.8465999999999636,3.8465999999999925,0.0,0.0,,-7.531752999057062e-13
mut_e2adab202593,1. Full Test Suite,191.0,191.0,0.0,0.0,2.2197,2.2196999999999987,0.0,0.0,,5.684341886080802e-14
mut_e30b35af2f88,1. Full Test Suite,191.0,191.0,56.0,56.0,2.2197,2.2196999999999987,0.0,0.0,100.0,5.684341886080802e-14
mut_e32189bcd2c9,1. Full Test Suite,507.0,507.0,9.0,9.0,3.8465999999999636,3.8465999999999925,0.0,0.0,100.0,-7.531752999057062e-13
mut_e366b4b855c3,1. Full Test Suite,895.0,895.0,0.0,0.0,0.07280000000000002,0.07280000000000006,0.0,0.0,,-7.105427357601002e-14
mut_e451fed246dc,1. Full Test Suite,191.0,191.0,1.0,1.0,2.2197,2.2196999999999987,0.0,0.0,100.0,5.684341886080802e-14
mut_e4a7ee5b9f27,1. Full Test Suite,507.0,507.0,90.0,90.0,3.8465999999999636,3.8465999999999925,0.0,0.0,100.0,-7.531752999057062e-13
mut_e540b63f1c85,1. Full Test Suite,507.0,507.0,4.0,4.0,3.8465999999999636,3.8465999999999925,0.0,0.0,100.0,-7.531752999057062e-13
mut_e598ed37661f,1. Full Test Suite,191.0,191.0,8.0,8.0,2.2197,2.2196999999999987,0.0,0.0,100.0,5.684341886080802e-14
mut_e5e6b23d189f,1. Full Test Suite,191.0,191.0,8.0,8.0,2.2197,2.2196999999999987,0.0,0.0,100.0,5.684341886080802e-14
mut_e63ee744d58d,1. Full Test Suite,365.0,365.0,5.0,5.0,4.793700000000005,4.793700000000021,0.0,0.0,100.0,-3.268496584496461e-13
mut_e684824e8436,1. Full Test Suite,507.0,507.0,2.0,2.0,3.8465999999999636,3.8465999999999925,0.0,0.0,100.0,-7.531752999057062e-13
mut_e695af362c3b,1. Full Test Suite,895.0,895.0,4.0,4.0,0.07280000000000002,0.07280000000000006,0.0,0.0,100.0,-7.105427357601002e-14
mut_e6f99fe59835,1. Full Test Suite,365.0,365.0,20.0,20.0,4.793700000000005,4.793700000000021,0.0,0.0,100.0,-3.268496584496461e-13
mut_e6f9c95fe4b4,1. Full Test Suite,191.0,191.0,3.0,3.0,2.2197,2.2196999999999987,0.0,0.0,100.0,5.684341886080802e-14
mut_e77e3c1a382e,1. Full Test Suite,895.0,895.0,2.0,2.0,0.07280000000000002,0.07280000000000006,0.0,0.0,100.0,-7.105427357601002e-14
mut_e79763fc7b17,1. Full Test Suite,365.0,365.0,47.0,47.0,4.793700000000005,4.793700000000021,0.0,0.0,100.0,-3.268496584496461e-13
mut_e840ceefe4b7,1. Full Test Suite,895.0,895.0,1.0,1.0,0.07280000000000002,0.07280000000000006,0.0,0.0,100.0,-7.105427357601002e-14
mut_e84137c4f7b7,1. Full Test Suite,507.0,507.0,1.0,1.0,3.8465999999999636,3.8465999999999925,0.0,0.0,100.0,-7.531752999057062e-13
mut_e86b7cdde967,1. Full Test Suite,507.0,507.0,1.0,1.0,3.8465999999999636,3.8465999999999925,0.0,0.0,100.0,-7.531752999057062e-13
mut_e8a9e14532e3,1. Full Test Suite,895.0,895.0,0.0,0.0,0.07280000000000002,0.07280000000000006,0.0,0.0,,-7.105427357601002e-14
mut_e8b75853d281,1. Full Test Suite,507.0,507.0,4.0,4.0,3.8465999999999636,3.8465999999999925,0.0,0.0,100.0,-7.531752999057062e-13
mut_e8e969479d19,1. Full Test Suite,507.0,507.0,0.0,0.0,3.8465999999999636,3.8465999999999925,0.0,0.0,,-7.531752999057062e-13
mut_e8f51e73dd46,1. Full Test Suite,191.0,191.0,2.0,2.0,2.2197,2.2196999999999987,0.0,0.0,100.0,5.684341886080802e-14
mut_e9300e1564b7,1. Full Test Suite,365.0,365.0,2.0,2.0,4.793700000000005,4.793700000000021,0.0,0.0,100.0,-3.268496584496461e-13
mut_e9dd4aa61447,1. Full Test Suite,365.0,365.0,45.0,45.0,4.793700000000005,4.793700000000021,0.0,0.0,100.0,-3.268496584496461e-13
mut_e9f268f6ceae,1. Full Test Suite,895.0,895.0,0.0,0.0,0.07280000000000002,0.07280000000000006,0.0,0.0,,-7.105427357601002e-14
mut_eb30b583ee7e,1. Full Test Suite,349.0,349.0,68.0,68.0,2.321400000000014,2.321399999999999,0.0,0.0,100.0,6.536993168992922e-13
mut_ec0d392814db,1. Full Test Suite,507.0,507.0,37.0,37.0,3.8465999999999636,3.8465999999999925,0.0,0.0,100.0,-7.531752999057062e-13
mut_ec1d454c6747,1. Full Test Suite,507.0,507.0,2.0,2.0,3.8465999999999636,3.8465999999999925,0.0,0.0,100.0,-7.531752999057062e-13
mut_ec28ba8ea5d6,1. Full Test Suite,365.0,365.0,2.0,2.0,4.793700000000005,4.793700000000021,0.0,0.0,100.0,-3.268496584496461e-13
mut_ecaed389765b,1. Full Test Suite,507.0,507.0,3.0,3.0,3.8465999999999636,3.8465999999999925,0.0,0.0,100.0,-7.531752999057062e-13
mut_ecb13c489ff3,1. Full Test Suite,507.0,507.0,92.0,92.0,3.8465999999999636,3.8465999999999925,0.0,0.0,100.0,-7.531752999057062e-13
mut_ecbc76dc1646,1. Full Test Suite,895.0,895.0,0.0,0.0,0.07280000000000002,0.07280000000000006,0.0,0.0,,-7.105427357601002e-14
mut_ed4d1bdaa59e,1. Full Test Suite,895.0,895.0,0.0,0.0,0.07280000000000002,0.07280000000000006,0.0,0.0,,-7.105427357601002e-14
mut_ed9e5f0b9b69,1. Full Test Suite,895.0,895.0,3.0,3.0,0.07280000000000002,0.07280000000000006,0.0,0.0,100.0,-7.105427357601002e-14
mut_edda2e070d47,1. Full Test Suite,507.0,507.0,2.0,2.0,3.8465999999999636,3.8465999999999925,0.0,0.0,100.0,-7.531752999057062e-13
mut_ee21a9b323b3,1. Full Test Suite,895.0,895.0,4.0,4.0,0.07280000000000002,0.07280000000000006,0.0,0.0,100.0,-7.105427357601002e-14
mut_ee6f2cc70cef,1. Full Test Suite,349.0,349.0,52.0,52.0,2.321400000000014,2.321399999999999,0.0,0.0,100.0,6.536993168992922e-13
mut_ee813226383c,1. Full Test Suite,895.0,895.0,0.0,0.0,0.07280000000000002,0.07280000000000006,0.0,0.0,,-7.105427357601002e-14
mut_eea66e82ba39,1. Full Test Suite,895.0,895.0,0.0,0.0,0.07280000000000002,0.07280000000000006,0.0,0.0,,-7.105427357601002e-14
mut_eeee9e9a5f8f,1. Full Test Suite,349.0,349.0,2.0,2.0,2.321400000000014,2.321399999999999,0.0,0.0,100.0,6.536993168992922e-13
mut_ef2e652b5cd6,1. Full Test Suite,365.0,365.0,0.0,0.0,4.793700000000005,4.793700000000021,0.0,0.0,,-3.268496584496461e-13
mut_ef3ec1969ca8,1. Full Test Suite,507.0,507.0,0.0,0.0,3.8465999999999636,3.8465999999999925,0.0,0.0,,-7.531752999057062e-13
mut_ef55ac592d94,1. Full Test Suite,349.0,349.0,2.0,2.0,2.321400000000014,2.321399999999999,0.0,0.0,100.0,6.536993168992922e-13
mut_ef5ae42fef7e,1. Full Test Suite,349.0,349.0,3.0,3.0,2.321400000000014,2.321399999999999,0.0,0.0,100.0,6.536993168992922e-13
mut_ef68dbeea99f,1. Full Test Suite,191.0,191.0,0.0,0.0,2.2197,2.2196999999999987,0.0,0.0,,5.684341886080802e-14
mut_ef77608e9963,1. Full Test Suite,349.0,349.0,5.0,5.0,2.321400000000014,2.321399999999999,0.0,0.0,100.0,6.536993168992922e-13
mut_efd43e5ff379,1. Full Test Suite,365.0,365.0,1.0,1.0,4.793700000000005,4.793700000000021,0.0,0.0,100.0,-3.268496584496461e-13
mut_efee4bf9e8a0,1. Full Test Suite,365.0,365.0,64.0,64.0,4.793700000000005,4.793700000000021,0.0,0.0,100.0,-3.268496584496461e-13
mut_eff8901c9a2f,1. Full Test Suite,365.0,365.0,5.0,5.0,4.793700000000005,4.793700000000021,0.0,0.0,100.0,-3.268496584496461e-13
mut_f090362342f3,1. Full Test Suite,895.0,895.0,0.0,0.0,0.07280000000000002,0.07280000000000006,0.0,0.0,,-7.105427357601002e-14
mut_f0c31847ee45,1. Full Test Suite,191.0,191.0,16.0,16.0,2.2197,2.2196999999999987,0.0,0.0,100.0,5.684341886080802e-14
mut_f11fd8798731,1. Full Test Suite,365.0,365.0,39.0,39.0,4.793700000000005,4.793700000000021,0.0,0.0,100.0,-3.268496584496461e-13
mut_f14a2d9d7381,1. Full Test Suite,349.0,349.0,4.0,4.0,2.321400000000014,2.321399999999999,0.0,0.0,100.0,6.536993168992922e-13
mut_f14adc221828,1. Full Test Suite,895.0,895.0,40.0,40.0,0.07280000000000002,0.07280000000000006,0.0,0.0,100.0,-7.105427357601002e-14
mut_f1510c477b77,1. Full Test Suite,365.0,365.0,25.0,25.0,4.793700000000005,4.793700000000021,0.0,0.0,100.0,-3.268496584496461e-13
mut_f1691d1bf5e2,1. Full Test Suite,365.0,365.0,24.0,24.0,4.793700000000005,4.793700000000021,0.0,0.0,100.0,-3.268496584496461e-13
mut_f1b08f78c308,1. Full Test Suite,365.0,365.0,12.0,12.0,4.793700000000005,4.793700000000021,0.0,0.0,100.0,-3.268496584496461e-13
mut_f2146d8bf14a,1. Full Test Suite,349.0,349.0,0.0,0.0,2.321400000000014,2.321399999999999,0.0,0.0,,6.536993168992922e-13
mut_f23c3fd076fb,1. Full Test Suite,349.0,349.0,2.0,2.0,2.321400000000014,2.321399999999999,0.0,0.0,100.0,6.536993168992922e-13
mut_f2f41ed26fd9,1. Full Test Suite,365.0,365.0,22.0,22.0,4.793700000000005,4.793700000000021,0.0,0.0,100.0,-3.268496584496461e-13
mut_f2fbb8b10761,1. Full Test Suite,191.0,191.0,17.0,17.0,2.2197,2.2196999999999987,0.0,0.0,100.0,5.684341886080802e-14
mut_f310d6be9786,1. Full Test Suite,365.0,365.0,68.0,68.0,4.793700000000005,4.793700000000021,0.0,0.0,100.0,-3.268496584496461e-13
mut_f37e77045099,1. Full Test Suite,349.0,349.0,0.0,0.0,2.321400000000014,2.321399999999999,0.0,0.0,,6.536993168992922e-13
mut_f3a9789e0bc0,1. Full Test Suite,507.0,507.0,0.0,0.0,3.8465999999999636,3.8465999999999925,0.0,0.0,,-7.531752999057062e-13
mut_f3d469a1a06c,1. Full Test Suite,507.0,507.0,178.0,178.0,3.8465999999999636,3.8465999999999925,0.0,0.0,100.0,-7.531752999057062e-13
mut_f3f4f8e28edf,1. Full Test Suite,365.0,365.0,4.0,4.0,4.793700000000005,4.793700000000021,0.0,0.0,100.0,-3.268496584496461e-13
mut_f489b8cff73f,1. Full Test Suite,191.0,191.0,0.0,0.0,2.2197,2.2196999999999987,0.0,0.0,,5.684341886080802e-14
mut_f4a038057e54,1. Full Test Suite,349.0,349.0,179.0,179.0,2.321400000000014,2.321399999999999,0.0,0.0,100.0,6.536993168992922e-13
mut_f4c73147e9af,1. Full Test Suite,895.0,895.0,0.0,0.0,0.07280000000000002,0.07280000000000006,0.0,0.0,,-7.105427357601002e-14
mut_f4d6b2ad1e1c,1. Full Test Suite,507.0,507.0,9.0,9.0,3.8465999999999636,3.8465999999999925,0.0,0.0,100.0,-7.531752999057062e-13
mut_f4e26f1d8b05,1. Full Test Suite,895.0,895.0,8.0,8.0,0.07280000000000002,0.07280000000000006,0.0,0.0,100.0,-7.105427357601002e-14
mut_f584f6b9da37,1. Full Test Suite,349.0,349.0,7.0,7.0,2.321400000000014,2.321399999999999,0.0,0.0,100.0,6.536993168992922e-13
mut_f58e4bd61135,1. Full Test Suite,349.0,349.0,3.0,3.0,2.321400000000014,2.321399999999999,0.0,0.0,100.0,6.536993168992922e-13
mut_f5b94d22319e,1. Full Test Suite,507.0,507.0,1.0,1.0,3.8465999999999636,3.8465999999999925,0.0,0.0,100.0,-7.531752999057062e-13
mut_f5cbb94c9f6d,1. Full Test Suite,191.0,191.0,0.0,0.0,2.2197,2.2196999999999987,0.0,0.0,,5.684341886080802e-14
mut_f5edfd2c8d26,1. Full Test Suite,507.0,507.0,0.0,0.0,3.8465999999999636,3.8465999999999925,0.0,0.0,,-7.531752999057062e-13
mut_f657c1e78461,1. Full Test Suite,349.0,349.0,3.0,3.0,2.321400000000014,2.321399999999999,0.0,0.0,100.0,6.536993168992922e-13
mut_f6d3d796a500,1. Full Test Suite,895.0,895.0,0.0,0.0,0.07280000000000002,0.07280000000000006,0.0,0.0,,-7.105427357601002e-14
mut_f726806a29dd,1. Full Test Suite,365.0,365.0,127.0,127.0,4.793700000000005,4.793700000000021,0.0,0.0,100.0,-3.268496584496461e-13
mut_f81ebf6603d2,1. Full Test Suite,191.0,191.0,1.0,1.0,2.2197,2.2196999999999987,0.0,0.0,100.0,5.684341886080802e-14
mut_f851c9c08a7b,1. Full Test Suite,349.0,349.0,68.0,68.0,2.321400000000014,2.321399999999999,0.0,0.0,100.0,6.536993168992922e-13
mut_f85ae10d679a,1. Full Test Suite,191.0,191.0,17.0,17.0,2.2197,2.2196999999999987,0.0,0.0,100.0,5.684341886080802e-14
mut_f87aba4bda98,1. Full Test Suite,895.0,895.0,2.0,2.0,0.07280000000000002,0.07280000000000006,0.0,0.0,100.0,-7.105427357601002e-14
mut_f8c65688bc5f,1. Full Test Suite,365.0,365.0,4.0,4.0,4.793700000000005,4.793700000000021,0.0,0.0,100.0,-3.268496584496461e-13
mut_f8da1dc96e6e,1. Full Test Suite,349.0,349.0,0.0,0.0,2.321400000000014,2.321399999999999,0.0,0.0,,6.536993168992922e-13
mut_f8dc35c233f1,1. Full Test Suite,895.0,895.0,2.0,2.0,0.07280000000000002,0.07280000000000006,0.0,0.0,100.0,-7.105427357601002e-14
mut_f8e011568a6e,1. Full Test Suite,349.0,349.0,6.0,6.0,2.321400000000014,2.321399999999999,0.0,0.0,100.0,6.536993168992922e-13
mut_f90d8b063f24,1. Full Test Suite,349.0,349.0,4.0,4.0,2.321400000000014,2.321399999999999,0.0,0.0,100.0,6.536993168992922e-13
mut_f955c7586f9e,1. Full Test Suite,349.0,349.0,0.0,0.0,2.321400000000014,2.321399999999999,0.0,0.0,,6.536993168992922e-13
mut_f9a092a9f938,1. Full Test Suite,349.0,349.0,2.0,2.0,2.321400000000014,2.321399999999999,0.0,0.0,100.0,6.536993168992922e-13
mut_f9fa994b822d,1. Full Test Suite,895.0,895.0,0.0,0.0,0.07280000000000002,0.07280000000000006,0.0,0.0,,-7.105427357601002e-14
mut_fa9c05c3dc3f,1. Full Test Suite,365.0,365.0,7.0,7.0,4.793700000000005,4.793700000000021,0.0,0.0,100.0,-3.268496584496461e-13
mut_fb34793e6bc2,1. Full Test Suite,507.0,507.0,1.0,1.0,3.8465999999999636,3.8465999999999925,0.0,0.0,100.0,-7.531752999057062e-13
mut_fb82d8a971b1,1. Full Test Suite,191.0,191.0,0.0,0.0,2.2197,2.2196999999999987,0.0,0.0,,5.684341886080802e-14
mut_fbbac85b0bd0,1. Full Test Suite,365.0,365.0,0.0,0.0,4.793700000000005,4.793700000000021,0.0,0.0,,-3.268496584496461e-13
mut_fc0de64fdbc8,1. Full Test Suite,191.0,191.0,0.0,0.0,2.2197,2.2196999999999987,0.0,0.0,,5.684341886080802e-14
mut_fc46fb835319,1. Full Test Suite,895.0,895.0,0.0,0.0,0.07280000000000002,0.07280000000000006,0.0,0.0,,-7.105427357601002e-14
mut_fc5453ad45d2,1. Full Test Suite,507.0,507.0,1.0,1.0,3.8465999999999636,3.8465999999999925,0.0,0.0,100.0,-7.531752999057062e-13
mut_fcb8db64c2f7,1. Full Test Suite,349.0,349.0,3.0,3.0,2.321400000000014,2.321399999999999,0.0,0.0,100.0,6.536993168992922e-13
mut_fd6d192d4ae0,1. Full Test Suite,349.0,349.0,7.0,7.0,2.321400000000014,2.321399999999999,0.0,0.0,100.0,6.536993168992922e-13
mut_fd93fa7458fb,1. Full Test Suite,365.0,365.0,12.0,12.0,4.793700000000005,4.793700000000021,0.0,0.0,100.0,-3.268496584496461e-13
mut_fdb18ceaea36,1. Full Test Suite,365.0,365.0,18.0,18.0,4.793700000000005,4.793700000000021,0.0,0.0,100.0,-3.268496584496461e-13
mut_fdb31bfe1c24,1. Full Test Suite,507.0,507.0,6.0,6.0,3.8465999999999636,3.8465999999999925,0.0,0.0,100.0,-7.531752999057062e-13
mut_fde4d99d3e85,1. Full Test Suite,507.0,507.0,5.0,5.0,3.8465999999999636,3.8465999999999925,0.0,0.0,100.0,-7.531752999057062e-13
mut_fe1b183af319,1. Full Test Suite,191.0,191.0,0.0,0.0,2.2197,2.2196999999999987,0.0,0.0,,5.684341886080802e-14
mut_fe376be4072e,1. Full Test Suite,365.0,365.0,2.0,2.0,4.793700000000005,4.793700000000021,0.0,0.0,100.0,-3.268496584496461e-13
mut_fe3c798182db,1. Full Test Suite,349.0,349.0,231.0,231.0,2.321400000000014,2.321399999999999,0.0,0.0,100.0,6.536993168992922e-13
mut_fe89d5200881,1. Full Test Suite,349.0,349.0,11.0,11.0,2.321400000000014,2.321399999999999,0.0,0.0,100.0,6.536993168992922e-13
mut_fee332bc2d2a,1. Full Test Suite,349.0,349.0,25.0,25.0,2.321400000000014,2.321399999999999,0.0,0.0,100.0,6.536993168992922e-13
mut_ff7fe202d04c,1. Full Test Suite,191.0,191.0,7.0,7.0,2.2197,2.2196999999999987,0.0,0.0,100.0,5.684341886080802e-14
mut_ff96a6ac2906,1. Full Test Suite,507.0,507.0,385.0,385.0,3.8465999999999636,3.8465999999999925,0.0,0.0,100.0,-7.531752999057062e-13
mut_ffcd0da5bf30,1. Full Test Suite,349.0,349.0,4.0,4.0,2.321400000000014,2.321399999999999,0.0,0.0,100.0,6.536993168992922e-13
mut_caa015827517,2. Random-k Selection,895.0,223.0,0.0,0.0,0.07280000000000002,0.010199999999999999,0.0,0.0,,85.98901098901099
mut_cb44bb46eca3,2. Random-k Selection,191.0,47.0,92.0,25.0,2.2197,0.5834999999999999,0.0,1.0,27.173913043478258,73.71266387349642
mut_ccbba32ee6f5,2. Random-k Selection,191.0,47.0,1.0,0.0,2.2197,0.5246000000000002,0.0,1.0,0.0,76.36617560931657
mut_ce0d69e89f0f,2. Random-k Selection,191.0,47.0,27.0,8.0,2.2197,0.5848,0.0,1.0,29.629629629629626,73.65409740054963
mut_ce5097a8bae4,2. Random-k Selection,895.0,223.0,1.0,0.0,0.07280000000000002,0.0398,0.0,1.0,0.0,45.329670329670336
mut_ce8ebe6857fe,2. Random-k Selection,895.0,223.0,13.0,4.0,0.07280000000000002,0.009999999999999998,0.0,1.0,30.76923076923077,86.26373626373626
mut_ce961ebfbe8a,2. Random-k Selection,191.0,47.0,0.0,0.0,2.2197,0.5025,0.0,0.0,,77.36180564941208
mut_cf304955ef3c,2. Random-k Selection,895.0,223.0,0.0,0.0,0.07280000000000002,0.012100000000000001,0.0,0.0,,83.37912087912088
mut_cf6c963757ed,2. Random-k Selection,895.0,223.0,3.0,0.0,0.07280000000000002,0.011799999999999998,0.0,1.0,0.0,83.7912087912088
mut_cf79a6d39691,2. Random-k Selection,895.0,223.0,2.0,0.0,0.07280000000000002,0.011199999999999998,0.0,1.0,0.0,84.61538461538463
mut_d0624774f95c,2. Random-k Selection,191.0,47.0,41.0,10.0,2.2197,0.34170000000000006,0.0,1.0,24.390243902439025,84.60602784160021
mut_d0b1a5c53c7a,2. Random-k Selection,895.0,223.0,19.0,2.0,0.07280000000000002,0.0184,0.0,1.0,10.526315789473683,74.72527472527473
mut_d0e704dbbf55,2. Random-k Selection,191.0,47.0,21.0,5.0,2.2197,0.5704999999999999,0.0,1.0,23.809523809523807,74.29832860296438
mut_d0f4efae548f,2. Random-k Selection,365.0,91.0,0.0,0.0,4.793700000000005,0.3728000000000001,0.0,0.0,,92.22312618645306
mut_d0f91c149491,2. Random-k Selection,895.0,223.0,8.0,1.0,0.07280000000000002,0.0361,0.0,1.0,12.5,50.41208791208792
mut_d14847af1de6,2. Random-k Selection,191.0,47.0,7.0,2.0,2.2197,0.5029000000000001,0.0,1.0,28.57142857142857,77.34378519619767
mut_d149277612bd,2. Random-k Selection,895.0,223.0,0.0,0.0,0.07280000000000002,0.0070999999999999995,0.0,0.0,,90.24725274725274
mut_d14d6a9bd5e2,2. Random-k Selection,365.0,91.0,2.0,0.0,4.793700000000005,0.2157,0.0,1.0,0.0,95.50034420176482
mut_d207c4243342,2. Random-k Selection,895.0,223.0,3.0,1.0,0.07280000000000002,0.0125,0.0,1.0,33.33333333333333,82.82967032967034
mut_d26e9eb3bbd7,2. Random-k Selection,191.0,47.0,3.0,0.0,2.2197,0.6286,0.0,1.0,0.0,71.680857773573
mut_d352bccae750,2. Random-k Selection,365.0,91.0,1.0,0.0,4.793700000000005,0.07120000000000003,0.0,1.0,0.0,98.51471723303503
mut_d3f2e21b70f3,2. Random-k Selection,365.0,91.0,7.0,1.0,4.793700000000005,0.1628,0.0,1.0,14.285714285714285,96.60387592047897
mut_d4bc035cfd69,2. Random-k Selection,191.0,47.0,5.0,3.0,2.2197,0.444,0.0,1.0,60.0,79.99729693201783
mut_d5a598e5b5eb,2. Random-k Selection,365.0,91.0,11.0,3.0,4.793700000000005,2.1755,0.0,1.0,27.27272727272727,54.61751882679354
mut_d5bfbcfc6d6b,2. Random-k Selection,365.0,91.0,2.0,0.0,4.793700000000005,0.2575,0.0,1.0,0.0,94.62836639756347
mut_d64ff7faf9c1,2. Random-k Selection,365.0,91.0,1.0,0.0,4.793700000000005,0.3582,0.0,1.0,0.0,92.52769259653296
mut_d673496eccfe,2. Random-k Selection,365.0,91.0,2.0,0.0,4.793700000000005,0.33980000000000005,0.0,1.0,0.0,92.9115297160857
mut_d789c421f786,2. Random-k Selection,895.0,223.0,19.0,0.0,0.07280000000000002,0.0161,0.0,1.0,0.0,77.88461538461539
mut_d797dded6a37,2. Random-k Selection,895.0,223.0,0.0,0.0,0.07280000000000002,0.0145,0.0,0.0,,80.08241758241759
mut_d7a43e9b9b40,2. Random-k Selection,365.0,91.0,28.0,7.0,4.793700000000005,2.1263,0.0,1.0,25.0,55.64386590733675
mut_d836d44fd367,2. Random-k Selection,365.0,91.0,0.0,0.0,4.793700000000005,0.2523,0.0,0.0,,94.73684210526316
mut_d83c216c3b08,2. Random-k Selection,365.0,91.0,0.0,0.0,4.793700000000005,2.272,0.0,0.0,,52.60446002044355
mut_d89bfe05efd2,2. Random-k Selection,365.0,91.0,2.0,0.0,4.793700000000005,2.1293,0.0,1.0,0.0,55.581283768279235
mut_d8b117db1a7e,2. Random-k Selection,895.0,223.0,4.0,2.0,0.07280000000000002,0.038500000000000006,0.0,1.0,50.0,47.11538461538461
mut_d9b13433630a,2. Random-k Selection,895.0,223.0,0.0,0.0,0.07280000000000002,0.0112,0.0,0.0,,84.61538461538461
mut_d9fde15d093c,2. Random-k Selection,365.0,91.0,9.0,2.0,4.793700000000005,0.22999999999999998,0.0,1.0,22.22222222222222,95.20203600559067
mut_da19bcd92234,2. Random-k Selection,365.0,91.0,8.0,1.0,4.793700000000005,0.26310000000000006,0.0,1.0,12.5,94.51154640465612
mut_da98b4b12d6b,2. Random-k Selection,191.0,47.0,8.0,3.0,2.2197,0.40840000000000004,0.0,1.0,37.5,81.60111726809929
mut_dabe6b6f9797,2. Random-k Selection,191.0,47.0,0.0,0.0,2.2197,0.5126999999999999,0.0,0.0,,76.90228409244493
mut_dae218ee37c9,2. Random-k Selection,365.0,91.0,1.0,0.0,4.793700000000005,0.2326,0.0,1.0,0.0,95.14779815174083
mut_db0c05c5ba79,2. Random-k Selection,365.0,91.0,3.0,1.0,4.793700000000005,0.2619000000000001,0.0,1.0,33.33333333333333,94.53657926027913
mut_db19b9c3be0f,2. Random-k Selection,365.0,91.0,21.0,3.0,4.793700000000005,0.1404,0.0,1.0,14.285714285714285,97.0711558921084
mut_db51e974c4a7,2. Random-k Selection,191.0,47.0,120.0,34.0,2.2197,0.8576000000000004,0.0,1.0,28.333333333333332,61.36414830832994
mut_db551481015f,2. Random-k Selection,191.0,47.0,0.0,0.0,2.2197,0.8141999999999999,0.0,0.0,,63.319367482092176
mut_dc11bf9c3112,2. Random-k Selection,191.0,47.0,9.0,1.0,2.2197,0.6286,0.0,1.0,11.11111111111111,71.680857773573
mut_dc23088c978a,2. Random-k Selection,191.0,47.0,1.0,1.0,2.2197,0.7259000000000001,0.0,0.0,100.0,67.2973825291706
mut_dc56e7048ab7,2. Random-k Selection,365.0,91.0,1.0,0.0,4.793700000000005,0.1269,0.0,1.0,0.0,97.3527755178672
mut_dcb5286d667c,2. Random-k Selection,895.0,223.0,7.0,3.0,0.07280000000000002,0.013399999999999997,0.0,1.0,42.857142857142854,81.5934065934066
mut_dcbecabbebc7,2. Random-k Selection,895.0,223.0,2.0,0.0,0.07280000000000002,0.015100000000000002,0.0,1.0,0.0,79.25824175824175
mut_dcf9b24994ae,2. Random-k Selection,191.0,47.0,2.0,0.0,2.2197,0.5771999999999999,0.0,1.0,0.0,73.9964860116232
mut_dd2029779d86,2. Random-k Selection,895.0,223.0,14.0,6.0,0.07280000000000002,0.009,0.0,1.0,42.857142857142854,87.63736263736264
mut_dd8be6e5d67d,2. Random-k Selection,365.0,91.0,155.0,33.0,4.793700000000005,0.14800000000000005,0.0,1.0,21.29032258064516,96.91261447316269
mut_ddffa913284a,2. Random-k Selection,895.0,223.0,7.0,3.0,0.07280000000000002,0.0154,0.0,1.0,42.857142857142854,78.84615384615385
mut_de07db6d0354,2. Random-k Selection,895.0,223.0,73.0,20.0,0.07280000000000002,0.0388,0.0,1.0,27.397260273972602,46.703296703296715
mut_de080396a033,2. Random-k Selection,191.0,47.0,0.0,0.0,2.2197,0.4301,0.0,0.0,,80.62350768121819
mut_de0cd1debe22,2. Random-k Selection,191.0,47.0,0.0,0.0,2.2197,0.6441999999999999,0.0,0.0,,70.97806009821147
mut_de3d54f93612,2. Random-k Selection,895.0,223.0,0.0,0.0,0.07280000000000002,0.015200000000000002,0.0,0.0,,79.12087912087912
mut_de45f3060556,2. Random-k Selection,507.0,126.0,24.0,6.0,3.8465999999999636,1.589999999999999,0.0,1.0,25.0,58.664794883793114
mut_de93611a8255,2. Random-k Selection,191.0,47.0,0.0,0.0,2.2197,0.6164000000000002,0.0,0.0,,72.23048159661215
mut_deb25f418ef6,2. Random-k Selection,895.0,223.0,1.0,0.0,0.07280000000000002,0.0382,0.0,1.0,0.0,47.52747252747255
mut_dfe7bf887980,2. Random-k Selection,507.0,126.0,12.0,4.0,3.8465999999999636,0.3031000000000001,0.0,1.0,33.33333333333333,92.12031404357087
mut_e04304803276,2. Random-k Selection,191.0,47.0,73.0,17.0,2.2197,0.5797000000000001,0.0,1.0,23.28767123287671,73.8838581790332
mut_e0478e596d43,2. Random-k Selection,191.0,47.0,2.0,1.0,2.2197,0.7901999999999999,0.0,1.0,50.0,64.40059467495608
mut_e083a55a6bb5,2. Random-k Selection,895.0,223.0,43.0,15.0,0.07280000000000002,0.014700000000000001,0.0,1.0,34.883720930232556,79.8076923076923
mut_e1182c8943ba,2. Random-k Selection,507.0,126.0,0.0,0.0,3.8465999999999636,0.6782000000000005,0.0,0.0,,82.368845213955
mut_e1507a2cf092,2. Random-k Selection,191.0,47.0,0.0,0.0,2.2197,0.6390000000000001,0.0,0.0,,71.21232598999865
mut_e17221f2b716,2. Random-k Selection,507.0,126.0,0.0,0.0,3.8465999999999636,0.6619,0.0,0.0,,82.79259605885701
mut_e1a29b361e0f,2. Random-k Selection,507.0,126.0,1.0,0.0,3.8465999999999636,0.6498,0.0,1.0,0.0,83.10715956948978
mut_e1c2d8def0d5,2. Random-k Selection,365.0,91.0,5.0,1.0,4.793700000000005,2.186700000000001,0.0,1.0,20.0,54.38387884097881
mut_e281f9de1ee8,2. Random-k Selection,507.0,126.0,0.0,0.0,3.8465999999999636,1.1662999999999997,0.0,0.0,,69.67971715281
mut_e2adab202593,2. Random-k Selection,191.0,47.0,0.0,0.0,2.2197,0.7009000000000001,0.0,0.0,,68.4236608550705
mut_e30b35af2f88,2. Random-k Selection,191.0,47.0,56.0,13.0,2.2197,0.5105000000000002,0.0,1.0,23.214285714285715,77.00139658512411
mut_e32189bcd2c9,2. Random-k Selection,507.0,126.0,9.0,1.0,3.8465999999999636,2.2739999999999934,0.0,1.0,11.11111111111111,40.88285758851935
mut_e366b4b855c3,2. Random-k Selection,895.0,223.0,0.0,0.0,0.07280000000000002,0.0134,0.0,0.0,,81.5934065934066
mut_e451fed246dc,2. Random-k Selection,191.0,47.0,1.0,1.0,2.2197,0.42360000000000014,0.0,0.0,100.0,80.91634004595215
mut_e4a7ee5b9f27,2. Random-k Selection,507.0,126.0,90.0,22.0,3.8465999999999636,0.3925000000000001,0.0,1.0,24.444444444444443,89.79618364269734
mut_e540b63f1c85,2. Random-k Selection,507.0,126.0,4.0,1.0,3.8465999999999636,1.1468999999999985,0.0,1.0,25.0,70.18405864919646
mut_e598ed37661f,2. Random-k Selection,191.0,47.0,8.0,2.0,2.2197,0.45720000000000005,0.0,1.0,25.0,79.4026219759427
mut_e5e6b23d189f,2. Random-k Selection,191.0,47.0,8.0,2.0,2.2197,0.40970000000000006,0.0,1.0,25.0,81.5425507951525
mut_e63ee744d58d,2. Random-k Selection,365.0,91.0,5.0,1.0,4.793700000000005,4.169500000000008,0.0,1.0,20.0,13.021257066566449
mut_e684824e8436,2. Random-k Selection,507.0,126.0,2.0,0.0,3.8465999999999636,0.46230000000000016,0.0,1.0,0.0,87.98159413508021
mut_e695af362c3b,2. Random-k Selection,895.0,223.0,4.0,1.0,0.07280000000000002,0.0196,0.0,1.0,25.0,73.07692307692308
mut_e6f99fe59835,2. Random-k Selection,365.0,91.0,20.0,3.0,4.793700000000005,0.14200000000000002,0.0,1.0,15.0,97.03777875127773
mut_e6f9c95fe4b4,2. Random-k Selection,191.0,47.0,3.0,1.0,2.2197,0.7177000000000002,0.0,1.0,33.33333333333333,67.66680182006576
mut_e77e3c1a382e,2. Random-k Selection,895.0,223.0,2.0,0.0,0.07280000000000002,0.0147,0.0,1.0,0.0,79.80769230769232
mut_e79763fc7b17,2. Random-k Selection,365.0,91.0,47.0,8.0,4.793700000000005,2.1336999999999993,0.0,1.0,17.02127659574468,55.48949663099491
mut_e840ceefe4b7,2. Random-k Selection,895.0,223.0,1.0,0.0,0.07280000000000002,0.009499999999999998,0.0,1.0,0.0,86.95054945054946
mut_e84137c4f7b7,2. Random-k Selection,507.0,126.0,1.0,0.0,3.8465999999999636,0.34800000000000014,0.0,1.0,0.0,90.95304944626415
mut_e86b7cdde967,2. Random-k Selection,507.0,126.0,1.0,0.0,3.8465999999999636,1.3200999999999978,0.0,1.0,0.0,65.6813809598084
mut_e8a9e14532e3,2. Random-k Selection,895.0,223.0,0.0,0.0,0.07280000000000002,0.0395,0.0,0.0,,45.741758241758255
mut_e8b75853d281,2. Random-k Selection,507.0,126.0,4.0,2.0,3.8465999999999636,0.3081000000000001,0.0,1.0,50.0,91.99032912182179
mut_e8e969479d19,2. Random-k Selection,507.0,126.0,0.0,0.0,3.8465999999999636,0.3441,0.0,0.0,,91.05443768522844
mut_e8f51e73dd46,2. Random-k Selection,191.0,47.0,2.0,0.0,2.2197,0.5351,0.0,1.0,0.0,75.89313871243861
mut_e9300e1564b7,2. Random-k Selection,365.0,91.0,2.0,1.0,4.793700000000005,2.1890000000000014,0.0,1.0,50.0,54.33589920103471
mut_e9dd4aa61447,2. Random-k Selection,365.0,91.0,45.0,17.0,4.793700000000005,0.2506,0.0,1.0,37.77777777777778,94.77230531739575
mut_e9f268f6ceae,2. Random-k Selection,895.0,223.0,0.0,0.0,0.07280000000000002,0.015200000000000002,0.0,0.0,,79.12087912087912
mut_eb30b583ee7e,2. Random-k Selection,349.0,87.0,68.0,20.0,2.321400000000014,0.6591999999999998,0.0,1.0,29.411764705882355,71.60334281037322
mut_ec0d392814db,2. Random-k Selection,507.0,126.0,37.0,8.0,3.8465999999999636,1.457099999999999,0.0,1.0,21.62162162162162,62.11979410388362
mut_ec1d454c6747,2. Random-k Selection,507.0,126.0,2.0,0.0,3.8465999999999636,0.38130000000000003,0.0,1.0,0.0,90.08734986741528
mut_ec28ba8ea5d6,2. Random-k Selection,365.0,91.0,2.0,0.0,4.793700000000005,0.13580000000000003,0.0,1.0,0.0,97.16711517199658
mut_ecaed389765b,2. Random-k Selection,507.0,126.0,3.0,0.0,3.8465999999999636,0.6144000000000002,0.0,1.0,0.0,84.02745281547325
mut_ecb13c489ff3,2. Random-k Selection,507.0,126.0,92.0,24.0,3.8465999999999636,1.2398999999999984,0.0,1.0,26.08695652173913,67.76633910466359
mut_ecbc76dc1646,2. Random-k Selection,895.0,223.0,0.0,0.0,0.07280000000000002,0.012799999999999999,0.0,0.0,,82.41758241758242
mut_ed4d1bdaa59e,2. Random-k Selection,895.0,223.0,0.0,0.0,0.07280000000000002,0.012099999999999998,0.0,0.0,,83.37912087912089
mut_ed9e5f0b9b69,2. Random-k Selection,895.0,223.0,3.0,0.0,0.07280000000000002,0.0328,0.0,1.0,0.0,54.94505494505495
mut_edda2e070d47,2. Random-k Selection,507.0,126.0,2.0,0.0,3.8465999999999636,0.3841,0.0,1.0,0.0,90.0145583112358
mut_ee21a9b323b3,2. Random-k Selection,895.0,223.0,4.0,1.0,0.07280000000000002,0.0371,0.0,1.0,25.0,49.038461538461554
mut_ee6f2cc70cef,2. Random-k Selection,349.0,87.0,52.0,18.0,2.321400000000014,0.6612999999999998,0.0,1.0,34.61538461538461,71.5128801585252
mut_ee813226383c,2. Random-k Selection,895.0,223.0,0.0,0.0,0.07280000000000002,0.0104,0.0,0.0,,85.71428571428572
mut_eea66e82ba39,2. Random-k Selection,895.0,223.0,0.0,0.0,0.07280000000000002,0.0116,0.0,0.0,,84.06593406593407
mut_eeee9e9a5f8f,2. Random-k Selection,349.0,87.0,2.0,1.0,2.321400000000014,0.6514999999999997,0.0,1.0,50.0,71.93503920048265
mut_ef2e652b5cd6,2. Random-k Selection,365.0,91.0,0.0,0.0,4.793700000000005,2.3284,0.0,0.0,,51.427915806162304
mut_ef3ec1969ca8,2. Random-k Selection,507.0,126.0,0.0,0.0,3.8465999999999636,0.5242000000000001,0.0,0.0,,86.37238080382662
mut_ef55ac592d94,2. Random-k Selection,349.0,87.0,2.0,0.0,2.321400000000014,0.5023000000000001,0.0,1.0,0.0,78.3621952270183
mut_ef5ae42fef7e,2. Random-k Selection,349.0,87.0,3.0,0.0,2.321400000000014,0.36350000000000016,0.0,1.0,0.0,84.34134573963996
mut_ef68dbeea99f,2. Random-k Selection,191.0,47.0,0.0,0.0,2.2197,0.476,0.0,0.0,,78.55566067486598
mut_ef77608e9963,2. Random-k Selection,349.0,87.0,5.0,1.0,2.321400000000014,0.035200000000000016,0.0,1.0,20.0,98.4836736452141
mut_efd43e5ff379,2. Random-k Selection,365.0,91.0,1.0,0.0,4.793700000000005,2.2809999999999984,0.0,1.0,0.0,52.41671360327104
mut_efee4bf9e8a0,2. Random-k Selection,365.0,91.0,64.0,20.0,4.793700000000005,0.1924,0.0,1.0,31.25,95.9863988151115
mut_eff8901c9a2f,2. Random-k Selection,365.0,91.0,5.0,2.0,4.793700000000005,2.3215999999999997,0.0,1.0,40.0,51.56976865469267
mut_f090362342f3,2. Random-k Selection,895.0,223.0,0.0,0.0,0.07280000000000002,0.035800000000000005,0.0,0.0,,50.824175824175825
mut_f0c31847ee45,2. Random-k Selection,191.0,47.0,16.0,3.0,2.2197,0.6056,0.0,1.0,18.75,72.7170338334009
mut_f11fd8798731,2. Random-k Selection,365.0,91.0,39.0,12.0,4.793700000000005,0.2497,0.0,1.0,30.76923076923077,94.791079959113
mut_f14a2d9d7381,2. Random-k Selection,349.0,87.0,4.0,0.0,2.321400000000014,0.028800000000000027,0.0,1.0,0.0,98.75936934608427
mut_f14adc221828,2. Random-k Selection,895.0,223.0,40.0,13.0,0.07280000000000002,0.0106,0.0,1.0,32.5,85.43956043956044
mut_f1510c477b77,2. Random-k Selection,365.0,91.0,25.0,7.0,4.793700000000005,2.099,0.0,1.0,28.000000000000004,56.21336337276012
mut_f1691d1bf5e2,2. Random-k Selection,365.0,91.0,24.0,7.0,4.793700000000005,0.10590000000000002,0.0,1.0,29.166666666666668,97.7908504912698
mut_f1b08f78c308,2. Random-k Selection,365.0,91.0,12.0,3.0,4.793700000000005,0.16439999999999996,0.0,1.0,25.0,96.57049877964829
mut_f2146d8bf14a,2. Random-k Selection,349.0,87.0,0.0,0.0,2.321400000000014,0.6603999999999997,0.0,0.0,,71.55164986646008
mut_f23c3fd076fb,2. Random-k Selection,349.0,87.0,2.0,0.0,2.321400000000014,0.035500000000000025,0.0,1.0,0.0,98.47075040923582
mut_f2f41ed26fd9,2. Random-k Selection,365.0,91.0,22.0,6.0,4.793700000000005,2.2493000000000003,0.0,1.0,27.27272727272727,53.07799820597872
mut_f2fbb8b10761,2. Random-k Selection,191.0,47.0,17.0,4.0,2.2197,0.3575000000000001,0.0,1.0,23.52941176470588,83.89421993963148
mut_f310d6be9786,2. Random-k Selection,365.0,91.0,68.0,13.0,4.793700000000005,0.2545,0.0,1.0,19.11764705882353,94.690948536621
mut_f37e77045099,2. Random-k Selection,349.0,87.0,0.0,0.0,2.321400000000014,0.18600000000000003,0.0,0.0,,91.9875936934609
mut_f3a9789e0bc0,2. Random-k Selection,507.0,126.0,0.0,0.0,3.8465999999999636,0.34830000000000005,0.0,0.0,,90.9452503509592
mut_f3d469a1a06c,2. Random-k Selection,507.0,126.0,178.0,41.0,3.8465999999999636,0.5857000000000002,0.0,1.0,23.03370786516854,84.77356626631295
mut_f3f4f8e28edf,2. Random-k Selection,365.0,91.0,4.0,1.0,4.793700000000005,0.13560000000000003,0.0,1.0,25.0,97.17128731460042
mut_f489b8cff73f,2. Random-k Selection,191.0,47.0,0.0,0.0,2.2197,0.5774999999999998,0.0,0.0,,73.98297067171241
mut_f4a038057e54,2. Random-k Selection,349.0,87.0,179.0,47.0,2.321400000000014,0.018900000000000007,0.0,1.0,26.256983240223462,99.1858361333678
mut_f4c73147e9af,2. Random-k Selection,895.0,223.0,0.0,0.0,0.07280000000000002,0.0154,0.0,0.0,,78.84615384615385
mut_f4d6b2ad1e1c,2. Random-k Selection,507.0,126.0,9.0,3.0,3.8465999999999636,0.4553000000000001,0.0,1.0,33.33333333333333,88.16357302552892
mut_f4e26f1d8b05,2. Random-k Selection,895.0,223.0,8.0,3.0,0.07280000000000002,0.014,0.0,1.0,37.5,80.76923076923077
mut_f584f6b9da37,2. Random-k Selection,349.0,87.0,7.0,2.0,2.321400000000014,0.6568999999999999,0.0,1.0,28.57142857142857,71.70242095287344
mut_f58e4bd61135,2. Random-k Selection,349.0,87.0,3.0,0.0,2.321400000000014,0.3514,0.0,1.0,0.0,84.86258292409762
mut_f5b94d22319e,2. Random-k Selection,507.0,126.0,1.0,0.0,3.8465999999999636,0.6102,0.0,1.0,0.0,84.13664014974248
mut_f5cbb94c9f6d,2. Random-k Selection,191.0,47.0,0.0,0.0,2.2197,0.5055,0.0,0.0,,77.2266522503041
mut_f5edfd2c8d26,2. Random-k Selection,507.0,126.0,0.0,0.0,3.8465999999999636,0.3650000000000002,0.0,0.0,,90.51110071231727
mut_f657c1e78461,2. Random-k Selection,349.0,87.0,3.0,0.0,2.321400000000014,0.34750000000000014,0.0,1.0,0.0,85.03058499181537
mut_f6d3d796a500,2. Random-k Selection,895.0,223.0,0.0,0.0,0.07280000000000002,0.030800000000000004,0.0,0.0,,57.6923076923077
mut_f726806a29dd,2. Random-k Selection,365.0,91.0,127.0,27.0,4.793700000000005,2.2280000000000006,0.0,1.0,21.25984251968504,53.522331393287054
mut_f81ebf6603d2,2. Random-k Selection,191.0,47.0,1.0,0.0,2.2197,0.3738,0.0,1.0,0.0,83.15988647114474
mut_f851c9c08a7b,2. Random-k Selection,349.0,87.0,68.0,16.0,2.321400000000014,0.18219999999999995,0.0,1.0,23.52941176470588,92.15128801585256
mut_f85ae10d679a,2. Random-k Selection,191.0,47.0,17.0,6.0,2.2197,0.5211,0.0,1.0,35.294117647058826,76.52385457494256
mut_f87aba4bda98,2. Random-k Selection,895.0,223.0,2.0,0.0,0.07280000000000002,0.013099999999999997,0.0,1.0,0.0,82.00549450549451
mut_f8c65688bc5f,2. Random-k Selection,365.0,91.0,4.0,0.0,4.793700000000005,2.168199999999998,0.0,1.0,0.0,54.769802031833535
mut_f8da1dc96e6e,2. Random-k Selection,349.0,87.0,0.0,0.0,2.321400000000014,0.8168,0.0,0.0,,64.81433617644547
mut_f8dc35c233f1,2. Random-k Selection,895.0,223.0,2.0,0.0,0.07280000000000002,0.0162,0.0,1.0,0.0,77.74725274725276
mut_f8e011568a6e,2. Random-k Selection,349.0,87.0,6.0,1.0,2.321400000000014,0.3417000000000001,0.0,1.0,16.666666666666664,85.28043422072895
mut_f90d8b063f24,2. Random-k Selection,349.0,87.0,4.0,1.0,2.321400000000014,0.032600000000000025,0.0,1.0,25.0,98.5956750236926
mut_f955c7586f9e,2. Random-k Selection,349.0,87.0,0.0,0.0,2.321400000000014,0.3358000000000004,0.0,0.0,,85.53459119496863
mut_f9a092a9f938,2. Random-k Selection,349.0,87.0,2.0,0.0,2.321400000000014,0.3491000000000002,0.0,1.0,0.0,84.96166106659783
mut_f9fa994b822d,2. Random-k Selection,895.0,223.0,0.0,0.0,0.07280000000000002,0.014399999999999998,0.0,0.0,,80.21978021978023
mut_fa9c05c3dc3f,2. Random-k Selection,365.0,91.0,7.0,2.0,4.793700000000005,4.250100000000005,0.0,1.0,28.57142857142857,11.33988359722133
mut_fb34793e6bc2,2. Random-k Selection,507.0,126.0,1.0,0.0,3.8465999999999636,2.4557999999999938,0.0,1.0,0.0,36.15660583372284
mut_fb82d8a971b1,2. Random-k Selection,191.0,47.0,0.0,0.0,2.2197,0.4089000000000001,0.0,0.0,,81.57859170158129
mut_fbbac85b0bd0,2. Random-k Selection,365.0,91.0,0.0,0.0,4.793700000000005,0.14319999999999997,0.0,0.0,,97.01274589565472
mut_fc0de64fdbc8,2. Random-k Selection,191.0,47.0,0.0,0.0,2.2197,0.5282,0.0,0.0,,76.20399153038699
mut_fc46fb835319,2. Random-k Selection,895.0,223.0,0.0,0.0,0.07280000000000002,0.0073999999999999995,0.0,0.0,,89.83516483516483
mut_fc5453ad45d2,2. Random-k Selection,507.0,126.0,1.0,0.0,3.8465999999999636,0.7203,0.0,1.0,0.0,81.27437217282778
mut_fcb8db64c2f7,2. Random-k Selection,349.0,87.0,3.0,1.0,2.321400000000014,0.49250000000000027,0.0,1.0,33.33333333333333,78.78435426897573
mut_fd6d192d4ae0,2. Random-k Selection,349.0,87.0,7.0,3.0,2.321400000000014,0.19720000000000001,0.0,1.0,42.857142857142854,91.50512621693811
mut_fd93fa7458fb,2. Random-k Selection,365.0,91.0,12.0,1.0,4.793700000000005,0.1479,0.0,1.0,8.333333333333332,96.91470054446461
mut_fdb18ceaea36,2. Random-k Selection,365.0,91.0,18.0,3.0,4.793700000000005,0.1889,0.0,1.0,16.666666666666664,96.0594113106786
mut_fdb31bfe1c24,2. Random-k Selection,507.0,126.0,6.0,2.0,3.8465999999999636,0.34630000000000005,0.0,1.0,33.33333333333333,90.99724431965883
mut_fde4d99d3e85,2. Random-k Selection,507.0,126.0,5.0,1.0,3.8465999999999636,0.4118,0.0,1.0,20.0,89.2944418447459
mut_fe1b183af319,2. Random-k Selection,191.0,47.0,0.0,0.0,2.2197,0.7822999999999998,0.0,0.0,,64.75649862594045
mut_fe376be4072e,2. Random-k Selection,365.0,91.0,2.0,1.0,4.793700000000005,0.18020000000000003,0.0,1.0,50.0,96.2408995139454
mut_fe3c798182db,2. Random-k Selection,349.0,87.0,231.0,64.0,2.321400000000014,0.8065999999999999,0.0,1.0,27.705627705627705,65.25372619970729
mut_fe89d5200881,2. Random-k Selection,349.0,87.0,11.0,2.0,2.321400000000014,0.5012000000000001,0.0,1.0,18.181818181818183,78.40958042560536
mut_fee332bc2d2a,2. Random-k Selection,349.0,87.0,25.0,12.0,2.321400000000014,0.6595,0.0,1.0,48.0,71.59041957439493
mut_ff7fe202d04c,2. Random-k Selection,191.0,47.0,7.0,1.0,2.2197,0.48120000000000007,0.0,1.0,14.285714285714285,78.32139478307879
mut_ff96a6ac2906,2. Random-k Selection,507.0,126.0,385.0,97.0,3.8465999999999636,0.7460000000000006,0.0,1.0,25.19480519480519,80.6062496750375
mut_ffcd0da5bf30,2. Random-k Selection,349.0,87.0,4.0,1.0,2.321400000000014,0.5088999999999999,0.0,1.0,25.0,78.07788403549596
mut_caa015827517,3. Changed-File Selection,895.0,8.0,0.0,0.0,0.07280000000000002,0.0,0.0,0.0,,100.0
mut_cb44bb46eca3,3. Changed-File Selection,191.0,57.0,92.0,49.0,2.2197,0.0965,0.0,1.0,53.2608695652174,95.6525656620264
mut_ccbba32ee6f5,3. Changed-File Selection,191.0,191.0,1.0,1.0,2.2197,2.2196999999999987,0.0,0.0,100.0,5.684341886080802e-14
mut_ce0d69e89f0f,3. Changed-File Selection,191.0,191.0,27.0,27.0,2.2197,2.2196999999999987,0.0,0.0,100.0,5.684341886080802e-14
mut_ce5097a8bae4,3. Changed-File Selection,895.0,26.0,1.0,1.0,0.07280000000000002,0.0003,0.0,0.0,100.0,99.58791208791209
mut_ce8ebe6857fe,3. Changed-File Selection,895.0,895.0,13.0,13.0,0.07280000000000002,0.07280000000000006,0.0,0.0,100.0,-7.105427357601002e-14
mut_ce961ebfbe8a,3. Changed-File Selection,191.0,12.0,0.0,0.0,2.2197,0.041,0.0,0.0,,98.15290354552417
mut_cf304955ef3c,3. Changed-File Selection,895.0,26.0,0.0,0.0,0.07280000000000002,0.0003,0.0,0.0,,99.58791208791209
mut_cf6c963757ed,3. Changed-File Selection,895.0,26.0,3.0,3.0,0.07280000000000002,0.0003,0.0,0.0,100.0,99.58791208791209
mut_cf79a6d39691,3. Changed-File Selection,895.0,26.0,2.0,2.0,0.07280000000000002,0.0003,0.0,0.0,100.0,99.58791208791209
mut_d0624774f95c,3. Changed-File Selection,191.0,191.0,41.0,41.0,2.2197,2.2196999999999987,0.0,0.0,100.0,5.684341886080802e-14
mut_d0b1a5c53c7a,3. Changed-File Selection,895.0,55.0,19.0,11.0,0.07280000000000002,0.02430000000000001,0.0,1.0,57.89473684210527,66.62087912087912
mut_d0e704dbbf55,3. Changed-File Selection,191.0,57.0,21.0,20.0,2.2197,0.0965,0.0,1.0,95.23809523809523,95.6525656620264
mut_d0f4efae548f,3. Changed-File Selection,365.0,18.0,0.0,0.0,4.793700000000005,0.001,0.0,0.0,,99.97913928698082
mut_d0f91c149491,3. Changed-File Selection,895.0,34.0,8.0,8.0,0.07280000000000002,0.0013,0.0,0.0,100.0,98.21428571428571
mut_d14847af1de6,3. Changed-File Selection,191.0,142.0,7.0,7.0,2.2197,0.9399,0.0,0.0,100.0,57.65644005946749
mut_d149277612bd,3. Changed-File Selection,895.0,135.0,0.0,0.0,0.07280000000000002,0.010099999999999998,0.0,0.0,,86.12637362637363
mut_d14d6a9bd5e2,3. Changed-File Selection,365.0,80.0,2.0,2.0,4.793700000000005,0.007699999999999999,0.0,0.0,100.0,99.83937250975238
mut_d207c4243342,3. Changed-File Selection,895.0,21.0,3.0,3.0,0.07280000000000002,0.0,0.0,0.0,100.0,100.0
mut_d26e9eb3bbd7,3. Changed-File Selection,191.0,2.0,3.0,2.0,2.2197,0.004,0.0,1.0,66.66666666666666,99.81979546785601
mut_d352bccae750,3. Changed-File Selection,365.0,19.0,1.0,1.0,4.793700000000005,0.013600000000000001,0.0,0.0,100.0,99.71629430293927
mut_d3f2e21b70f3,3. Changed-File Selection,365.0,80.0,7.0,6.0,4.793700000000005,0.007699999999999999,0.0,1.0,85.71428571428571,99.83937250975238
mut_d4bc035cfd69,3. Changed-File Selection,191.0,191.0,5.0,5.0,2.2197,2.2196999999999987,0.0,0.0,100.0,5.684341886080802e-14
mut_d5a598e5b5eb,3. Changed-File Selection,365.0,127.0,11.0,2.0,4.793700000000005,0.5084000000000001,0.0,1.0,18.181818181818183,89.39441350105348
mut_d5bfbcfc6d6b,3. Changed-File Selection,365.0,88.0,2.0,2.0,4.793700000000005,0.18869999999999992,0.0,0.0,100.0,96.06358345328243
mut_d64ff7faf9c1,3. Changed-File Selection,365.0,19.0,1.0,1.0,4.793700000000005,0.013600000000000001,0.0,0.0,100.0,99.71629430293927
mut_d673496eccfe,3. Changed-File Selection,365.0,1.0,2.0,1.0,4.793700000000005,0.0,0.0,1.0,50.0,100.0
mut_d789c421f786,3. Changed-File Selection,895.0,27.0,19.0,19.0,0.07280000000000002,0.0006,0.0,0.0,100.0,99.17582417582418
mut_d797dded6a37,3. Changed-File Selection,895.0,0.0,0.0,0.0,0.07280000000000002,0.0,0.0,0.0,,100.0
mut_d7a43e9b9b40,3. Changed-File Selection,365.0,29.0,28.0,28.0,4.793700000000005,4.068999999999999,0.0,0.0,100.0,15.117758724993323
mut_d836d44fd367,3. Changed-File Selection,365.0,19.0,0.0,0.0,4.793700000000005,0.013600000000000001,0.0,0.0,,99.71629430293927
mut_d83c216c3b08,3. Changed-File Selection,365.0,127.0,0.0,0.0,4.793700000000005,0.5084000000000001,0.0,0.0,,89.39441350105348
mut_d89bfe05efd2,3. Changed-File Selection,365.0,88.0,2.0,2.0,4.793700000000005,0.18869999999999992,0.0,0.0,100.0,96.06358345328243
mut_d8b117db1a7e,3. Changed-File Selection,895.0,17.0,4.0,4.0,0.07280000000000002,0.024300000000000002,0.0,0.0,100.0,66.62087912087912
mut_d9b13433630a,3. Changed-File Selection,895.0,0.0,0.0,0.0,0.07280000000000002,0.0,0.0,0.0,,100.0
mut_d9fde15d093c,3. Changed-File Selection,365.0,127.0,9.0,3.0,4.793700000000005,0.5084000000000001,0.0,1.0,33.33333333333333,89.39441350105348
mut_da19bcd92234,3. Changed-File Selection,365.0,127.0,8.0,5.0,4.793700000000005,0.5084000000000001,0.0,1.0,62.5,89.39441350105348
mut_da98b4b12d6b,3. Changed-File Selection,191.0,2.0,8.0,0.0,2.2197,0.004,0.0,1.0,0.0,99.81979546785601
mut_dabe6b6f9797,3. Changed-File Selection,191.0,0.0,0.0,0.0,2.2197,0.0,0.0,0.0,,100.0
mut_dae218ee37c9,3. Changed-File Selection,365.0,18.0,1.0,1.0,4.793700000000005,0.001,0.0,0.0,100.0,99.97913928698082
mut_db0c05c5ba79,3. Changed-File Selection,365.0,127.0,3.0,3.0,4.793700000000005,0.5084000000000001,0.0,0.0,100.0,89.39441350105348
mut_db19b9c3be0f,3. Changed-File Selection,365.0,19.0,21.0,5.0,4.793700000000005,0.013600000000000001,0.0,1.0,23.809523809523807,99.71629430293927
mut_db51e974c4a7,3. Changed-File Selection,191.0,123.0,120.0,76.0,2.2197,0.2602,0.0,1.0,63.33333333333333,88.27769518403387
mut_db551481015f,3. Changed-File Selection,191.0,0.0,0.0,0.0,2.2197,0.0,0.0,0.0,,100.0
mut_dc11bf9c3112,3. Changed-File Selection,191.0,142.0,9.0,9.0,2.2197,0.9399,0.0,0.0,100.0,57.65644005946749
mut_dc23088c978a,3. Changed-File Selection,191.0,191.0,1.0,1.0,2.2197,2.2196999999999987,0.0,0.0,100.0,5.684341886080802e-14
mut_dc56e7048ab7,3. Changed-File Selection,365.0,88.0,1.0,0.0,4.793700000000005,0.18869999999999992,0.0,1.0,0.0,96.06358345328243
mut_dcb5286d667c,3. Changed-File Selection,895.0,50.0,7.0,7.0,0.07280000000000002,0.0003,0.0,0.0,100.0,99.58791208791209
mut_dcbecabbebc7,3. Changed-File Selection,895.0,126.0,2.0,2.0,0.07280000000000002,0.0003,0.0,0.0,100.0,99.58791208791209
mut_dcf9b24994ae,3. Changed-File Selection,191.0,12.0,2.0,2.0,2.2197,0.041,0.0,0.0,100.0,98.15290354552417
mut_dd2029779d86,3. Changed-File Selection,895.0,135.0,14.0,14.0,0.07280000000000002,0.010099999999999998,0.0,0.0,100.0,86.12637362637363
mut_dd8be6e5d67d,3. Changed-File Selection,365.0,18.0,155.0,5.0,4.793700000000005,0.001,0.0,1.0,3.225806451612903,99.97913928698082
mut_ddffa913284a,3. Changed-File Selection,895.0,34.0,7.0,7.0,0.07280000000000002,0.0013,0.0,0.0,100.0,98.21428571428571
mut_de07db6d0354,3. Changed-File Selection,895.0,32.0,73.0,8.0,0.07280000000000002,0.0045,0.0,1.0,10.95890410958904,93.81868131868131
mut_de080396a033,3. Changed-File Selection,191.0,142.0,0.0,0.0,2.2197,0.9399,0.0,0.0,,57.65644005946749
mut_de0cd1debe22,3. Changed-File Selection,191.0,12.0,0.0,0.0,2.2197,0.041,0.0,0.0,,98.15290354552417
mut_de3d54f93612,3. Changed-File Selection,895.0,29.0,0.0,0.0,0.07280000000000002,0.001,0.0,0.0,,98.62637362637362
mut_de45f3060556,3. Changed-File Selection,507.0,507.0,24.0,24.0,3.8465999999999636,3.8465999999999925,0.0,0.0,100.0,-7.531752999057062e-13
mut_de93611a8255,3. Changed-File Selection,191.0,2.0,0.0,0.0,2.2197,0.004,0.0,0.0,,99.81979546785601
mut_deb25f418ef6,3. Changed-File Selection,895.0,126.0,1.0,1.0,0.07280000000000002,0.0003,0.0,0.0,100.0,99.58791208791209
mut_dfe7bf887980,3. Changed-File Selection,507.0,26.0,12.0,7.0,3.8465999999999636,0.13499999999999998,0.0,1.0,58.333333333333336,96.49040711277489
mut_e04304803276,3. Changed-File Selection,191.0,191.0,73.0,73.0,2.2197,2.2196999999999987,0.0,0.0,100.0,5.684341886080802e-14
mut_e0478e596d43,3. Changed-File Selection,191.0,2.0,2.0,0.0,2.2197,0.004,0.0,1.0,0.0,99.81979546785601
mut_e083a55a6bb5,3. Changed-File Selection,895.0,895.0,43.0,43.0,0.07280000000000002,0.07280000000000006,0.0,0.0,100.0,-7.105427357601002e-14
mut_e1182c8943ba,3. Changed-File Selection,507.0,6.0,0.0,0.0,3.8465999999999636,0.0063,0.0,0.0,,99.83621899859617
mut_e1507a2cf092,3. Changed-File Selection,191.0,12.0,0.0,0.0,2.2197,0.041,0.0,0.0,,98.15290354552417
mut_e17221f2b716,3. Changed-File Selection,507.0,0.0,0.0,0.0,3.8465999999999636,0.0,0.0,0.0,,100.0
mut_e1a29b361e0f,3. Changed-File Selection,507.0,0.0,1.0,0.0,3.8465999999999636,0.0,0.0,1.0,0.0,100.0
mut_e1c2d8def0d5,3. Changed-File Selection,365.0,88.0,5.0,3.0,4.793700000000005,0.18869999999999992,0.0,1.0,60.0,96.06358345328243
mut_e281f9de1ee8,3. Changed-File Selection,507.0,6.0,0.0,0.0,3.8465999999999636,0.0063,0.0,0.0,,99.83621899859617
mut_e2adab202593,3. Changed-File Selection,191.0,12.0,0.0,0.0,2.2197,0.041,0.0,0.0,,98.15290354552417
mut_e30b35af2f88,3. Changed-File Selection,191.0,12.0,56.0,0.0,2.2197,0.041,0.0,1.0,0.0,98.15290354552417
mut_e32189bcd2c9,3. Changed-File Selection,507.0,100.0,9.0,0.0,3.8465999999999636,0.22690000000000016,0.0,1.0,0.0,94.10128425102683
mut_e366b4b855c3,3. Changed-File Selection,895.0,26.0,0.0,0.0,0.07280000000000002,0.0003,0.0,0.0,,99.58791208791209
mut_e451fed246dc,3. Changed-File Selection,191.0,57.0,1.0,1.0,2.2197,0.0965,0.0,0.0,100.0,95.6525656620264
mut_e4a7ee5b9f27,3. Changed-File Selection,507.0,0.0,90.0,0.0,3.8465999999999636,0.0,0.0,1.0,0.0,100.0
mut_e540b63f1c85,3. Changed-File Selection,507.0,0.0,4.0,0.0,3.8465999999999636,0.0,0.0,1.0,0.0,100.0
mut_e598ed37661f,3. Changed-File Selection,191.0,142.0,8.0,8.0,2.2197,0.9399,0.0,0.0,100.0,57.65644005946749
mut_e5e6b23d189f,3. Changed-File Selection,191.0,142.0,8.0,8.0,2.2197,0.9399,0.0,0.0,100.0,57.65644005946749
mut_e63ee744d58d,3. Changed-File Selection,365.0,29.0,5.0,5.0,4.793700000000005,4.068999999999999,0.0,0.0,100.0,15.117758724993323
mut_e684824e8436,3. Changed-File Selection,507.0,507.0,2.0,2.0,3.8465999999999636,3.8465999999999925,0.0,0.0,100.0,-7.531752999057062e-13
mut_e695af362c3b,3. Changed-File Selection,895.0,8.0,4.0,4.0,0.07280000000000002,0.0003,0.0,0.0,100.0,99.58791208791209
mut_e6f99fe59835,3. Changed-File Selection,365.0,80.0,20.0,15.0,4.793700000000005,0.007699999999999999,0.0,1.0,75.0,99.83937250975238
mut_e6f9c95fe4b4,3. Changed-File Selection,191.0,12.0,3.0,1.0,2.2197,0.041,0.0,1.0,33.33333333333333,98.15290354552417
mut_e77e3c1a382e,3. Changed-File Selection,895.0,126.0,2.0,2.0,0.07280000000000002,0.0003,0.0,0.0,100.0,99.58791208791209
mut_e79763fc7b17,3. Changed-File Selection,365.0,80.0,47.0,39.0,4.793700000000005,0.007699999999999999,0.0,1.0,82.97872340425532,99.83937250975238
mut_e840ceefe4b7,3. Changed-File Selection,895.0,29.0,1.0,1.0,0.07280000000000002,0.001,0.0,0.0,100.0,98.62637362637362
mut_e84137c4f7b7,3. Changed-File Selection,507.0,0.0,1.0,0.0,3.8465999999999636,0.0,0.0,1.0,0.0,100.0
mut_e86b7cdde967,3. Changed-File Selection,507.0,0.0,1.0,0.0,3.8465999999999636,0.0,0.0,1.0,0.0,100.0
mut_e8a9e14532e3,3. Changed-File Selection,895.0,0.0,0.0,0.0,0.07280000000000002,0.0,0.0,0.0,,100.0
mut_e8b75853d281,3. Changed-File Selection,507.0,0.0,4.0,0.0,3.8465999999999636,0.0,0.0,1.0,0.0,100.0
mut_e8e969479d19,3. Changed-File Selection,507.0,507.0,0.0,0.0,3.8465999999999636,3.8465999999999925,0.0,0.0,,-7.531752999057062e-13
mut_e8f51e73dd46,3. Changed-File Selection,191.0,57.0,2.0,2.0,2.2197,0.0965,0.0,0.0,100.0,95.6525656620264
mut_e9300e1564b7,3. Changed-File Selection,365.0,80.0,2.0,2.0,4.793700000000005,0.007699999999999999,0.0,0.0,100.0,99.83937250975238
mut_e9dd4aa61447,3. Changed-File Selection,365.0,127.0,45.0,37.0,4.793700000000005,0.5084000000000001,0.0,1.0,82.22222222222221,89.39441350105348
mut_e9f268f6ceae,3. Changed-File Selection,895.0,26.0,0.0,0.0,0.07280000000000002,0.0003,0.0,0.0,,99.58791208791209
mut_eb30b583ee7e,3. Changed-File Selection,349.0,0.0,68.0,0.0,2.321400000000014,0.0,0.0,1.0,0.0,100.0
mut_ec0d392814db,3. Changed-File Selection,507.0,26.0,37.0,17.0,3.8465999999999636,0.13499999999999998,0.0,1.0,45.94594594594595,96.49040711277489
mut_ec1d454c6747,3. Changed-File Selection,507.0,7.0,2.0,2.0,3.8465999999999636,0.0097,0.0,0.0,100.0,99.74782925180679
mut_ec28ba8ea5d6,3. Changed-File Selection,365.0,127.0,2.0,2.0,4.793700000000005,0.5084000000000001,0.0,0.0,100.0,89.39441350105348
mut_ecaed389765b,3. Changed-File Selection,507.0,7.0,3.0,3.0,3.8465999999999636,0.0097,0.0,0.0,100.0,99.74782925180679
mut_ecb13c489ff3,3. Changed-File Selection,507.0,4.0,92.0,0.0,3.8465999999999636,0.0043,0.0,1.0,0.0,99.88821296729579
mut_ecbc76dc1646,3. Changed-File Selection,895.0,26.0,0.0,0.0,0.07280000000000002,0.0003,0.0,0.0,,99.58791208791209
mut_ed4d1bdaa59e,3. Changed-File Selection,895.0,26.0,0.0,0.0,0.07280000000000002,0.0003,0.0,0.0,,99.58791208791209
mut_ed9e5f0b9b69,3. Changed-File Selection,895.0,50.0,3.0,3.0,0.07280000000000002,0.0003,0.0,0.0,100.0,99.58791208791209
mut_edda2e070d47,3. Changed-File Selection,507.0,26.0,2.0,2.0,3.8465999999999636,0.13499999999999998,0.0,0.0,100.0,96.49040711277489
mut_ee21a9b323b3,3. Changed-File Selection,895.0,895.0,4.0,4.0,0.07280000000000002,0.07280000000000006,0.0,0.0,100.0,-7.105427357601002e-14
mut_ee6f2cc70cef,3. Changed-File Selection,349.0,0.0,52.0,0.0,2.321400000000014,0.0,0.0,1.0,0.0,100.0
mut_ee813226383c,3. Changed-File Selection,895.0,65.0,0.0,0.0,0.07280000000000002,0.0013,0.0,0.0,,98.21428571428571
mut_eea66e82ba39,3. Changed-File Selection,895.0,21.0,0.0,0.0,0.07280000000000002,0.0,0.0,0.0,,100.0
mut_eeee9e9a5f8f,3. Changed-File Selection,349.0,0.0,2.0,0.0,2.321400000000014,0.0,0.0,1.0,0.0,100.0
mut_ef2e652b5cd6,3. Changed-File Selection,365.0,80.0,0.0,0.0,4.793700000000005,0.007699999999999999,0.0,0.0,,99.83937250975238
mut_ef3ec1969ca8,3. Changed-File Selection,507.0,0.0,0.0,0.0,3.8465999999999636,0.0,0.0,0.0,,100.0
mut_ef55ac592d94,3. Changed-File Selection,349.0,0.0,2.0,0.0,2.321400000000014,0.0,0.0,1.0,0.0,100.0
mut_ef5ae42fef7e,3. Changed-File Selection,349.0,0.0,3.0,0.0,2.321400000000014,0.0,0.0,1.0,0.0,100.0
mut_ef68dbeea99f,3. Changed-File Selection,191.0,0.0,0.0,0.0,2.2197,0.0,0.0,0.0,,100.0
mut_ef77608e9963,3. Changed-File Selection,349.0,0.0,5.0,0.0,2.321400000000014,0.0,0.0,1.0,0.0,100.0
mut_efd43e5ff379,3. Changed-File Selection,365.0,88.0,1.0,1.0,4.793700000000005,0.18869999999999992,0.0,0.0,100.0,96.06358345328243
mut_efee4bf9e8a0,3. Changed-File Selection,365.0,80.0,64.0,56.0,4.793700000000005,0.007699999999999999,0.0,1.0,87.5,99.83937250975238
mut_eff8901c9a2f,3. Changed-File Selection,365.0,127.0,5.0,5.0,4.793700000000005,0.5084000000000001,0.0,0.0,100.0,89.39441350105348
mut_f090362342f3,3. Changed-File Selection,895.0,26.0,0.0,0.0,0.07280000000000002,0.0003,0.0,0.0,,99.58791208791209
mut_f0c31847ee45,3. Changed-File Selection,191.0,191.0,16.0,16.0,2.2197,2.2196999999999987,0.0,0.0,100.0,5.684341886080802e-14
mut_f11fd8798731,3. Changed-File Selection,365.0,80.0,39.0,33.0,4.793700000000005,0.007699999999999999,0.0,1.0,84.61538461538461,99.83937250975238
mut_f14a2d9d7381,3. Changed-File Selection,349.0,0.0,4.0,0.0,2.321400000000014,0.0,0.0,1.0,0.0,100.0
mut_f14adc221828,3. Changed-File Selection,895.0,895.0,40.0,40.0,0.07280000000000002,0.07280000000000006,0.0,0.0,100.0,-7.105427357601002e-14
mut_f1510c477b77,3. Changed-File Selection,365.0,127.0,25.0,17.0,4.793700000000005,0.5084000000000001,0.0,1.0,68.0,89.39441350105348
mut_f1691d1bf5e2,3. Changed-File Selection,365.0,127.0,24.0,16.0,4.793700000000005,0.5084000000000001,0.0,1.0,66.66666666666666,89.39441350105348
mut_f1b08f78c308,3. Changed-File Selection,365.0,88.0,12.0,11.0,4.793700000000005,0.18869999999999992,0.0,1.0,91.66666666666666,96.06358345328243
mut_f2146d8bf14a,3. Changed-File Selection,349.0,0.0,0.0,0.0,2.321400000000014,0.0,0.0,0.0,,100.0
mut_f23c3fd076fb,3. Changed-File Selection,349.0,0.0,2.0,0.0,2.321400000000014,0.0,0.0,1.0,0.0,100.0
mut_f2f41ed26fd9,3. Changed-File Selection,365.0,19.0,22.0,6.0,4.793700000000005,0.013600000000000001,0.0,1.0,27.27272727272727,99.71629430293927
mut_f2fbb8b10761,3. Changed-File Selection,191.0,142.0,17.0,17.0,2.2197,0.9399,0.0,0.0,100.0,57.65644005946749
mut_f310d6be9786,3. Changed-File Selection,365.0,80.0,68.0,60.0,4.793700000000005,0.007699999999999999,0.0,1.0,88.23529411764706,99.83937250975238
mut_f37e77045099,3. Changed-File Selection,349.0,0.0,0.0,0.0,2.321400000000014,0.0,0.0,0.0,,100.0
mut_f3a9789e0bc0,3. Changed-File Selection,507.0,26.0,0.0,0.0,3.8465999999999636,0.13499999999999998,0.0,0.0,,96.49040711277489
mut_f3d469a1a06c,3. Changed-File Selection,507.0,507.0,178.0,178.0,3.8465999999999636,3.8465999999999925,0.0,0.0,100.0,-7.531752999057062e-13
mut_f3f4f8e28edf,3. Changed-File Selection,365.0,80.0,4.0,4.0,4.793700000000005,0.007699999999999999,0.0,0.0,100.0,99.83937250975238
mut_f489b8cff73f,3. Changed-File Selection,191.0,0.0,0.0,0.0,2.2197,0.0,0.0,0.0,,100.0
mut_f4a038057e54,3. Changed-File Selection,349.0,0.0,179.0,0.0,2.321400000000014,0.0,0.0,1.0,0.0,100.0
mut_f4c73147e9af,3. Changed-File Selection,895.0,21.0,0.0,0.0,0.07280000000000002,0.0,0.0,0.0,,100.0
mut_f4d6b2ad1e1c,3. Changed-File Selection,507.0,0.0,9.0,0.0,3.8465999999999636,0.0,0.0,1.0,0.0,100.0
mut_f4e26f1d8b05,3. Changed-File Selection,895.0,12.0,8.0,5.0,0.07280000000000002,0.0,0.0,1.0,62.5,100.0
mut_f584f6b9da37,3. Changed-File Selection,349.0,0.0,7.0,0.0,2.321400000000014,0.0,0.0,1.0,0.0,100.0
mut_f58e4bd61135,3. Changed-File Selection,349.0,0.0,3.0,0.0,2.321400000000014,0.0,0.0,1.0,0.0,100.0
mut_f5b94d22319e,3. Changed-File Selection,507.0,0.0,1.0,0.0,3.8465999999999636,0.0,0.0,1.0,0.0,100.0
mut_f5cbb94c9f6d,3. Changed-File Selection,191.0,57.0,0.0,0.0,2.2197,0.0965,0.0,0.0,,95.6525656620264
mut_f5edfd2c8d26,3. Changed-File Selection,507.0,0.0,0.0,0.0,3.8465999999999636,0.0,0.0,0.0,,100.0
mut_f657c1e78461,3. Changed-File Selection,349.0,0.0,3.0,0.0,2.321400000000014,0.0,0.0,1.0,0.0,100.0
mut_f6d3d796a500,3. Changed-File Selection,895.0,26.0,0.0,0.0,0.07280000000000002,0.0003,0.0,0.0,,99.58791208791209
mut_f726806a29dd,3. Changed-File Selection,365.0,127.0,127.0,9.0,4.793700000000005,0.5084000000000001,0.0,1.0,7.086614173228346,89.39441350105348
mut_f81ebf6603d2,3. Changed-File Selection,191.0,2.0,1.0,0.0,2.2197,0.004,0.0,1.0,0.0,99.81979546785601
mut_f851c9c08a7b,3. Changed-File Selection,349.0,0.0,68.0,0.0,2.321400000000014,0.0,0.0,1.0,0.0,100.0
mut_f85ae10d679a,3. Changed-File Selection,191.0,142.0,17.0,17.0,2.2197,0.9399,0.0,0.0,100.0,57.65644005946749
mut_f87aba4bda98,3. Changed-File Selection,895.0,4.0,2.0,2.0,0.07280000000000002,0.001,0.0,0.0,100.0,98.62637362637362
mut_f8c65688bc5f,3. Changed-File Selection,365.0,19.0,4.0,4.0,4.793700000000005,0.013600000000000001,0.0,0.0,100.0,99.71629430293927
mut_f8da1dc96e6e,3. Changed-File Selection,349.0,0.0,0.0,0.0,2.321400000000014,0.0,0.0,0.0,,100.0
mut_f8dc35c233f1,3. Changed-File Selection,895.0,20.0,2.0,2.0,0.07280000000000002,0.0,0.0,0.0,100.0,100.0
mut_f8e011568a6e,3. Changed-File Selection,349.0,0.0,6.0,0.0,2.321400000000014,0.0,0.0,1.0,0.0,100.0
mut_f90d8b063f24,3. Changed-File Selection,349.0,29.0,4.0,4.0,2.321400000000014,2.2182999999999997,0.0,0.0,100.0,4.441285431205884
mut_f955c7586f9e,3. Changed-File Selection,349.0,0.0,0.0,0.0,2.321400000000014,0.0,0.0,0.0,,100.0
mut_f9a092a9f938,3. Changed-File Selection,349.0,0.0,2.0,0.0,2.321400000000014,0.0,0.0,1.0,0.0,100.0
mut_f9fa994b822d,3. Changed-File Selection,895.0,21.0,0.0,0.0,0.07280000000000002,0.0,0.0,0.0,,100.0
mut_fa9c05c3dc3f,3. Changed-File Selection,365.0,88.0,7.0,7.0,4.793700000000005,0.18869999999999992,0.0,0.0,100.0,96.06358345328243
mut_fb34793e6bc2,3. Changed-File Selection,507.0,26.0,1.0,1.0,3.8465999999999636,0.13499999999999998,0.0,0.0,100.0,96.49040711277489
mut_fb82d8a971b1,3. Changed-File Selection,191.0,0.0,0.0,0.0,2.2197,0.0,0.0,0.0,,100.0
mut_fbbac85b0bd0,3. Changed-File Selection,365.0,127.0,0.0,0.0,4.793700000000005,0.5084000000000001,0.0,0.0,,89.39441350105348
mut_fc0de64fdbc8,3. Changed-File Selection,191.0,0.0,0.0,0.0,2.2197,0.0,0.0,0.0,,100.0
mut_fc46fb835319,3. Changed-File Selection,895.0,0.0,0.0,0.0,0.07280000000000002,0.0,0.0,0.0,,100.0
mut_fc5453ad45d2,3. Changed-File Selection,507.0,26.0,1.0,1.0,3.8465999999999636,0.13499999999999998,0.0,0.0,100.0,96.49040711277489
mut_fcb8db64c2f7,3. Changed-File Selection,349.0,0.0,3.0,0.0,2.321400000000014,0.0,0.0,1.0,0.0,100.0
mut_fd6d192d4ae0,3. Changed-File Selection,349.0,0.0,7.0,0.0,2.321400000000014,0.0,0.0,1.0,0.0,100.0
mut_fd93fa7458fb,3. Changed-File Selection,365.0,18.0,12.0,0.0,4.793700000000005,0.001,0.0,1.0,0.0,99.97913928698082
mut_fdb18ceaea36,3. Changed-File Selection,365.0,29.0,18.0,18.0,4.793700000000005,4.068999999999999,0.0,0.0,100.0,15.117758724993323
mut_fdb31bfe1c24,3. Changed-File Selection,507.0,507.0,6.0,6.0,3.8465999999999636,3.8465999999999925,0.0,0.0,100.0,-7.531752999057062e-13
mut_fde4d99d3e85,3. Changed-File Selection,507.0,0.0,5.0,0.0,3.8465999999999636,0.0,0.0,1.0,0.0,100.0
mut_fe1b183af319,3. Changed-File Selection,191.0,0.0,0.0,0.0,2.2197,0.0,0.0,0.0,,100.0
mut_fe376be4072e,3. Changed-File Selection,365.0,127.0,2.0,2.0,4.793700000000005,0.5084000000000001,0.0,0.0,100.0,89.39441350105348
mut_fe3c798182db,3. Changed-File Selection,349.0,0.0,231.0,0.0,2.321400000000014,0.0,0.0,1.0,0.0,100.0
mut_fe89d5200881,3. Changed-File Selection,349.0,0.0,11.0,0.0,2.321400000000014,0.0,0.0,1.0,0.0,100.0
mut_fee332bc2d2a,3. Changed-File Selection,349.0,0.0,25.0,0.0,2.321400000000014,0.0,0.0,1.0,0.0,100.0
mut_ff7fe202d04c,3. Changed-File Selection,191.0,2.0,7.0,0.0,2.2197,0.004,0.0,1.0,0.0,99.81979546785601
mut_ff96a6ac2906,3. Changed-File Selection,507.0,100.0,385.0,100.0,3.8465999999999636,0.22690000000000016,0.0,1.0,25.97402597402597,94.10128425102683
mut_ffcd0da5bf30,3. Changed-File Selection,349.0,0.0,4.0,0.0,2.321400000000014,0.0,0.0,1.0,0.0,100.0
mut_caa015827517,4. Static AST Call-Graph Selection,895.0,223.0,0.0,0.0,0.07280000000000002,0.028100000000000003,0.0,0.0,,61.401098901098905
mut_cb44bb46eca3,4. Static AST Call-Graph Selection,191.0,47.0,92.0,35.0,2.2197,0.08809999999999998,0.0,1.0,38.04347826086957,96.03099517952876
mut_ccbba32ee6f5,4. Static AST Call-Graph Selection,191.0,47.0,1.0,1.0,2.2197,0.06370000000000003,0.0,0.0,100.0,97.13024282560707
mut_ce0d69e89f0f,4. Static AST Call-Graph Selection,191.0,47.0,27.0,10.0,2.2197,0.06370000000000003,0.0,1.0,37.03703703703704,97.13024282560707
mut_ce5097a8bae4,4. Static AST Call-Graph Selection,895.0,223.0,1.0,0.0,0.07280000000000002,0.028100000000000003,0.0,1.0,0.0,61.401098901098905
mut_ce8ebe6857fe,4. Static AST Call-Graph Selection,895.0,223.0,13.0,13.0,0.07280000000000002,0.028100000000000003,0.0,0.0,100.0,61.401098901098905
mut_ce961ebfbe8a,4. Static AST Call-Graph Selection,191.0,47.0,0.0,0.0,2.2197,0.08809999999999998,0.0,0.0,,96.03099517952876
mut_cf304955ef3c,4. Static AST Call-Graph Selection,895.0,223.0,0.0,0.0,0.07280000000000002,0.028100000000000003,0.0,0.0,,61.401098901098905
mut_cf6c963757ed,4. Static AST Call-Graph Selection,895.0,223.0,3.0,0.0,0.07280000000000002,0.028100000000000003,0.0,1.0,0.0,61.401098901098905
mut_cf79a6d39691,4. Static AST Call-Graph Selection,895.0,223.0,2.0,0.0,0.07280000000000002,0.028100000000000003,0.0,1.0,0.0,61.401098901098905
mut_d0624774f95c,4. Static AST Call-Graph Selection,191.0,47.0,41.0,14.0,2.2197,0.06370000000000003,0.0,1.0,34.146341463414636,97.13024282560707
mut_d0b1a5c53c7a,4. Static AST Call-Graph Selection,895.0,223.0,19.0,0.0,0.07280000000000002,0.028100000000000003,0.0,1.0,0.0,61.401098901098905
mut_d0e704dbbf55,4. Static AST Call-Graph Selection,191.0,47.0,21.0,11.0,2.2197,0.08809999999999998,0.0,1.0,52.38095238095239,96.03099517952876
mut_d0f4efae548f,4. Static AST Call-Graph Selection,365.0,91.0,0.0,0.0,4.793700000000005,0.42610000000000003,0.0,0.0,,91.11125018253125
mut_d0f91c149491,4. Static AST Call-Graph Selection,895.0,223.0,8.0,8.0,0.07280000000000002,0.028100000000000003,0.0,0.0,100.0,61.401098901098905
mut_d14847af1de6,4. Static AST Call-Graph Selection,191.0,19.0,7.0,7.0,2.2197,0.6797,0.0,0.0,100.0,69.37874487543363
mut_d149277612bd,4. Static AST Call-Graph Selection,895.0,223.0,0.0,0.0,0.07280000000000002,0.028100000000000003,0.0,0.0,,61.401098901098905
mut_d14d6a9bd5e2,4. Static AST Call-Graph Selection,365.0,91.0,2.0,2.0,4.793700000000005,0.053600000000000016,0.0,0.0,100.0,98.88186578217244
mut_d207c4243342,4. Static AST Call-Graph Selection,895.0,223.0,3.0,0.0,0.07280000000000002,0.028100000000000003,0.0,1.0,0.0,61.401098901098905
mut_d26e9eb3bbd7,4. Static AST Call-Graph Selection,191.0,47.0,3.0,2.0,2.2197,0.06300000000000004,0.0,1.0,66.66666666666666,97.16177861873226
mut_d352bccae750,4. Static AST Call-Graph Selection,365.0,91.0,1.0,1.0,4.793700000000005,0.20229999999999995,0.0,0.0,100.0,95.77987775622171
mut_d3f2e21b70f3,4. Static AST Call-Graph Selection,365.0,91.0,7.0,6.0,4.793700000000005,0.053600000000000016,0.0,1.0,85.71428571428571,98.88186578217244
mut_d4bc035cfd69,4. Static AST Call-Graph Selection,191.0,47.0,5.0,4.0,2.2197,0.06370000000000003,0.0,1.0,80.0,97.13024282560707
mut_d5a598e5b5eb,4. Static AST Call-Graph Selection,365.0,91.0,11.0,2.0,4.793700000000005,0.43140000000000006,0.0,1.0,18.181818181818183,91.00068840352964
mut_d5bfbcfc6d6b,4. Static AST Call-Graph Selection,365.0,91.0,2.0,2.0,4.793700000000005,0.19399999999999992,0.0,0.0,100.0,95.95302167428083
mut_d64ff7faf9c1,4. Static AST Call-Graph Selection,365.0,91.0,1.0,1.0,4.793700000000005,0.20229999999999995,0.0,0.0,100.0,95.77987775622171
mut_d673496eccfe,4. Static AST Call-Graph Selection,365.0,91.0,2.0,0.0,4.793700000000005,0.43140000000000006,0.0,1.0,0.0,91.00068840352964
mut_d789c421f786,4. Static AST Call-Graph Selection,895.0,223.0,19.0,19.0,0.07280000000000002,0.028100000000000003,0.0,0.0,100.0,61.401098901098905
mut_d797dded6a37,4. Static AST Call-Graph Selection,895.0,223.0,0.0,0.0,0.07280000000000002,0.028100000000000003,0.0,0.0,,61.401098901098905
mut_d7a43e9b9b40,4. Static AST Call-Graph Selection,365.0,91.0,28.0,0.0,4.793700000000005,0.43140000000000006,0.0,1.0,0.0,91.00068840352964
mut_d836d44fd367,4. Static AST Call-Graph Selection,365.0,91.0,0.0,0.0,4.793700000000005,0.20229999999999995,0.0,0.0,,95.77987775622171
mut_d83c216c3b08,4. Static AST Call-Graph Selection,365.0,91.0,0.0,0.0,4.793700000000005,0.43140000000000006,0.0,0.0,,91.00068840352964
mut_d89bfe05efd2,4. Static AST Call-Graph Selection,365.0,91.0,2.0,2.0,4.793700000000005,0.19399999999999992,0.0,0.0,100.0,95.95302167428083
mut_d8b117db1a7e,4. Static AST Call-Graph Selection,895.0,223.0,4.0,4.0,0.07280000000000002,0.028100000000000003,0.0,0.0,100.0,61.401098901098905
mut_d9b13433630a,4. Static AST Call-Graph Selection,895.0,223.0,0.0,0.0,0.07280000000000002,0.028100000000000003,0.0,0.0,,61.401098901098905
mut_d9fde15d093c,4. Static AST Call-Graph Selection,365.0,91.0,9.0,3.0,4.793700000000005,0.43140000000000006,0.0,1.0,33.33333333333333,91.00068840352964
mut_da19bcd92234,4. Static AST Call-Graph Selection,365.0,91.0,8.0,6.0,4.793700000000005,0.43140000000000006,0.0,1.0,75.0,91.00068840352964
mut_da98b4b12d6b,4. Static AST Call-Graph Selection,191.0,47.0,8.0,0.0,2.2197,0.06300000000000004,0.0,1.0,0.0,97.16177861873226
mut_dabe6b6f9797,4. Static AST Call-Graph Selection,191.0,47.0,0.0,0.0,2.2197,0.08979999999999999,0.0,0.0,,95.95440825336757
mut_dae218ee37c9,4. Static AST Call-Graph Selection,365.0,91.0,1.0,0.0,4.793700000000005,0.42610000000000003,0.0,1.0,0.0,91.11125018253125
mut_db0c05c5ba79,4. Static AST Call-Graph Selection,365.0,91.0,3.0,3.0,4.793700000000005,0.43140000000000006,0.0,0.0,100.0,91.00068840352964
mut_db19b9c3be0f,4. Static AST Call-Graph Selection,365.0,91.0,21.0,5.0,4.793700000000005,0.20229999999999995,0.0,1.0,23.809523809523807,95.77987775622171
mut_db51e974c4a7,4. Static AST Call-Graph Selection,191.0,47.0,120.0,30.0,2.2197,1.5783999999999998,0.0,1.0,25.0,28.891291615984144
mut_db551481015f,4. Static AST Call-Graph Selection,191.0,47.0,0.0,0.0,2.2197,1.5783999999999998,0.0,0.0,,28.891291615984144
mut_dc11bf9c3112,4. Static AST Call-Graph Selection,191.0,19.0,9.0,9.0,2.2197,0.6797,0.0,0.0,100.0,69.37874487543363
mut_dc23088c978a,4. Static AST Call-Graph Selection,191.0,19.0,1.0,1.0,2.2197,0.6797,0.0,0.0,100.0,69.37874487543363
mut_dc56e7048ab7,4. Static AST Call-Graph Selection,365.0,91.0,1.0,0.0,4.793700000000005,0.19399999999999992,0.0,1.0,0.0,95.95302167428083
mut_dcb5286d667c,4. Static AST Call-Graph Selection,895.0,223.0,7.0,7.0,0.07280000000000002,0.028100000000000003,0.0,0.0,100.0,61.401098901098905
mut_dcbecabbebc7,4. Static AST Call-Graph Selection,895.0,223.0,2.0,0.0,0.07280000000000002,0.028100000000000003,0.0,1.0,0.0,61.401098901098905
mut_dcf9b24994ae,4. Static AST Call-Graph Selection,191.0,47.0,2.0,2.0,2.2197,0.08809999999999998,0.0,0.0,100.0,96.03099517952876
mut_dd2029779d86,4. Static AST Call-Graph Selection,895.0,223.0,14.0,0.0,0.07280000000000002,0.028100000000000003,0.0,1.0,0.0,61.401098901098905
mut_dd8be6e5d67d,4. Static AST Call-Graph Selection,365.0,91.0,155.0,21.0,4.793700000000005,0.42610000000000003,0.0,1.0,13.548387096774196,91.11125018253125
mut_ddffa913284a,4. Static AST Call-Graph Selection,895.0,223.0,7.0,7.0,0.07280000000000002,0.028100000000000003,0.0,0.0,100.0,61.401098901098905
mut_de07db6d0354,4. Static AST Call-Graph Selection,895.0,223.0,73.0,0.0,0.07280000000000002,0.028100000000000003,0.0,1.0,0.0,61.401098901098905
mut_de080396a033,4. Static AST Call-Graph Selection,191.0,19.0,0.0,0.0,2.2197,0.6797,0.0,0.0,,69.37874487543363
mut_de0cd1debe22,4. Static AST Call-Graph Selection,191.0,47.0,0.0,0.0,2.2197,0.08809999999999998,0.0,0.0,,96.03099517952876
mut_de3d54f93612,4. Static AST Call-Graph Selection,895.0,223.0,0.0,0.0,0.07280000000000002,0.028100000000000003,0.0,0.0,,61.401098901098905
mut_de45f3060556,4. Static AST Call-Graph Selection,507.0,126.0,24.0,2.0,3.8465999999999636,0.2704000000000002,0.0,1.0,8.333333333333332,92.97041543180984
mut_de93611a8255,4. Static AST Call-Graph Selection,191.0,47.0,0.0,0.0,2.2197,0.06300000000000004,0.0,0.0,,97.16177861873226
mut_deb25f418ef6,4. Static AST Call-Graph Selection,895.0,223.0,1.0,0.0,0.07280000000000002,0.028100000000000003,0.0,1.0,0.0,61.401098901098905
mut_dfe7bf887980,4. Static AST Call-Graph Selection,507.0,126.0,12.0,9.0,3.8465999999999636,2.989299999999997,0.0,1.0,75.0,22.287214683096096
mut_e04304803276,4. Static AST Call-Graph Selection,191.0,47.0,73.0,38.0,2.2197,0.06370000000000003,0.0,1.0,52.054794520547944,97.13024282560707
mut_e0478e596d43,4. Static AST Call-Graph Selection,191.0,47.0,2.0,0.0,2.2197,0.06300000000000004,0.0,1.0,0.0,97.16177861873226
mut_e083a55a6bb5,4. Static AST Call-Graph Selection,895.0,223.0,43.0,43.0,0.07280000000000002,0.028100000000000003,0.0,0.0,100.0,61.401098901098905
mut_e1182c8943ba,4. Static AST Call-Graph Selection,507.0,126.0,0.0,0.0,3.8465999999999636,0.2024,0.0,0.0,,94.7382103675973
mut_e1507a2cf092,4. Static AST Call-Graph Selection,191.0,47.0,0.0,0.0,2.2197,0.08809999999999998,0.0,0.0,,96.03099517952876
mut_e17221f2b716,4. Static AST Call-Graph Selection,507.0,126.0,0.0,0.0,3.8465999999999636,2.989299999999997,0.0,0.0,,22.287214683096096
mut_e1a29b361e0f,4. Static AST Call-Graph Selection,507.0,126.0,1.0,0.0,3.8465999999999636,2.989299999999997,0.0,1.0,0.0,22.287214683096096
mut_e1c2d8def0d5,4. Static AST Call-Graph Selection,365.0,91.0,5.0,3.0,4.793700000000005,0.19399999999999992,0.0,1.0,60.0,95.95302167428083
mut_e281f9de1ee8,4. Static AST Call-Graph Selection,507.0,126.0,0.0,0.0,3.8465999999999636,0.2024,0.0,0.0,,94.7382103675973
mut_e2adab202593,4. Static AST Call-Graph Selection,191.0,47.0,0.0,0.0,2.2197,0.08809999999999998,0.0,0.0,,96.03099517952876
mut_e30b35af2f88,4. Static AST Call-Graph Selection,191.0,47.0,56.0,0.0,2.2197,0.08809999999999998,0.0,1.0,0.0,96.03099517952876
mut_e32189bcd2c9,4. Static AST Call-Graph Selection,507.0,126.0,9.0,3.0,3.8465999999999636,2.989299999999997,0.0,1.0,33.33333333333333,22.287214683096096
mut_e366b4b855c3,4. Static AST Call-Graph Selection,895.0,223.0,0.0,0.0,0.07280000000000002,0.028100000000000003,0.0,0.0,,61.401098901098905
mut_e451fed246dc,4. Static AST Call-Graph Selection,191.0,47.0,1.0,1.0,2.2197,0.08809999999999998,0.0,0.0,100.0,96.03099517952876
mut_e4a7ee5b9f27,4. Static AST Call-Graph Selection,507.0,126.0,90.0,71.0,3.8465999999999636,2.989299999999997,0.0,1.0,78.88888888888889,22.287214683096096
mut_e540b63f1c85,4. Static AST Call-Graph Selection,507.0,126.0,4.0,0.0,3.8465999999999636,0.26890000000000014,0.0,1.0,0.0,93.00941090833456
mut_e598ed37661f,4. Static AST Call-Graph Selection,191.0,19.0,8.0,8.0,2.2197,0.6797,0.0,0.0,100.0,69.37874487543363
mut_e5e6b23d189f,4. Static AST Call-Graph Selection,191.0,19.0,8.0,8.0,2.2197,0.6797,0.0,0.0,100.0,69.37874487543363
mut_e63ee744d58d,4. Static AST Call-Graph Selection,365.0,91.0,5.0,0.0,4.793700000000005,0.43140000000000006,0.0,1.0,0.0,91.00068840352964
mut_e684824e8436,4. Static AST Call-Graph Selection,507.0,126.0,2.0,1.0,3.8465999999999636,0.2704000000000002,0.0,1.0,50.0,92.97041543180984
mut_e695af362c3b,4. Static AST Call-Graph Selection,895.0,223.0,4.0,4.0,0.07280000000000002,0.028100000000000003,0.0,0.0,100.0,61.401098901098905
mut_e6f99fe59835,4. Static AST Call-Graph Selection,365.0,91.0,20.0,15.0,4.793700000000005,0.053600000000000016,0.0,1.0,75.0,98.88186578217244
mut_e6f9c95fe4b4,4. Static AST Call-Graph Selection,191.0,47.0,3.0,1.0,2.2197,0.08809999999999998,0.0,1.0,33.33333333333333,96.03099517952876
mut_e77e3c1a382e,4. Static AST Call-Graph Selection,895.0,223.0,2.0,0.0,0.07280000000000002,0.028100000000000003,0.0,1.0,0.0,61.401098901098905
mut_e79763fc7b17,4. Static AST Call-Graph Selection,365.0,91.0,47.0,40.0,4.793700000000005,0.053600000000000016,0.0,1.0,85.1063829787234,98.88186578217244
mut_e840ceefe4b7,4. Static AST Call-Graph Selection,895.0,223.0,1.0,0.0,0.07280000000000002,0.028100000000000003,0.0,1.0,0.0,61.401098901098905
mut_e84137c4f7b7,4. Static AST Call-Graph Selection,507.0,126.0,1.0,0.0,3.8465999999999636,2.989299999999997,0.0,1.0,0.0,22.287214683096096
mut_e86b7cdde967,4. Static AST Call-Graph Selection,507.0,126.0,1.0,1.0,3.8465999999999636,2.989299999999997,0.0,0.0,100.0,22.287214683096096
mut_e8a9e14532e3,4. Static AST Call-Graph Selection,895.0,8.0,0.0,0.0,0.07280000000000002,0.0,0.0,0.0,,100.0
mut_e8b75853d281,4. Static AST Call-Graph Selection,507.0,126.0,4.0,2.0,3.8465999999999636,2.989299999999997,0.0,1.0,50.0,22.287214683096096
mut_e8e969479d19,4. Static AST Call-Graph Selection,507.0,126.0,0.0,0.0,3.8465999999999636,0.2704000000000002,0.0,0.0,,92.97041543180984
mut_e8f51e73dd46,4. Static AST Call-Graph Selection,191.0,47.0,2.0,0.0,2.2197,0.08809999999999998,0.0,1.0,0.0,96.03099517952876
mut_e9300e1564b7,4. Static AST Call-Graph Selection,365.0,91.0,2.0,2.0,4.793700000000005,0.053600000000000016,0.0,0.0,100.0,98.88186578217244
mut_e9dd4aa61447,4. Static AST Call-Graph Selection,365.0,91.0,45.0,27.0,4.793700000000005,0.43140000000000006,0.0,1.0,60.0,91.00068840352964
mut_e9f268f6ceae,4. Static AST Call-Graph Selection,895.0,223.0,0.0,0.0,0.07280000000000002,0.028100000000000003,0.0,0.0,,61.401098901098905
mut_eb30b583ee7e,4. Static AST Call-Graph Selection,349.0,87.0,68.0,23.0,2.321400000000014,2.2379999999999987,0.0,1.0,33.82352941176471,3.592659601964968
mut_ec0d392814db,4. Static AST Call-Graph Selection,507.0,126.0,37.0,27.0,3.8465999999999636,2.989299999999997,0.0,1.0,72.97297297297297,22.287214683096096
mut_ec1d454c6747,4. Static AST Call-Graph Selection,507.0,126.0,2.0,2.0,3.8465999999999636,2.989299999999997,0.0,0.0,100.0,22.287214683096096
mut_ec28ba8ea5d6,4. Static AST Call-Graph Selection,365.0,91.0,2.0,0.0,4.793700000000005,0.43140000000000006,0.0,1.0,0.0,91.00068840352964
mut_ecaed389765b,4. Static AST Call-Graph Selection,507.0,126.0,3.0,3.0,3.8465999999999636,2.989299999999997,0.0,0.0,100.0,22.287214683096096
mut_ecb13c489ff3,4. Static AST Call-Graph Selection,507.0,126.0,92.0,25.0,3.8465999999999636,0.2675000000000001,0.0,1.0,27.173913043478258,93.0458066864243
mut_ecbc76dc1646,4. Static AST Call-Graph Selection,895.0,223.0,0.0,0.0,0.07280000000000002,0.028100000000000003,0.0,0.0,,61.401098901098905
mut_ed4d1bdaa59e,4. Static AST Call-Graph Selection,895.0,223.0,0.0,0.0,0.07280000000000002,0.028100000000000003,0.0,0.0,,61.401098901098905
mut_ed9e5f0b9b69,4. Static AST Call-Graph Selection,895.0,223.0,3.0,3.0,0.07280000000000002,0.028100000000000003,0.0,0.0,100.0,61.401098901098905
mut_edda2e070d47,4. Static AST Call-Graph Selection,507.0,126.0,2.0,2.0,3.8465999999999636,2.989299999999997,0.0,0.0,100.0,22.287214683096096
mut_ee21a9b323b3,4. Static AST Call-Graph Selection,895.0,223.0,4.0,4.0,0.07280000000000002,0.028100000000000003,0.0,0.0,100.0,61.401098901098905
mut_ee6f2cc70cef,4. Static AST Call-Graph Selection,349.0,87.0,52.0,17.0,2.321400000000014,2.2379999999999987,0.0,1.0,32.69230769230769,3.592659601964968
mut_ee813226383c,4. Static AST Call-Graph Selection,895.0,223.0,0.0,0.0,0.07280000000000002,0.028100000000000003,0.0,0.0,,61.401098901098905
mut_eea66e82ba39,4. Static AST Call-Graph Selection,895.0,223.0,0.0,0.0,0.07280000000000002,0.028100000000000003,0.0,0.0,,61.401098901098905
mut_eeee9e9a5f8f,4. Static AST Call-Graph Selection,349.0,87.0,2.0,0.0,2.321400000000014,2.2379999999999987,0.0,1.0,0.0,3.592659601964968
mut_ef2e652b5cd6,4. Static AST Call-Graph Selection,365.0,91.0,0.0,0.0,4.793700000000005,0.053600000000000016,0.0,0.0,,98.88186578217244
mut_ef3ec1969ca8,4. Static AST Call-Graph Selection,507.0,126.0,0.0,0.0,3.8465999999999636,2.989299999999997,0.0,0.0,,22.287214683096096
mut_ef55ac592d94,4. Static AST Call-Graph Selection,349.0,87.0,2.0,1.0,2.321400000000014,2.2379999999999987,0.0,1.0,50.0,3.592659601964968
mut_ef5ae42fef7e,4. Static AST Call-Graph Selection,349.0,87.0,3.0,0.0,2.321400000000014,2.2379999999999987,0.0,1.0,0.0,3.592659601964968
mut_ef68dbeea99f,4. Static AST Call-Graph Selection,191.0,47.0,0.0,0.0,2.2197,0.08979999999999999,0.0,0.0,,95.95440825336757
mut_ef77608e9963,4. Static AST Call-Graph Selection,349.0,87.0,5.0,0.0,2.321400000000014,2.2379999999999987,0.0,1.0,0.0,3.592659601964968
mut_efd43e5ff379,4. Static AST Call-Graph Selection,365.0,91.0,1.0,1.0,4.793700000000005,0.19399999999999992,0.0,0.0,100.0,95.95302167428083
mut_efee4bf9e8a0,4. Static AST Call-Graph Selection,365.0,91.0,64.0,57.0,4.793700000000005,0.053600000000000016,0.0,1.0,89.0625,98.88186578217244
mut_eff8901c9a2f,4. Static AST Call-Graph Selection,365.0,91.0,5.0,5.0,4.793700000000005,0.43140000000000006,0.0,0.0,100.0,91.00068840352964
mut_f090362342f3,4. Static AST Call-Graph Selection,895.0,223.0,0.0,0.0,0.07280000000000002,0.028100000000000003,0.0,0.0,,61.401098901098905
mut_f0c31847ee45,4. Static AST Call-Graph Selection,191.0,47.0,16.0,8.0,2.2197,0.06370000000000003,0.0,1.0,50.0,97.13024282560707
mut_f11fd8798731,4. Static AST Call-Graph Selection,365.0,91.0,39.0,34.0,4.793700000000005,0.053600000000000016,0.0,1.0,87.17948717948718,98.88186578217244
mut_f14a2d9d7381,4. Static AST Call-Graph Selection,349.0,87.0,4.0,1.0,2.321400000000014,2.2379999999999987,0.0,1.0,25.0,3.592659601964968
mut_f14adc221828,4. Static AST Call-Graph Selection,895.0,223.0,40.0,40.0,0.07280000000000002,0.028100000000000003,0.0,0.0,100.0,61.401098901098905
mut_f1510c477b77,4. Static AST Call-Graph Selection,365.0,91.0,25.0,17.0,4.793700000000005,0.43140000000000006,0.0,1.0,68.0,91.00068840352964
mut_f1691d1bf5e2,4. Static AST Call-Graph Selection,365.0,91.0,24.0,16.0,4.793700000000005,0.43140000000000006,0.0,1.0,66.66666666666666,91.00068840352964
mut_f1b08f78c308,4. Static AST Call-Graph Selection,365.0,91.0,12.0,11.0,4.793700000000005,0.19399999999999992,0.0,1.0,91.66666666666666,95.95302167428083
mut_f2146d8bf14a,4. Static AST Call-Graph Selection,349.0,87.0,0.0,0.0,2.321400000000014,2.2379999999999987,0.0,0.0,,3.592659601964968
mut_f23c3fd076fb,4. Static AST Call-Graph Selection,349.0,87.0,2.0,0.0,2.321400000000014,2.2379999999999987,0.0,1.0,0.0,3.592659601964968
mut_f2f41ed26fd9,4. Static AST Call-Graph Selection,365.0,91.0,22.0,6.0,4.793700000000005,0.20229999999999995,0.0,1.0,27.27272727272727,95.77987775622171
mut_f2fbb8b10761,4. Static AST Call-Graph Selection,191.0,19.0,17.0,17.0,2.2197,0.6797,0.0,0.0,100.0,69.37874487543363
mut_f310d6be9786,4. Static AST Call-Graph Selection,365.0,91.0,68.0,60.0,4.793700000000005,0.053600000000000016,0.0,1.0,88.23529411764706,98.88186578217244
mut_f37e77045099,4. Static AST Call-Graph Selection,349.0,87.0,0.0,0.0,2.321400000000014,2.2379999999999987,0.0,0.0,,3.592659601964968
mut_f3a9789e0bc0,4. Static AST Call-Graph Selection,507.0,126.0,0.0,0.0,3.8465999999999636,2.989299999999997,0.0,0.0,,22.287214683096096
mut_f3d469a1a06c,4. Static AST Call-Graph Selection,507.0,126.0,178.0,86.0,3.8465999999999636,0.2704000000000002,0.0,1.0,48.31460674157304,92.97041543180984
mut_f3f4f8e28edf,4. Static AST Call-Graph Selection,365.0,91.0,4.0,4.0,4.793700000000005,0.053600000000000016,0.0,0.0,100.0,98.88186578217244
mut_f489b8cff73f,4. Static AST Call-Graph Selection,191.0,47.0,0.0,0.0,2.2197,1.5783999999999998,0.0,0.0,,28.891291615984144
mut_f4a038057e54,4. Static AST Call-Graph Selection,349.0,87.0,179.0,40.0,2.321400000000014,2.2379999999999987,0.0,1.0,22.3463687150838,3.592659601964968
mut_f4c73147e9af,4. Static AST Call-Graph Selection,895.0,223.0,0.0,0.0,0.07280000000000002,0.028100000000000003,0.0,0.0,,61.401098901098905
mut_f4d6b2ad1e1c,4. Static AST Call-Graph Selection,507.0,126.0,9.0,0.0,3.8465999999999636,2.989299999999997,0.0,1.0,0.0,22.287214683096096
mut_f4e26f1d8b05,4. Static AST Call-Graph Selection,895.0,223.0,8.0,0.0,0.07280000000000002,0.028100000000000003,0.0,1.0,0.0,61.401098901098905
mut_f584f6b9da37,4. Static AST Call-Graph Selection,349.0,87.0,7.0,0.0,2.321400000000014,2.2379999999999987,0.0,1.0,0.0,3.592659601964968
mut_f58e4bd61135,4. Static AST Call-Graph Selection,349.0,87.0,3.0,0.0,2.321400000000014,2.2379999999999987,0.0,1.0,0.0,3.592659601964968
mut_f5b94d22319e,4. Static AST Call-Graph Selection,507.0,126.0,1.0,0.0,3.8465999999999636,2.989299999999997,0.0,1.0,0.0,22.287214683096096
mut_f5cbb94c9f6d,4. Static AST Call-Graph Selection,191.0,47.0,0.0,0.0,2.2197,0.08809999999999998,0.0,0.0,,96.03099517952876
mut_f5edfd2c8d26,4. Static AST Call-Graph Selection,507.0,126.0,0.0,0.0,3.8465999999999636,2.989299999999997,0.0,0.0,,22.287214683096096
mut_f657c1e78461,4. Static AST Call-Graph Selection,349.0,87.0,3.0,2.0,2.321400000000014,2.2379999999999987,0.0,1.0,66.66666666666666,3.592659601964968
mut_f6d3d796a500,4. Static AST Call-Graph Selection,895.0,223.0,0.0,0.0,0.07280000000000002,0.028100000000000003,0.0,0.0,,61.401098901098905
mut_f726806a29dd,4. Static AST Call-Graph Selection,365.0,91.0,127.0,4.0,4.793700000000005,0.43140000000000006,0.0,1.0,3.149606299212598,91.00068840352964
mut_f81ebf6603d2,4. Static AST Call-Graph Selection,191.0,47.0,1.0,0.0,2.2197,0.06300000000000004,0.0,1.0,0.0,97.16177861873226
mut_f851c9c08a7b,4. Static AST Call-Graph Selection,349.0,87.0,68.0,6.0,2.321400000000014,2.2379999999999987,0.0,1.0,8.823529411764707,3.592659601964968
mut_f85ae10d679a,4. Static AST Call-Graph Selection,191.0,47.0,17.0,17.0,2.2197,0.7178999999999998,0.0,0.0,100.0,67.6577915934586
mut_f87aba4bda98,4. Static AST Call-Graph Selection,895.0,223.0,2.0,0.0,0.07280000000000002,0.028100000000000003,0.0,1.0,0.0,61.401098901098905
mut_f8c65688bc5f,4. Static AST Call-Graph Selection,365.0,91.0,4.0,4.0,4.793700000000005,0.20229999999999995,0.0,0.0,100.0,95.77987775622171
mut_f8da1dc96e6e,4. Static AST Call-Graph Selection,349.0,87.0,0.0,0.0,2.321400000000014,2.2379999999999987,0.0,0.0,,3.592659601964968
mut_f8dc35c233f1,4. Static AST Call-Graph Selection,895.0,223.0,2.0,1.0,0.07280000000000002,0.028100000000000003,0.0,1.0,50.0,61.401098901098905
mut_f8e011568a6e,4. Static AST Call-Graph Selection,349.0,87.0,6.0,0.0,2.321400000000014,2.2379999999999987,0.0,1.0,0.0,3.592659601964968
mut_f90d8b063f24,4. Static AST Call-Graph Selection,349.0,87.0,4.0,4.0,2.321400000000014,2.2379999999999987,0.0,0.0,100.0,3.592659601964968
mut_f955c7586f9e,4. Static AST Call-Graph Selection,349.0,87.0,0.0,0.0,2.321400000000014,2.2379999999999987,0.0,0.0,,3.592659601964968
mut_f9a092a9f938,4. Static AST Call-Graph Selection,349.0,87.0,2.0,0.0,2.321400000000014,2.2379999999999987,0.0,1.0,0.0,3.592659601964968
mut_f9fa994b822d,4. Static AST Call-Graph Selection,895.0,223.0,0.0,0.0,0.07280000000000002,0.028100000000000003,0.0,0.0,,61.401098901098905
mut_fa9c05c3dc3f,4. Static AST Call-Graph Selection,365.0,91.0,7.0,7.0,4.793700000000005,0.19399999999999992,0.0,0.0,100.0,95.95302167428083
mut_fb34793e6bc2,4. Static AST Call-Graph Selection,507.0,126.0,1.0,1.0,3.8465999999999636,2.989299999999997,0.0,0.0,100.0,22.287214683096096
mut_fb82d8a971b1,4. Static AST Call-Graph Selection,191.0,47.0,0.0,0.0,2.2197,1.5783999999999998,0.0,0.0,,28.891291615984144
mut_fbbac85b0bd0,4. Static AST Call-Graph Selection,365.0,91.0,0.0,0.0,4.793700000000005,0.43140000000000006,0.0,0.0,,91.00068840352964
mut_fc0de64fdbc8,4. Static AST Call-Graph Selection,191.0,47.0,0.0,0.0,2.2197,1.5783999999999998,0.0,0.0,,28.891291615984144
mut_fc46fb835319,4. Static AST Call-Graph Selection,895.0,223.0,0.0,0.0,0.07280000000000002,0.028100000000000003,0.0,0.0,,61.401098901098905
mut_fc5453ad45d2,4. Static AST Call-Graph Selection,507.0,126.0,1.0,1.0,3.8465999999999636,2.989299999999997,0.0,0.0,100.0,22.287214683096096
mut_fcb8db64c2f7,4. Static AST Call-Graph Selection,349.0,87.0,3.0,1.0,2.321400000000014,2.2379999999999987,0.0,1.0,33.33333333333333,3.592659601964968
mut_fd6d192d4ae0,4. Static AST Call-Graph Selection,349.0,87.0,7.0,6.0,2.321400000000014,2.2379999999999987,0.0,1.0,85.71428571428571,3.592659601964968
mut_fd93fa7458fb,4. Static AST Call-Graph Selection,365.0,91.0,12.0,3.0,4.793700000000005,0.42610000000000003,0.0,1.0,25.0,91.11125018253125
mut_fdb18ceaea36,4. Static AST Call-Graph Selection,365.0,91.0,18.0,0.0,4.793700000000005,0.43140000000000006,0.0,1.0,0.0,91.00068840352964
mut_fdb31bfe1c24,4. Static AST Call-Graph Selection,507.0,126.0,6.0,1.0,3.8465999999999636,0.2704000000000002,0.0,1.0,16.666666666666664,92.97041543180984
mut_fde4d99d3e85,4. Static AST Call-Graph Selection,507.0,126.0,5.0,4.0,3.8465999999999636,2.989299999999997,0.0,1.0,80.0,22.287214683096096
mut_fe1b183af319,4. Static AST Call-Graph Selection,191.0,47.0,0.0,0.0,2.2197,0.08979999999999999,0.0,0.0,,95.95440825336757
mut_fe376be4072e,4. Static AST Call-Graph Selection,365.0,91.0,2.0,2.0,4.793700000000005,0.43140000000000006,0.0,0.0,100.0,91.00068840352964
mut_fe3c798182db,4. Static AST Call-Graph Selection,349.0,87.0,231.0,51.0,2.321400000000014,2.2379999999999987,0.0,1.0,22.07792207792208,3.592659601964968
mut_fe89d5200881,4. Static AST Call-Graph Selection,349.0,87.0,11.0,0.0,2.321400000000014,2.2379999999999987,0.0,1.0,0.0,3.592659601964968
mut_fee332bc2d2a,4. Static AST Call-Graph Selection,349.0,87.0,25.0,14.0,2.321400000000014,2.2379999999999987,0.0,1.0,56.00000000000001,3.592659601964968
mut_ff7fe202d04c,4. Static AST Call-Graph Selection,191.0,47.0,7.0,1.0,2.2197,0.06300000000000004,0.0,1.0,14.285714285714285,97.16177861873226
mut_ff96a6ac2906,4. Static AST Call-Graph Selection,507.0,126.0,385.0,78.0,3.8465999999999636,2.989299999999997,0.0,1.0,20.259740259740262,22.287214683096096
mut_ffcd0da5bf30,4. Static AST Call-Graph Selection,349.0,87.0,4.0,2.0,2.321400000000014,2.2379999999999987,0.0,1.0,50.0,3.592659601964968
mut_caa015827517,5. Historical Failure Frequency,895.0,223.0,0.0,0.0,0.07280000000000002,0.0397,0.0,0.0,,45.467032967032985
mut_cb44bb46eca3,5. Historical Failure Frequency,191.0,47.0,92.0,28.0,2.2197,1.8674000000000002,0.0,1.0,30.434782608695656,15.871514168581342
mut_ccbba32ee6f5,5. Historical Failure Frequency,191.0,47.0,1.0,0.0,2.2197,1.8674000000000002,0.0,1.0,0.0,15.871514168581342
mut_ce0d69e89f0f,5. Historical Failure Frequency,191.0,47.0,27.0,13.0,2.2197,1.8674000000000002,0.0,1.0,48.148148148148145,15.871514168581342
mut_ce5097a8bae4,5. Historical Failure Frequency,895.0,223.0,1.0,0.0,0.07280000000000002,0.0397,0.0,1.0,0.0,45.467032967032985
mut_ce8ebe6857fe,5. Historical Failure Frequency,895.0,223.0,13.0,13.0,0.07280000000000002,0.0397,0.0,0.0,100.0,45.467032967032985
mut_ce961ebfbe8a,5. Historical Failure Frequency,191.0,47.0,0.0,0.0,2.2197,1.8674000000000002,0.0,0.0,,15.871514168581342
mut_cf304955ef3c,5. Historical Failure Frequency,895.0,223.0,0.0,0.0,0.07280000000000002,0.0397,0.0,0.0,,45.467032967032985
mut_cf6c963757ed,5. Historical Failure Frequency,895.0,223.0,3.0,1.0,0.07280000000000002,0.0397,0.0,1.0,33.33333333333333,45.467032967032985
mut_cf79a6d39691,5. Historical Failure Frequency,895.0,223.0,2.0,2.0,0.07280000000000002,0.0397,0.0,0.0,100.0,45.467032967032985
mut_d0624774f95c,5. Historical Failure Frequency,191.0,47.0,41.0,15.0,2.2197,1.8674000000000002,0.0,1.0,36.58536585365854,15.871514168581342
mut_d0b1a5c53c7a,5. Historical Failure Frequency,895.0,223.0,19.0,19.0,0.07280000000000002,0.0397,0.0,0.0,100.0,45.467032967032985
mut_d0e704dbbf55,5. Historical Failure Frequency,191.0,47.0,21.0,2.0,2.2197,1.8674000000000002,0.0,1.0,9.523809523809524,15.871514168581342
mut_d0f4efae548f,5. Historical Failure Frequency,365.0,91.0,0.0,0.0,4.793700000000005,0.05030000000000002,0.0,0.0,,98.9507061351357
mut_d0f91c149491,5. Historical Failure Frequency,895.0,223.0,8.0,1.0,0.07280000000000002,0.0397,0.0,1.0,12.5,45.467032967032985
mut_d14847af1de6,5. Historical Failure Frequency,191.0,47.0,7.0,7.0,2.2197,1.8674000000000002,0.0,0.0,100.0,15.871514168581342
mut_d149277612bd,5. Historical Failure Frequency,895.0,223.0,0.0,0.0,0.07280000000000002,0.0397,0.0,0.0,,45.467032967032985
mut_d14d6a9bd5e2,5. Historical Failure Frequency,365.0,91.0,2.0,2.0,4.793700000000005,0.05030000000000002,0.0,0.0,100.0,98.9507061351357
mut_d207c4243342,5. Historical Failure Frequency,895.0,223.0,3.0,3.0,0.07280000000000002,0.0397,0.0,0.0,100.0,45.467032967032985
mut_d26e9eb3bbd7,5. Historical Failure Frequency,191.0,47.0,3.0,0.0,2.2197,1.8674000000000002,0.0,1.0,0.0,15.871514168581342
mut_d352bccae750,5. Historical Failure Frequency,365.0,91.0,1.0,1.0,4.793700000000005,0.05030000000000002,0.0,0.0,100.0,98.9507061351357
mut_d3f2e21b70f3,5. Historical Failure Frequency,365.0,91.0,7.0,7.0,4.793700000000005,0.05030000000000002,0.0,0.0,100.0,98.9507061351357
mut_d4bc035cfd69,5. Historical Failure Frequency,191.0,47.0,5.0,1.0,2.2197,1.8674000000000002,0.0,1.0,20.0,15.871514168581342
mut_d5a598e5b5eb,5. Historical Failure Frequency,365.0,91.0,11.0,2.0,4.793700000000005,0.05030000000000002,0.0,1.0,18.181818181818183,98.9507061351357
mut_d5bfbcfc6d6b,5. Historical Failure Frequency,365.0,91.0,2.0,0.0,4.793700000000005,0.05030000000000002,0.0,1.0,0.0,98.9507061351357
mut_d64ff7faf9c1,5. Historical Failure Frequency,365.0,91.0,1.0,0.0,4.793700000000005,0.05030000000000002,0.0,1.0,0.0,98.9507061351357
mut_d673496eccfe,5. Historical Failure Frequency,365.0,91.0,2.0,1.0,4.793700000000005,0.05030000000000002,0.0,1.0,50.0,98.9507061351357
mut_d789c421f786,5. Historical Failure Frequency,895.0,223.0,19.0,12.0,0.07280000000000002,0.0397,0.0,1.0,63.1578947368421,45.467032967032985
mut_d797dded6a37,5. Historical Failure Frequency,895.0,223.0,0.0,0.0,0.07280000000000002,0.0397,0.0,0.0,,45.467032967032985
mut_d7a43e9b9b40,5. Historical Failure Frequency,365.0,91.0,28.0,2.0,4.793700000000005,0.05030000000000002,0.0,1.0,7.142857142857142,98.9507061351357
mut_d836d44fd367,5. Historical Failure Frequency,365.0,91.0,0.0,0.0,4.793700000000005,0.05060000000000003,0.0,0.0,,98.94444792122995
mut_d83c216c3b08,5. Historical Failure Frequency,365.0,91.0,0.0,0.0,4.793700000000005,0.05060000000000003,0.0,0.0,,98.94444792122995
mut_d89bfe05efd2,5. Historical Failure Frequency,365.0,91.0,2.0,0.0,4.793700000000005,0.05060000000000003,0.0,1.0,0.0,98.94444792122995
mut_d8b117db1a7e,5. Historical Failure Frequency,895.0,223.0,4.0,4.0,0.07280000000000002,0.0397,0.0,0.0,100.0,45.467032967032985
mut_d9b13433630a,5. Historical Failure Frequency,895.0,223.0,0.0,0.0,0.07280000000000002,0.0397,0.0,0.0,,45.467032967032985
mut_d9fde15d093c,5. Historical Failure Frequency,365.0,91.0,9.0,4.0,4.793700000000005,0.05060000000000003,0.0,1.0,44.44444444444444,98.94444792122995
mut_da19bcd92234,5. Historical Failure Frequency,365.0,91.0,8.0,2.0,4.793700000000005,0.04730000000000003,0.0,1.0,25.0,99.01328827419321
mut_da98b4b12d6b,5. Historical Failure Frequency,191.0,47.0,8.0,2.0,2.2197,1.8674000000000002,0.0,1.0,25.0,15.871514168581342
mut_dabe6b6f9797,5. Historical Failure Frequency,191.0,47.0,0.0,0.0,2.2197,1.8674000000000002,0.0,0.0,,15.871514168581342
mut_dae218ee37c9,5. Historical Failure Frequency,365.0,91.0,1.0,0.0,4.793700000000005,0.04730000000000002,0.0,1.0,0.0,99.01328827419321
mut_db0c05c5ba79,5. Historical Failure Frequency,365.0,91.0,3.0,0.0,4.793700000000005,0.04730000000000002,0.0,1.0,0.0,99.01328827419321
mut_db19b9c3be0f,5. Historical Failure Frequency,365.0,91.0,21.0,6.0,4.793700000000005,0.04730000000000002,0.0,1.0,28.57142857142857,99.01328827419321
mut_db51e974c4a7,5. Historical Failure Frequency,191.0,47.0,120.0,38.0,2.2197,1.8674000000000002,0.0,1.0,31.666666666666664,15.871514168581342
mut_db551481015f,5. Historical Failure Frequency,191.0,47.0,0.0,0.0,2.2197,1.8674000000000002,0.0,0.0,,15.871514168581342
mut_dc11bf9c3112,5. Historical Failure Frequency,191.0,47.0,9.0,9.0,2.2197,1.8674000000000002,0.0,0.0,100.0,15.871514168581342
mut_dc23088c978a,5. Historical Failure Frequency,191.0,47.0,1.0,1.0,2.2197,1.8674000000000002,0.0,0.0,100.0,15.871514168581342
mut_dc56e7048ab7,5. Historical Failure Frequency,365.0,91.0,1.0,1.0,4.793700000000005,0.04700000000000003,0.0,0.0,100.0,99.01954648809897
mut_dcb5286d667c,5. Historical Failure Frequency,895.0,223.0,7.0,7.0,0.07280000000000002,0.0397,0.0,0.0,100.0,45.467032967032985
mut_dcbecabbebc7,5. Historical Failure Frequency,895.0,223.0,2.0,2.0,0.07280000000000002,0.0397,0.0,0.0,100.0,45.467032967032985
mut_dcf9b24994ae,5. Historical Failure Frequency,191.0,47.0,2.0,0.0,2.2197,1.8674000000000002,0.0,1.0,0.0,15.871514168581342
mut_dd2029779d86,5. Historical Failure Frequency,895.0,223.0,14.0,14.0,0.07280000000000002,0.0397,0.0,0.0,100.0,45.467032967032985
mut_dd8be6e5d67d,5. Historical Failure Frequency,365.0,91.0,155.0,74.0,4.793700000000005,0.04700000000000003,0.0,1.0,47.74193548387097,99.01954648809897
mut_ddffa913284a,5. Historical Failure Frequency,895.0,223.0,7.0,7.0,0.07280000000000002,0.0397,0.0,0.0,100.0,45.467032967032985
mut_de07db6d0354,5. Historical Failure Frequency,895.0,223.0,73.0,60.0,0.07280000000000002,0.0397,0.0,1.0,82.1917808219178,45.467032967032985
mut_de080396a033,5. Historical Failure Frequency,191.0,47.0,0.0,0.0,2.2197,1.8674000000000002,0.0,0.0,,15.871514168581342
mut_de0cd1debe22,5. Historical Failure Frequency,191.0,47.0,0.0,0.0,2.2197,1.8674000000000002,0.0,0.0,,15.871514168581342
mut_de3d54f93612,5. Historical Failure Frequency,895.0,223.0,0.0,0.0,0.07280000000000002,0.0397,0.0,0.0,,45.467032967032985
mut_de45f3060556,5. Historical Failure Frequency,507.0,126.0,24.0,23.0,3.8465999999999636,0.4883000000000003,0.0,1.0,95.83333333333334,87.305672541985
mut_de93611a8255,5. Historical Failure Frequency,191.0,47.0,0.0,0.0,2.2197,1.8674000000000002,0.0,0.0,,15.871514168581342
mut_deb25f418ef6,5. Historical Failure Frequency,895.0,223.0,1.0,1.0,0.07280000000000002,0.0397,0.0,0.0,100.0,45.467032967032985
mut_dfe7bf887980,5. Historical Failure Frequency,507.0,126.0,12.0,12.0,3.8465999999999636,0.4883000000000003,0.0,0.0,100.0,87.305672541985
mut_e04304803276,5. Historical Failure Frequency,191.0,47.0,73.0,19.0,2.2197,1.8674000000000002,0.0,1.0,26.027397260273972,15.871514168581342
mut_e0478e596d43,5. Historical Failure Frequency,191.0,47.0,2.0,1.0,2.2197,1.8881000000000001,0.0,1.0,50.0,14.938955714736224
mut_e083a55a6bb5,5. Historical Failure Frequency,895.0,223.0,43.0,0.0,0.07280000000000002,0.0397,0.0,1.0,0.0,45.467032967032985
mut_e1182c8943ba,5. Historical Failure Frequency,507.0,126.0,0.0,0.0,3.8465999999999636,0.4883000000000003,0.0,0.0,,87.305672541985
mut_e1507a2cf092,5. Historical Failure Frequency,191.0,47.0,0.0,0.0,2.2197,1.8881000000000001,0.0,0.0,,14.938955714736224
mut_e17221f2b716,5. Historical Failure Frequency,507.0,126.0,0.0,0.0,3.8465999999999636,0.4883000000000003,0.0,0.0,,87.305672541985
mut_e1a29b361e0f,5. Historical Failure Frequency,507.0,126.0,1.0,0.0,3.8465999999999636,0.4883000000000003,0.0,1.0,0.0,87.305672541985
mut_e1c2d8def0d5,5. Historical Failure Frequency,365.0,91.0,5.0,1.0,4.793700000000005,0.04700000000000003,0.0,1.0,20.0,99.01954648809897
mut_e281f9de1ee8,5. Historical Failure Frequency,507.0,126.0,0.0,0.0,3.8465999999999636,0.4883000000000003,0.0,0.0,,87.305672541985
mut_e2adab202593,5. Historical Failure Frequency,191.0,47.0,0.0,0.0,2.2197,1.8881000000000001,0.0,0.0,,14.938955714736224
mut_e30b35af2f88,5. Historical Failure Frequency,191.0,47.0,56.0,45.0,2.2197,1.8881000000000001,0.0,1.0,80.35714285714286,14.938955714736224
mut_e32189bcd2c9,5. Historical Failure Frequency,507.0,126.0,9.0,3.0,3.8465999999999636,0.4883000000000003,0.0,1.0,33.33333333333333,87.305672541985
mut_e366b4b855c3,5. Historical Failure Frequency,895.0,223.0,0.0,0.0,0.07280000000000002,0.0397,0.0,0.0,,45.467032967032985
mut_e451fed246dc,5. Historical Failure Frequency,191.0,47.0,1.0,0.0,2.2197,1.8881000000000001,0.0,1.0,0.0,14.938955714736224
mut_e4a7ee5b9f27,5. Historical Failure Frequency,507.0,126.0,90.0,56.0,3.8465999999999636,0.4883000000000003,0.0,1.0,62.22222222222222,87.305672541985
mut_e540b63f1c85,5. Historical Failure Frequency,507.0,126.0,4.0,1.0,3.8465999999999636,0.5159000000000001,0.0,1.0,25.0,86.5881557739301
mut_e598ed37661f,5. Historical Failure Frequency,191.0,47.0,8.0,8.0,2.2197,1.8881000000000001,0.0,0.0,100.0,14.938955714736224
mut_e5e6b23d189f,5. Historical Failure Frequency,191.0,47.0,8.0,8.0,2.2197,1.8881000000000001,0.0,0.0,100.0,14.938955714736224
mut_e63ee744d58d,5. Historical Failure Frequency,365.0,91.0,5.0,3.0,4.793700000000005,0.04730000000000003,0.0,1.0,60.0,99.01328827419321
mut_e684824e8436,5. Historical Failure Frequency,507.0,126.0,2.0,1.0,3.8465999999999636,0.5159000000000001,0.0,1.0,50.0,86.5881557739301
mut_e695af362c3b,5. Historical Failure Frequency,895.0,223.0,4.0,2.0,0.07280000000000002,0.0397,0.0,1.0,50.0,45.467032967032985
mut_e6f99fe59835,5. Historical Failure Frequency,365.0,91.0,20.0,20.0,4.793700000000005,0.04700000000000003,0.0,0.0,100.0,99.01954648809897
mut_e6f9c95fe4b4,5. Historical Failure Frequency,191.0,47.0,3.0,2.0,2.2197,1.8881000000000001,0.0,1.0,66.66666666666666,14.938955714736224
mut_e77e3c1a382e,5. Historical Failure Frequency,895.0,223.0,2.0,2.0,0.07280000000000002,0.0397,0.0,0.0,100.0,45.467032967032985
mut_e79763fc7b17,5. Historical Failure Frequency,365.0,91.0,47.0,44.0,4.793700000000005,0.04700000000000003,0.0,1.0,93.61702127659575,99.01954648809897
mut_e840ceefe4b7,5. Historical Failure Frequency,895.0,223.0,1.0,0.0,0.07280000000000002,0.0397,0.0,1.0,0.0,45.467032967032985
mut_e84137c4f7b7,5. Historical Failure Frequency,507.0,126.0,1.0,0.0,3.8465999999999636,0.5159000000000001,0.0,1.0,0.0,86.5881557739301
mut_e86b7cdde967,5. Historical Failure Frequency,507.0,126.0,1.0,0.0,3.8465999999999636,0.5159000000000001,0.0,1.0,0.0,86.5881557739301
mut_e8a9e14532e3,5. Historical Failure Frequency,895.0,223.0,0.0,0.0,0.07280000000000002,0.0397,0.0,0.0,,45.467032967032985
mut_e8b75853d281,5. Historical Failure Frequency,507.0,126.0,4.0,0.0,3.8465999999999636,0.5159000000000001,0.0,1.0,0.0,86.5881557739301
mut_e8e969479d19,5. Historical Failure Frequency,507.0,126.0,0.0,0.0,3.8465999999999636,0.5159000000000001,0.0,0.0,,86.5881557739301
mut_e8f51e73dd46,5. Historical Failure Frequency,191.0,47.0,2.0,0.0,2.2197,1.8881000000000001,0.0,1.0,0.0,14.938955714736224
mut_e9300e1564b7,5. Historical Failure Frequency,365.0,91.0,2.0,2.0,4.793700000000005,0.04830000000000003,0.0,0.0,100.0,98.99242756117404
mut_e9dd4aa61447,5. Historical Failure Frequency,365.0,91.0,45.0,3.0,4.793700000000005,0.04830000000000003,0.0,1.0,6.666666666666667,98.99242756117404
mut_e9f268f6ceae,5. Historical Failure Frequency,895.0,223.0,0.0,0.0,0.07280000000000002,0.0397,0.0,0.0,,45.467032967032985
mut_eb30b583ee7e,5. Historical Failure Frequency,349.0,87.0,68.0,30.0,2.321400000000014,1.7659999999999978,0.0,1.0,44.11764705882353,23.925217541139517
mut_ec0d392814db,5. Historical Failure Frequency,507.0,126.0,37.0,37.0,3.8465999999999636,0.5159000000000001,0.0,0.0,100.0,86.5881557739301
mut_ec1d454c6747,5. Historical Failure Frequency,507.0,126.0,2.0,1.0,3.8465999999999636,0.5159000000000001,0.0,1.0,50.0,86.5881557739301
mut_ec28ba8ea5d6,5. Historical Failure Frequency,365.0,91.0,2.0,0.0,4.793700000000005,0.04830000000000003,0.0,1.0,0.0,98.99242756117404
mut_ecaed389765b,5. Historical Failure Frequency,507.0,126.0,3.0,1.0,3.8465999999999636,0.5159000000000001,0.0,1.0,33.33333333333333,86.5881557739301
mut_ecb13c489ff3,5. Historical Failure Frequency,507.0,126.0,92.0,70.0,3.8465999999999636,0.5159000000000001,0.0,1.0,76.08695652173914,86.5881557739301
mut_ecbc76dc1646,5. Historical Failure Frequency,895.0,223.0,0.0,0.0,0.07280000000000002,0.0397,0.0,0.0,,45.467032967032985
mut_ed4d1bdaa59e,5. Historical Failure Frequency,895.0,223.0,0.0,0.0,0.07280000000000002,0.0397,0.0,0.0,,45.467032967032985
mut_ed9e5f0b9b69,5. Historical Failure Frequency,895.0,223.0,3.0,3.0,0.07280000000000002,0.0397,0.0,0.0,100.0,45.467032967032985
mut_edda2e070d47,5. Historical Failure Frequency,507.0,126.0,2.0,2.0,3.8465999999999636,0.5119000000000002,0.0,0.0,100.0,86.69214371132935
mut_ee21a9b323b3,5. Historical Failure Frequency,895.0,223.0,4.0,4.0,0.07280000000000002,0.0397,0.0,0.0,100.0,45.467032967032985
mut_ee6f2cc70cef,5. Historical Failure Frequency,349.0,87.0,52.0,26.0,2.321400000000014,1.929999999999998,0.0,1.0,50.0,16.86051520634159
mut_ee813226383c,5. Historical Failure Frequency,895.0,223.0,0.0,0.0,0.07280000000000002,0.0397,0.0,0.0,,45.467032967032985
mut_eea66e82ba39,5. Historical Failure Frequency,895.0,223.0,0.0,0.0,0.07280000000000002,0.0397,0.0,0.0,,45.467032967032985
mut_eeee9e9a5f8f,5. Historical Failure Frequency,349.0,87.0,2.0,0.0,2.321400000000014,1.929999999999998,0.0,1.0,0.0,16.86051520634159
mut_ef2e652b5cd6,5. Historical Failure Frequency,365.0,91.0,0.0,0.0,4.793700000000005,0.04830000000000003,0.0,0.0,,98.99242756117404
mut_ef3ec1969ca8,5. Historical Failure Frequency,507.0,126.0,0.0,0.0,3.8465999999999636,0.5119000000000002,0.0,0.0,,86.69214371132935
mut_ef55ac592d94,5. Historical Failure Frequency,349.0,87.0,2.0,0.0,2.321400000000014,1.929999999999998,0.0,1.0,0.0,16.86051520634159
mut_ef5ae42fef7e,5. Historical Failure Frequency,349.0,87.0,3.0,0.0,2.321400000000014,1.929999999999998,0.0,1.0,0.0,16.86051520634159
mut_ef68dbeea99f,5. Historical Failure Frequency,191.0,47.0,0.0,0.0,2.2197,1.8674000000000002,0.0,0.0,,15.871514168581342
mut_ef77608e9963,5. Historical Failure Frequency,349.0,87.0,5.0,0.0,2.321400000000014,1.928999999999998,0.0,1.0,0.0,16.903592659602552
mut_efd43e5ff379,5. Historical Failure Frequency,365.0,91.0,1.0,0.0,4.793700000000005,0.04830000000000003,0.0,1.0,0.0,98.99242756117404
mut_efee4bf9e8a0,5. Historical Failure Frequency,365.0,91.0,64.0,57.0,4.793700000000005,0.04830000000000003,0.0,1.0,89.0625,98.99242756117404
mut_eff8901c9a2f,5. Historical Failure Frequency,365.0,91.0,5.0,0.0,4.793700000000005,0.04730000000000003,0.0,1.0,0.0,99.01328827419321
mut_f090362342f3,5. Historical Failure Frequency,895.0,223.0,0.0,0.0,0.07280000000000002,0.0397,0.0,0.0,,45.467032967032985
mut_f0c31847ee45,5. Historical Failure Frequency,191.0,47.0,16.0,3.0,2.2197,1.8674000000000002,0.0,1.0,18.75,15.871514168581342
mut_f11fd8798731,5. Historical Failure Frequency,365.0,91.0,39.0,38.0,4.793700000000005,0.05060000000000003,0.0,1.0,97.43589743589743,98.94444792122995
mut_f14a2d9d7381,5. Historical Failure Frequency,349.0,87.0,4.0,1.0,2.321400000000014,1.928999999999998,0.0,1.0,25.0,16.903592659602552
mut_f14adc221828,5. Historical Failure Frequency,895.0,223.0,40.0,0.0,0.07280000000000002,0.0397,0.0,1.0,0.0,45.467032967032985
mut_f1510c477b77,5. Historical Failure Frequency,365.0,91.0,25.0,6.0,4.793700000000005,0.04630000000000003,0.0,1.0,24.0,99.03414898721239
mut_f1691d1bf5e2,5. Historical Failure Frequency,365.0,91.0,24.0,7.0,4.793700000000005,0.049600000000000026,0.0,1.0,29.166666666666668,98.96530863424911
mut_f1b08f78c308,5. Historical Failure Frequency,365.0,91.0,12.0,1.0,4.793700000000005,0.05260000000000002,0.0,1.0,8.333333333333332,98.9027264951916
mut_f2146d8bf14a,5. Historical Failure Frequency,349.0,87.0,0.0,0.0,2.321400000000014,1.928999999999998,0.0,0.0,,16.903592659602552
mut_f23c3fd076fb,5. Historical Failure Frequency,349.0,87.0,2.0,2.0,2.321400000000014,1.928999999999998,0.0,0.0,100.0,16.903592659602552
mut_f2f41ed26fd9,5. Historical Failure Frequency,365.0,91.0,22.0,6.0,4.793700000000005,0.05260000000000002,0.0,1.0,27.27272727272727,98.9027264951916
mut_f2fbb8b10761,5. Historical Failure Frequency,191.0,47.0,17.0,17.0,2.2197,1.8674000000000002,0.0,0.0,100.0,15.871514168581342
mut_f310d6be9786,5. Historical Failure Frequency,365.0,91.0,68.0,61.0,4.793700000000005,0.054600000000000024,0.0,1.0,89.70588235294117,98.86100506915326
mut_f37e77045099,5. Historical Failure Frequency,349.0,87.0,0.0,0.0,2.321400000000014,1.928999999999998,0.0,0.0,,16.903592659602552
mut_f3a9789e0bc0,5. Historical Failure Frequency,507.0,126.0,0.0,0.0,3.8465999999999636,0.5119000000000002,0.0,0.0,,86.69214371132935
mut_f3d469a1a06c,5. Historical Failure Frequency,507.0,126.0,178.0,98.0,3.8465999999999636,0.5119000000000002,0.0,1.0,55.0561797752809,86.69214371132935
mut_f3f4f8e28edf,5. Historical Failure Frequency,365.0,91.0,4.0,4.0,4.793700000000005,0.054600000000000024,0.0,0.0,100.0,98.86100506915326
mut_f489b8cff73f,5. Historical Failure Frequency,191.0,47.0,0.0,0.0,2.2197,1.8674000000000002,0.0,0.0,,15.871514168581342
mut_f4a038057e54,5. Historical Failure Frequency,349.0,87.0,179.0,78.0,2.321400000000014,1.928999999999998,0.0,1.0,43.575418994413404,16.903592659602552
mut_f4c73147e9af,5. Historical Failure Frequency,895.0,223.0,0.0,0.0,0.07280000000000002,0.0397,0.0,0.0,,45.467032967032985
mut_f4d6b2ad1e1c,5. Historical Failure Frequency,507.0,126.0,9.0,0.0,3.8465999999999636,0.48860000000000037,0.0,1.0,0.0,87.29787344668006
mut_f4e26f1d8b05,5. Historical Failure Frequency,895.0,223.0,8.0,2.0,0.07280000000000002,0.0397,0.0,1.0,25.0,45.467032967032985
mut_f584f6b9da37,5. Historical Failure Frequency,349.0,87.0,7.0,3.0,2.321400000000014,1.9279999999999982,0.0,1.0,42.857142857142854,16.9466701128635
mut_f58e4bd61135,5. Historical Failure Frequency,349.0,87.0,3.0,2.0,2.321400000000014,1.9279999999999982,0.0,1.0,66.66666666666666,16.9466701128635
mut_f5b94d22319e,5. Historical Failure Frequency,507.0,126.0,1.0,0.0,3.8465999999999636,0.48860000000000037,0.0,1.0,0.0,87.29787344668006
mut_f5cbb94c9f6d,5. Historical Failure Frequency,191.0,47.0,0.0,0.0,2.2197,1.8674000000000002,0.0,0.0,,15.871514168581342
mut_f5edfd2c8d26,5. Historical Failure Frequency,507.0,126.0,0.0,0.0,3.8465999999999636,0.48860000000000037,0.0,0.0,,87.29787344668006
mut_f657c1e78461,5. Historical Failure Frequency,349.0,87.0,3.0,0.0,2.321400000000014,1.9279999999999982,0.0,1.0,0.0,16.9466701128635
mut_f6d3d796a500,5. Historical Failure Frequency,895.0,223.0,0.0,0.0,0.07280000000000002,0.0397,0.0,0.0,,45.467032967032985
mut_f726806a29dd,5. Historical Failure Frequency,365.0,91.0,127.0,69.0,4.793700000000005,0.054600000000000024,0.0,1.0,54.330708661417326,98.86100506915326
mut_f81ebf6603d2,5. Historical Failure Frequency,191.0,47.0,1.0,1.0,2.2197,1.8674000000000002,0.0,0.0,100.0,15.871514168581342
mut_f851c9c08a7b,5. Historical Failure Frequency,349.0,87.0,68.0,38.0,2.321400000000014,1.9279999999999982,0.0,1.0,55.88235294117647,16.9466701128635
mut_f85ae10d679a,5. Historical Failure Frequency,191.0,47.0,17.0,17.0,2.2197,1.8674000000000002,0.0,0.0,100.0,15.871514168581342
mut_f87aba4bda98,5. Historical Failure Frequency,895.0,223.0,2.0,2.0,0.07280000000000002,0.0397,0.0,0.0,100.0,45.467032967032985
mut_f8c65688bc5f,5. Historical Failure Frequency,365.0,91.0,4.0,1.0,4.793700000000005,0.049600000000000026,0.0,1.0,25.0,98.96530863424911
mut_f8da1dc96e6e,5. Historical Failure Frequency,349.0,87.0,0.0,0.0,2.321400000000014,1.928999999999998,0.0,0.0,,16.903592659602552
mut_f8dc35c233f1,5. Historical Failure Frequency,895.0,223.0,2.0,1.0,0.07280000000000002,0.0397,0.0,1.0,50.0,45.467032967032985
mut_f8e011568a6e,5. Historical Failure Frequency,349.0,87.0,6.0,0.0,2.321400000000014,1.928999999999998,0.0,1.0,0.0,16.903592659602552
mut_f90d8b063f24,5. Historical Failure Frequency,349.0,87.0,4.0,4.0,2.321400000000014,1.928999999999998,0.0,0.0,100.0,16.903592659602552
mut_f955c7586f9e,5. Historical Failure Frequency,349.0,87.0,0.0,0.0,2.321400000000014,1.928999999999998,0.0,0.0,,16.903592659602552
mut_f9a092a9f938,5. Historical Failure Frequency,349.0,87.0,2.0,1.0,2.321400000000014,1.928999999999998,0.0,1.0,50.0,16.903592659602552
mut_f9fa994b822d,5. Historical Failure Frequency,895.0,223.0,0.0,0.0,0.07280000000000002,0.0397,0.0,0.0,,45.467032967032985
mut_fa9c05c3dc3f,5. Historical Failure Frequency,365.0,91.0,7.0,0.0,4.793700000000005,0.049600000000000026,0.0,1.0,0.0,98.96530863424911
mut_fb34793e6bc2,5. Historical Failure Frequency,507.0,126.0,1.0,1.0,3.8465999999999636,0.48860000000000037,0.0,0.0,100.0,87.29787344668006
mut_fb82d8a971b1,5. Historical Failure Frequency,191.0,47.0,0.0,0.0,2.2197,1.8674000000000002,0.0,0.0,,15.871514168581342
mut_fbbac85b0bd0,5. Historical Failure Frequency,365.0,91.0,0.0,0.0,4.793700000000005,0.049600000000000026,0.0,0.0,,98.96530863424911
mut_fc0de64fdbc8,5. Historical Failure Frequency,191.0,47.0,0.0,0.0,2.2197,1.8674000000000002,0.0,0.0,,15.871514168581342
mut_fc46fb835319,5. Historical Failure Frequency,895.0,223.0,0.0,0.0,0.07280000000000002,0.0397,0.0,0.0,,45.467032967032985
mut_fc5453ad45d2,5. Historical Failure Frequency,507.0,126.0,1.0,1.0,3.8465999999999636,0.48860000000000037,0.0,0.0,100.0,87.29787344668006
mut_fcb8db64c2f7,5. Historical Failure Frequency,349.0,87.0,3.0,0.0,2.321400000000014,1.928999999999998,0.0,1.0,0.0,16.903592659602552
mut_fd6d192d4ae0,5. Historical Failure Frequency,349.0,87.0,7.0,0.0,2.321400000000014,1.928999999999998,0.0,1.0,0.0,16.903592659602552
mut_fd93fa7458fb,5. Historical Failure Frequency,365.0,91.0,12.0,10.0,4.793700000000005,0.049600000000000026,0.0,1.0,83.33333333333334,98.96530863424911
mut_fdb18ceaea36,5. Historical Failure Frequency,365.0,91.0,18.0,4.0,4.793700000000005,0.049600000000000026,0.0,1.0,22.22222222222222,98.96530863424911
mut_fdb31bfe1c24,5. Historical Failure Frequency,507.0,126.0,6.0,2.0,3.8465999999999636,0.48860000000000037,0.0,1.0,33.33333333333333,87.29787344668006
mut_fde4d99d3e85,5. Historical Failure Frequency,507.0,126.0,5.0,3.0,3.8465999999999636,0.48860000000000037,0.0,1.0,60.0,87.29787344668006
mut_fe1b183af319,5. Historical Failure Frequency,191.0,47.0,0.0,0.0,2.2197,1.8674000000000002,0.0,0.0,,15.871514168581342
mut_fe376be4072e,5. Historical Failure Frequency,365.0,91.0,2.0,0.0,4.793700000000005,0.05060000000000003,0.0,1.0,0.0,98.94444792122995
mut_fe3c798182db,5. Historical Failure Frequency,349.0,87.0,231.0,79.0,2.321400000000014,1.928999999999998,0.0,1.0,34.1991341991342,16.903592659602552
mut_fe89d5200881,5. Historical Failure Frequency,349.0,87.0,11.0,5.0,2.321400000000014,1.929399999999998,0.0,1.0,45.45454545454545,16.886361678298172
mut_fee332bc2d2a,5. Historical Failure Frequency,349.0,87.0,25.0,8.0,2.321400000000014,1.9286999999999983,0.0,1.0,32.0,16.916515895580815
mut_ff7fe202d04c,5. Historical Failure Frequency,191.0,47.0,7.0,0.0,2.2197,1.8674000000000002,0.0,1.0,0.0,15.871514168581342
mut_ff96a6ac2906,5. Historical Failure Frequency,507.0,126.0,385.0,126.0,3.8465999999999636,0.48660000000000037,0.0,1.0,32.72727272727273,87.34986741537969
mut_ffcd0da5bf30,5. Historical Failure Frequency,349.0,87.0,4.0,0.0,2.321400000000014,1.9296999999999982,0.0,1.0,0.0,16.873438442319866
mut_caa015827517,6. Uncalibrated ML (LightGBM),895.0,223.0,0.0,0.0,0.07280000000000002,0.0389,0.0,0.0,,46.56593406593408
mut_cb44bb46eca3,6. Uncalibrated ML (LightGBM),191.0,47.0,92.0,30.0,2.2197,1.5614000000000001,0.0,1.0,32.608695652173914,29.65716087759607
mut_ccbba32ee6f5,6. Uncalibrated ML (LightGBM),191.0,47.0,1.0,0.0,2.2197,0.7925000000000001,0.0,1.0,0.0,64.29697706897329
mut_ce0d69e89f0f,6. Uncalibrated ML (LightGBM),191.0,47.0,27.0,15.0,2.2197,0.7925000000000001,0.0,1.0,55.55555555555556,64.29697706897329
mut_ce5097a8bae4,6. Uncalibrated ML (LightGBM),895.0,223.0,1.0,1.0,0.07280000000000002,0.039200000000000006,0.0,0.0,100.0,46.15384615384615
mut_ce8ebe6857fe,6. Uncalibrated ML (LightGBM),895.0,223.0,13.0,13.0,0.07280000000000002,0.0349,0.0,0.0,100.0,52.06043956043957
mut_ce961ebfbe8a,6. Uncalibrated ML (LightGBM),191.0,47.0,0.0,0.0,2.2197,1.6732,0.0,0.0,,24.620444204171733
mut_cf304955ef3c,6. Uncalibrated ML (LightGBM),895.0,223.0,0.0,0.0,0.07280000000000002,0.039200000000000006,0.0,0.0,,46.15384615384615
mut_cf6c963757ed,6. Uncalibrated ML (LightGBM),895.0,223.0,3.0,3.0,0.07280000000000002,0.039200000000000006,0.0,0.0,100.0,46.15384615384615
mut_cf79a6d39691,6. Uncalibrated ML (LightGBM),895.0,223.0,2.0,2.0,0.07280000000000002,0.039200000000000006,0.0,0.0,100.0,46.15384615384615
mut_d0624774f95c,6. Uncalibrated ML (LightGBM),191.0,47.0,41.0,24.0,2.2197,0.7925000000000001,0.0,1.0,58.536585365853654,64.29697706897329
mut_d0b1a5c53c7a,6. Uncalibrated ML (LightGBM),895.0,223.0,19.0,19.0,0.07280000000000002,0.05770000000000001,0.0,0.0,100.0,20.741758241758248
mut_d0e704dbbf55,6. Uncalibrated ML (LightGBM),191.0,47.0,21.0,4.0,2.2197,1.7491,0.0,1.0,19.047619047619047,21.201063206739647
mut_d0f4efae548f,6. Uncalibrated ML (LightGBM),365.0,91.0,0.0,0.0,4.793700000000005,4.539300000000008,0.0,0.0,,5.306965392077032
mut_d0f91c149491,6. Uncalibrated ML (LightGBM),895.0,223.0,8.0,8.0,0.07280000000000002,0.0389,0.0,0.0,100.0,46.56593406593408
mut_d14847af1de6,6. Uncalibrated ML (LightGBM),191.0,47.0,7.0,7.0,2.2197,1.1652,0.0,0.0,100.0,47.506419786457634
mut_d149277612bd,6. Uncalibrated ML (LightGBM),895.0,223.0,0.0,0.0,0.07280000000000002,0.019300000000000008,0.0,0.0,,73.48901098901098
mut_d14d6a9bd5e2,6. Uncalibrated ML (LightGBM),365.0,91.0,2.0,2.0,4.793700000000005,4.121600000000002,0.0,0.0,100.0,14.02048522018488
mut_d207c4243342,6. Uncalibrated ML (LightGBM),895.0,223.0,3.0,3.0,0.07280000000000002,0.0389,0.0,0.0,100.0,46.56593406593408
mut_d26e9eb3bbd7,6. Uncalibrated ML (LightGBM),191.0,47.0,3.0,0.0,2.2197,1.6041000000000003,0.0,1.0,0.0,27.73347749695904
mut_d352bccae750,6. Uncalibrated ML (LightGBM),365.0,91.0,1.0,1.0,4.793700000000005,4.335300000000006,0.0,0.0,100.0,9.562550847987936
mut_d3f2e21b70f3,6. Uncalibrated ML (LightGBM),365.0,91.0,7.0,6.0,4.793700000000005,4.121600000000002,0.0,1.0,85.71428571428571,14.02048522018488
mut_d4bc035cfd69,6. Uncalibrated ML (LightGBM),191.0,47.0,5.0,4.0,2.2197,0.7932,0.0,1.0,80.0,64.26544127584808
mut_d5a598e5b5eb,6. Uncalibrated ML (LightGBM),365.0,91.0,11.0,1.0,4.793700000000005,2.7076999999999947,0.0,1.0,9.090909090909092,43.515447357990865
mut_d5bfbcfc6d6b,6. Uncalibrated ML (LightGBM),365.0,91.0,2.0,2.0,4.793700000000005,0.19899999999999993,0.0,0.0,100.0,95.84871810918497
mut_d64ff7faf9c1,6. Uncalibrated ML (LightGBM),365.0,91.0,1.0,1.0,4.793700000000005,4.335300000000006,0.0,0.0,100.0,9.562550847987936
mut_d673496eccfe,6. Uncalibrated ML (LightGBM),365.0,91.0,2.0,2.0,4.793700000000005,4.322900000000003,0.0,0.0,100.0,9.821223689425722
mut_d789c421f786,6. Uncalibrated ML (LightGBM),895.0,223.0,19.0,19.0,0.07280000000000002,0.035500000000000004,0.0,0.0,100.0,51.236263736263744
mut_d797dded6a37,6. Uncalibrated ML (LightGBM),895.0,223.0,0.0,0.0,0.07280000000000002,0.0389,0.0,0.0,,46.56593406593408
mut_d7a43e9b9b40,6. Uncalibrated ML (LightGBM),365.0,91.0,28.0,28.0,4.793700000000005,4.3377000000000105,0.0,0.0,100.0,9.512485136741844
mut_d836d44fd367,6. Uncalibrated ML (LightGBM),365.0,91.0,0.0,0.0,4.793700000000005,4.337900000000007,0.0,0.0,,9.50831299413808
mut_d83c216c3b08,6. Uncalibrated ML (LightGBM),365.0,91.0,0.0,0.0,4.793700000000005,4.7124000000000095,0.0,0.0,,1.695975968458498
mut_d89bfe05efd2,6. Uncalibrated ML (LightGBM),365.0,91.0,2.0,2.0,4.793700000000005,0.20029999999999992,0.0,0.0,100.0,95.82159918226006
mut_d8b117db1a7e,6. Uncalibrated ML (LightGBM),895.0,223.0,4.0,4.0,0.07280000000000002,0.0352,0.0,0.0,100.0,51.64835164835166
mut_d9b13433630a,6. Uncalibrated ML (LightGBM),895.0,223.0,0.0,0.0,0.07280000000000002,0.0389,0.0,0.0,,46.56593406593408
mut_d9fde15d093c,6. Uncalibrated ML (LightGBM),365.0,91.0,9.0,3.0,4.793700000000005,4.7124000000000095,0.0,1.0,33.33333333333333,1.695975968458498
mut_da19bcd92234,6. Uncalibrated ML (LightGBM),365.0,91.0,8.0,4.0,4.793700000000005,4.7124000000000095,0.0,1.0,50.0,1.695975968458498
mut_da98b4b12d6b,6. Uncalibrated ML (LightGBM),191.0,47.0,8.0,1.0,2.2197,1.6099,0.0,1.0,12.5,27.47218092535026
mut_dabe6b6f9797,6. Uncalibrated ML (LightGBM),191.0,47.0,0.0,0.0,2.2197,1.8441,0.0,0.0,,16.921205568320048
mut_dae218ee37c9,6. Uncalibrated ML (LightGBM),365.0,91.0,1.0,1.0,4.793700000000005,0.2613000000000001,0.0,0.0,100.0,94.54909568809062
mut_db0c05c5ba79,6. Uncalibrated ML (LightGBM),365.0,91.0,3.0,3.0,4.793700000000005,4.719800000000009,0.0,0.0,100.0,1.5416066921166447
mut_db19b9c3be0f,6. Uncalibrated ML (LightGBM),365.0,91.0,21.0,21.0,4.793700000000005,4.336300000000007,0.0,0.0,100.0,9.54169013496876
mut_db51e974c4a7,6. Uncalibrated ML (LightGBM),191.0,47.0,120.0,37.0,2.2197,1.8804000000000003,0.0,1.0,30.833333333333336,15.285849439113392
mut_db551481015f,6. Uncalibrated ML (LightGBM),191.0,47.0,0.0,0.0,2.2197,1.8804000000000003,0.0,0.0,,15.285849439113392
mut_dc11bf9c3112,6. Uncalibrated ML (LightGBM),191.0,47.0,9.0,9.0,2.2197,1.1652,0.0,0.0,100.0,47.506419786457634
mut_dc23088c978a,6. Uncalibrated ML (LightGBM),191.0,47.0,1.0,1.0,2.2197,1.8581,0.0,0.0,100.0,16.2904897058161
mut_dc56e7048ab7,6. Uncalibrated ML (LightGBM),365.0,91.0,1.0,0.0,4.793700000000005,2.202700000000003,0.0,1.0,0.0,54.05010743267203
mut_dcb5286d667c,6. Uncalibrated ML (LightGBM),895.0,223.0,7.0,7.0,0.07280000000000002,0.0349,0.0,0.0,100.0,52.06043956043957
mut_dcbecabbebc7,6. Uncalibrated ML (LightGBM),895.0,223.0,2.0,2.0,0.07280000000000002,0.0039,0.0,0.0,100.0,94.64285714285714
mut_dcf9b24994ae,6. Uncalibrated ML (LightGBM),191.0,47.0,2.0,1.0,2.2197,1.6770999999999998,0.0,1.0,50.0,24.444744785331366
mut_dd2029779d86,6. Uncalibrated ML (LightGBM),895.0,223.0,14.0,14.0,0.07280000000000002,0.019300000000000008,0.0,0.0,100.0,73.48901098901098
mut_dd8be6e5d67d,6. Uncalibrated ML (LightGBM),365.0,91.0,155.0,45.0,4.793700000000005,2.2656999999999994,0.0,1.0,29.03225806451613,52.735882512464336
mut_ddffa913284a,6. Uncalibrated ML (LightGBM),895.0,223.0,7.0,7.0,0.07280000000000002,0.0389,0.0,0.0,100.0,46.56593406593408
mut_de07db6d0354,6. Uncalibrated ML (LightGBM),895.0,223.0,73.0,73.0,0.07280000000000002,0.0162,0.0,0.0,100.0,77.74725274725276
mut_de080396a033,6. Uncalibrated ML (LightGBM),191.0,47.0,0.0,0.0,2.2197,1.1652,0.0,0.0,,47.506419786457634
mut_de0cd1debe22,6. Uncalibrated ML (LightGBM),191.0,47.0,0.0,0.0,2.2197,1.6770999999999998,0.0,0.0,,24.444744785331366
mut_de3d54f93612,6. Uncalibrated ML (LightGBM),895.0,223.0,0.0,0.0,0.07280000000000002,0.043300000000000005,0.0,0.0,,40.521978021978036
mut_de45f3060556,6. Uncalibrated ML (LightGBM),507.0,126.0,24.0,21.0,3.8465999999999636,0.7863000000000003,0.0,1.0,87.5,79.55857120573992
mut_de93611a8255,6. Uncalibrated ML (LightGBM),191.0,47.0,0.0,0.0,2.2197,1.7994,0.0,0.0,,18.934991215029058
mut_deb25f418ef6,6. Uncalibrated ML (LightGBM),895.0,223.0,1.0,1.0,0.07280000000000002,0.03790000000000001,0.0,0.0,100.0,47.93956043956044
mut_dfe7bf887980,6. Uncalibrated ML (LightGBM),507.0,126.0,12.0,12.0,3.8465999999999636,2.8762999999999956,0.0,0.0,100.0,25.224873914625306
mut_e04304803276,6. Uncalibrated ML (LightGBM),191.0,47.0,73.0,45.0,2.2197,0.7941999999999999,0.0,1.0,61.64383561643836,64.2203901428121
mut_e0478e596d43,6. Uncalibrated ML (LightGBM),191.0,47.0,2.0,0.0,2.2197,1.8084000000000002,0.0,1.0,0.0,18.529531017705082
mut_e083a55a6bb5,6. Uncalibrated ML (LightGBM),895.0,223.0,43.0,43.0,0.07280000000000002,0.0389,0.0,0.0,100.0,46.56593406593408
mut_e1182c8943ba,6. Uncalibrated ML (LightGBM),507.0,126.0,0.0,0.0,3.8465999999999636,0.2086,0.0,0.0,,94.57702906462845
mut_e1507a2cf092,6. Uncalibrated ML (LightGBM),191.0,47.0,0.0,0.0,2.2197,1.6770999999999998,0.0,0.0,,24.444744785331366
mut_e17221f2b716,6. Uncalibrated ML (LightGBM),507.0,126.0,0.0,0.0,3.8465999999999636,0.5335000000000002,0.0,0.0,,86.13060884937333
mut_e1a29b361e0f,6. Uncalibrated ML (LightGBM),507.0,126.0,1.0,0.0,3.8465999999999636,2.796099999999995,0.0,1.0,0.0,27.30983205948054
mut_e1c2d8def0d5,6. Uncalibrated ML (LightGBM),365.0,91.0,5.0,3.0,4.793700000000005,0.19799999999999993,0.0,1.0,60.0,95.86957882220415
mut_e281f9de1ee8,6. Uncalibrated ML (LightGBM),507.0,126.0,0.0,0.0,3.8465999999999636,0.2086,0.0,0.0,,94.57702906462845
mut_e2adab202593,6. Uncalibrated ML (LightGBM),191.0,47.0,0.0,0.0,2.2197,1.6535,0.0,0.0,,25.507951524980854
mut_e30b35af2f88,6. Uncalibrated ML (LightGBM),191.0,47.0,56.0,42.0,2.2197,1.6535,0.0,1.0,75.0,25.507951524980854
mut_e32189bcd2c9,6. Uncalibrated ML (LightGBM),507.0,126.0,9.0,4.0,3.8465999999999636,0.33030000000000004,0.0,1.0,44.44444444444444,91.41319606925589
mut_e366b4b855c3,6. Uncalibrated ML (LightGBM),895.0,223.0,0.0,0.0,0.07280000000000002,0.039200000000000006,0.0,0.0,,46.15384615384615
mut_e451fed246dc,6. Uncalibrated ML (LightGBM),191.0,47.0,1.0,0.0,2.2197,1.6810999999999998,0.0,1.0,0.0,24.264540253187377
mut_e4a7ee5b9f27,6. Uncalibrated ML (LightGBM),507.0,126.0,90.0,79.0,3.8465999999999636,2.864099999999997,0.0,1.0,87.77777777777777,25.542037123693035
mut_e540b63f1c85,6. Uncalibrated ML (LightGBM),507.0,126.0,4.0,2.0,3.8465999999999636,2.732299999999998,0.0,1.0,50.0,28.968439660998698
mut_e598ed37661f,6. Uncalibrated ML (LightGBM),191.0,47.0,8.0,8.0,2.2197,1.8581,0.0,0.0,100.0,16.2904897058161
mut_e5e6b23d189f,6. Uncalibrated ML (LightGBM),191.0,47.0,8.0,8.0,2.2197,1.8581,0.0,0.0,100.0,16.2904897058161
mut_e63ee744d58d,6. Uncalibrated ML (LightGBM),365.0,91.0,5.0,5.0,4.793700000000005,4.450100000000008,0.0,0.0,100.0,7.167740993387085
mut_e684824e8436,6. Uncalibrated ML (LightGBM),507.0,126.0,2.0,1.0,3.8465999999999636,0.8000000000000003,0.0,1.0,50.0,79.20241252014746
mut_e695af362c3b,6. Uncalibrated ML (LightGBM),895.0,223.0,4.0,4.0,0.07280000000000002,0.0361,0.0,0.0,100.0,50.41208791208792
mut_e6f99fe59835,6. Uncalibrated ML (LightGBM),365.0,91.0,20.0,16.0,4.793700000000005,4.126300000000002,0.0,1.0,80.0,13.922439868994758
mut_e6f9c95fe4b4,6. Uncalibrated ML (LightGBM),191.0,47.0,3.0,2.0,2.2197,1.6215,0.0,1.0,66.66666666666666,26.949587782132724
mut_e77e3c1a382e,6. Uncalibrated ML (LightGBM),895.0,223.0,2.0,2.0,0.07280000000000002,0.03790000000000001,0.0,0.0,100.0,47.93956043956044
mut_e79763fc7b17,6. Uncalibrated ML (LightGBM),365.0,91.0,47.0,41.0,4.793700000000005,4.126300000000002,0.0,1.0,87.2340425531915,13.922439868994758
mut_e840ceefe4b7,6. Uncalibrated ML (LightGBM),895.0,223.0,1.0,1.0,0.07280000000000002,0.043300000000000005,0.0,0.0,100.0,40.521978021978036
mut_e84137c4f7b7,6. Uncalibrated ML (LightGBM),507.0,126.0,1.0,1.0,3.8465999999999636,2.796699999999995,0.0,0.0,100.0,27.29423386887065
mut_e86b7cdde967,6. Uncalibrated ML (LightGBM),507.0,126.0,1.0,1.0,3.8465999999999636,2.8630999999999966,0.0,0.0,100.0,25.568034108042852
mut_e8a9e14532e3,6. Uncalibrated ML (LightGBM),895.0,223.0,0.0,0.0,0.07280000000000002,0.043600000000000014,0.0,0.0,,40.1098901098901
mut_e8b75853d281,6. Uncalibrated ML (LightGBM),507.0,126.0,4.0,3.0,3.8465999999999636,2.8772999999999955,0.0,1.0,75.0,25.19887693027549
mut_e8e969479d19,6. Uncalibrated ML (LightGBM),507.0,126.0,0.0,0.0,3.8465999999999636,0.8000000000000003,0.0,0.0,,79.20241252014746
mut_e8f51e73dd46,6. Uncalibrated ML (LightGBM),191.0,47.0,2.0,2.0,2.2197,1.6028,0.0,0.0,100.0,27.792043969905848
mut_e9300e1564b7,6. Uncalibrated ML (LightGBM),365.0,91.0,2.0,2.0,4.793700000000005,4.126300000000002,0.0,0.0,100.0,13.922439868994758
mut_e9dd4aa61447,6. Uncalibrated ML (LightGBM),365.0,91.0,45.0,34.0,4.793700000000005,4.719800000000009,0.0,1.0,75.55555555555556,1.5416066921166447
mut_e9f268f6ceae,6. Uncalibrated ML (LightGBM),895.0,223.0,0.0,0.0,0.07280000000000002,0.039200000000000006,0.0,0.0,,46.15384615384615
mut_eb30b583ee7e,6. Uncalibrated ML (LightGBM),349.0,87.0,68.0,28.0,2.321400000000014,2.237399999999999,0.0,1.0,41.17647058823529,3.618506073921523
mut_ec0d392814db,6. Uncalibrated ML (LightGBM),507.0,126.0,37.0,37.0,3.8465999999999636,2.875299999999995,0.0,0.0,100.0,25.250870898975137
mut_ec1d454c6747,6. Uncalibrated ML (LightGBM),507.0,126.0,2.0,2.0,3.8465999999999636,2.8772999999999955,0.0,0.0,100.0,25.19887693027549
mut_ec28ba8ea5d6,6. Uncalibrated ML (LightGBM),365.0,91.0,2.0,2.0,4.793700000000005,4.691400000000009,0.0,0.0,100.0,2.134050941861105
mut_ecaed389765b,6. Uncalibrated ML (LightGBM),507.0,126.0,3.0,3.0,3.8465999999999636,2.8755999999999955,0.0,0.0,100.0,25.243071803670176
mut_ecb13c489ff3,6. Uncalibrated ML (LightGBM),507.0,126.0,92.0,54.0,3.8465999999999636,0.4163000000000002,0.0,1.0,58.69565217391305,89.17745541517174
mut_ecbc76dc1646,6. Uncalibrated ML (LightGBM),895.0,223.0,0.0,0.0,0.07280000000000002,0.039200000000000006,0.0,0.0,,46.15384615384615
mut_ed4d1bdaa59e,6. Uncalibrated ML (LightGBM),895.0,223.0,0.0,0.0,0.07280000000000002,0.039200000000000006,0.0,0.0,,46.15384615384615
mut_ed9e5f0b9b69,6. Uncalibrated ML (LightGBM),895.0,223.0,3.0,3.0,0.07280000000000002,0.0349,0.0,0.0,100.0,52.06043956043957
mut_edda2e070d47,6. Uncalibrated ML (LightGBM),507.0,126.0,2.0,2.0,3.8465999999999636,2.870699999999995,0.0,0.0,100.0,25.370457026984297
mut_ee21a9b323b3,6. Uncalibrated ML (LightGBM),895.0,223.0,4.0,4.0,0.07280000000000002,0.0389,0.0,0.0,100.0,46.56593406593408
mut_ee6f2cc70cef,6. Uncalibrated ML (LightGBM),349.0,87.0,52.0,15.0,2.321400000000014,2.2390999999999988,0.0,1.0,28.846153846153843,3.5452744033779027
mut_ee813226383c,6. Uncalibrated ML (LightGBM),895.0,223.0,0.0,0.0,0.07280000000000002,0.0081,0.0,0.0,,88.87362637362638
mut_eea66e82ba39,6. Uncalibrated ML (LightGBM),895.0,223.0,0.0,0.0,0.07280000000000002,0.0389,0.0,0.0,,46.56593406593408
mut_eeee9e9a5f8f,6. Uncalibrated ML (LightGBM),349.0,87.0,2.0,2.0,2.321400000000014,2.239399999999999,0.0,0.0,100.0,3.532351167399611
mut_ef2e652b5cd6,6. Uncalibrated ML (LightGBM),365.0,91.0,0.0,0.0,4.793700000000005,4.126300000000002,0.0,0.0,,13.922439868994758
mut_ef3ec1969ca8,6. Uncalibrated ML (LightGBM),507.0,126.0,0.0,0.0,3.8465999999999636,2.7329999999999974,0.0,0.0,,28.95024177195384
mut_ef55ac592d94,6. Uncalibrated ML (LightGBM),349.0,87.0,2.0,0.0,2.321400000000014,2.239399999999999,0.0,1.0,0.0,3.532351167399611
mut_ef5ae42fef7e,6. Uncalibrated ML (LightGBM),349.0,87.0,3.0,0.0,2.321400000000014,2.2400999999999986,0.0,1.0,0.0,3.5021969501169394
mut_ef68dbeea99f,6. Uncalibrated ML (LightGBM),191.0,47.0,0.0,0.0,2.2197,1.1652,0.0,0.0,,47.506419786457634
mut_ef77608e9963,6. Uncalibrated ML (LightGBM),349.0,87.0,5.0,0.0,2.321400000000014,2.239799999999999,0.0,1.0,0.0,3.515120186095217
mut_efd43e5ff379,6. Uncalibrated ML (LightGBM),365.0,91.0,1.0,1.0,4.793700000000005,2.199700000000003,0.0,0.0,100.0,54.11268957172955
mut_efee4bf9e8a0,6. Uncalibrated ML (LightGBM),365.0,91.0,64.0,58.0,4.793700000000005,4.126300000000002,0.0,1.0,90.625,13.922439868994758
mut_eff8901c9a2f,6. Uncalibrated ML (LightGBM),365.0,91.0,5.0,5.0,4.793700000000005,4.691400000000009,0.0,0.0,100.0,2.134050941861105
mut_f090362342f3,6. Uncalibrated ML (LightGBM),895.0,223.0,0.0,0.0,0.07280000000000002,0.039200000000000006,0.0,0.0,,46.15384615384615
mut_f0c31847ee45,6. Uncalibrated ML (LightGBM),191.0,47.0,16.0,9.0,2.2197,0.7856000000000001,0.0,1.0,56.25,64.60782988692165
mut_f11fd8798731,6. Uncalibrated ML (LightGBM),365.0,91.0,39.0,35.0,4.793700000000005,4.125700000000004,0.0,1.0,89.74358974358975,13.934956296806234
mut_f14a2d9d7381,6. Uncalibrated ML (LightGBM),349.0,87.0,4.0,2.0,2.321400000000014,2.239799999999999,0.0,1.0,50.0,3.515120186095217
mut_f14adc221828,6. Uncalibrated ML (LightGBM),895.0,223.0,40.0,40.0,0.07280000000000002,0.0389,0.0,0.0,100.0,46.56593406593408
mut_f1510c477b77,6. Uncalibrated ML (LightGBM),365.0,91.0,25.0,19.0,4.793700000000005,4.691400000000009,0.0,1.0,76.0,2.134050941861105
mut_f1691d1bf5e2,6. Uncalibrated ML (LightGBM),365.0,91.0,24.0,16.0,4.793700000000005,4.6911000000000085,0.0,1.0,66.66666666666666,2.1403091557668574
mut_f1b08f78c308,6. Uncalibrated ML (LightGBM),365.0,91.0,12.0,11.0,4.793700000000005,2.199700000000003,0.0,1.0,91.66666666666666,54.11268957172955
mut_f2146d8bf14a,6. Uncalibrated ML (LightGBM),349.0,87.0,0.0,0.0,2.321400000000014,2.2403999999999984,0.0,0.0,,3.489273714138662
mut_f23c3fd076fb,6. Uncalibrated ML (LightGBM),349.0,87.0,2.0,0.0,2.321400000000014,2.2403999999999984,0.0,1.0,0.0,3.489273714138662
mut_f2f41ed26fd9,6. Uncalibrated ML (LightGBM),365.0,91.0,22.0,22.0,4.793700000000005,4.337300000000007,0.0,0.0,100.0,9.520829421949585
mut_f2fbb8b10761,6. Uncalibrated ML (LightGBM),191.0,47.0,17.0,17.0,2.2197,1.1652,0.0,0.0,100.0,47.506419786457634
mut_f310d6be9786,6. Uncalibrated ML (LightGBM),365.0,91.0,68.0,61.0,4.793700000000005,4.276200000000003,0.0,1.0,89.70588235294117,10.795418987421016
mut_f37e77045099,6. Uncalibrated ML (LightGBM),349.0,87.0,0.0,0.0,2.321400000000014,2.238099999999999,0.0,0.0,,3.588351856638866
mut_f3a9789e0bc0,6. Uncalibrated ML (LightGBM),507.0,126.0,0.0,0.0,3.8465999999999636,2.868699999999995,0.0,0.0,,25.422450995683917
mut_f3d469a1a06c,6. Uncalibrated ML (LightGBM),507.0,126.0,178.0,78.0,3.8465999999999636,0.6566000000000003,0.0,1.0,43.82022471910113,82.93038007591102
mut_f3f4f8e28edf,6. Uncalibrated ML (LightGBM),365.0,91.0,4.0,4.0,4.793700000000005,4.276200000000003,0.0,0.0,100.0,10.795418987421016
mut_f489b8cff73f,6. Uncalibrated ML (LightGBM),191.0,47.0,0.0,0.0,2.2197,1.8681,0.0,0.0,,15.839978375456141
mut_f4a038057e54,6. Uncalibrated ML (LightGBM),349.0,87.0,179.0,29.0,2.321400000000014,2.2373999999999987,0.0,1.0,16.201117318435752,3.6185060739215515
mut_f4c73147e9af,6. Uncalibrated ML (LightGBM),895.0,223.0,0.0,0.0,0.07280000000000002,0.0389,0.0,0.0,,46.56593406593408
mut_f4d6b2ad1e1c,6. Uncalibrated ML (LightGBM),507.0,126.0,9.0,8.0,3.8465999999999636,2.735499999999995,0.0,1.0,88.88888888888889,28.885249311079363
mut_f4e26f1d8b05,6. Uncalibrated ML (LightGBM),895.0,223.0,8.0,8.0,0.07280000000000002,0.0389,0.0,0.0,100.0,46.56593406593408
mut_f584f6b9da37,6. Uncalibrated ML (LightGBM),349.0,87.0,7.0,0.0,2.321400000000014,2.239399999999999,0.0,1.0,0.0,3.532351167399611
mut_f58e4bd61135,6. Uncalibrated ML (LightGBM),349.0,87.0,3.0,0.0,2.321400000000014,2.2380999999999984,0.0,1.0,0.0,3.58835185663888
mut_f5b94d22319e,6. Uncalibrated ML (LightGBM),507.0,126.0,1.0,1.0,3.8465999999999636,2.736799999999995,0.0,0.0,100.0,28.851453231424614
mut_f5cbb94c9f6d,6. Uncalibrated ML (LightGBM),191.0,47.0,0.0,0.0,2.2197,1.5611000000000002,0.0,0.0,,29.670676217506866
mut_f5edfd2c8d26,6. Uncalibrated ML (LightGBM),507.0,126.0,0.0,0.0,3.8465999999999636,2.8769999999999962,0.0,0.0,,25.20667602558042
mut_f657c1e78461,6. Uncalibrated ML (LightGBM),349.0,87.0,3.0,2.0,2.321400000000014,2.2380999999999984,0.0,1.0,66.66666666666666,3.58835185663888
mut_f6d3d796a500,6. Uncalibrated ML (LightGBM),895.0,223.0,0.0,0.0,0.07280000000000002,0.039200000000000006,0.0,0.0,,46.15384615384615
mut_f726806a29dd,6. Uncalibrated ML (LightGBM),365.0,91.0,127.0,7.0,4.793700000000005,4.691400000000009,0.0,1.0,5.511811023622047,2.134050941861105
mut_f81ebf6603d2,6. Uncalibrated ML (LightGBM),191.0,47.0,1.0,0.0,2.2197,1.6244999999999996,0.0,1.0,0.0,26.81443438302476
mut_f851c9c08a7b,6. Uncalibrated ML (LightGBM),349.0,87.0,68.0,12.0,2.321400000000014,2.2368000000000015,0.0,1.0,17.647058823529413,3.6443525458780073
mut_f85ae10d679a,6. Uncalibrated ML (LightGBM),191.0,47.0,17.0,17.0,2.2197,0.7964000000000001,0.0,0.0,100.0,64.1212776501329
mut_f87aba4bda98,6. Uncalibrated ML (LightGBM),895.0,223.0,2.0,2.0,0.07280000000000002,0.0349,0.0,0.0,100.0,52.06043956043957
mut_f8c65688bc5f,6. Uncalibrated ML (LightGBM),365.0,91.0,4.0,4.0,4.793700000000005,4.337000000000007,0.0,0.0,100.0,9.527087635855338
mut_f8da1dc96e6e,6. Uncalibrated ML (LightGBM),349.0,87.0,0.0,0.0,2.321400000000014,2.235000000000001,0.0,0.0,,3.721891961747744
mut_f8dc35c233f1,6. Uncalibrated ML (LightGBM),895.0,223.0,2.0,2.0,0.07280000000000002,0.0389,0.0,0.0,100.0,46.56593406593408
mut_f8e011568a6e,6. Uncalibrated ML (LightGBM),349.0,87.0,6.0,0.0,2.321400000000014,2.235000000000001,0.0,1.0,0.0,3.721891961747744
mut_f90d8b063f24,6. Uncalibrated ML (LightGBM),349.0,87.0,4.0,4.0,2.321400000000014,2.2425999999999986,0.0,0.0,100.0,3.3945033169645313
mut_f955c7586f9e,6. Uncalibrated ML (LightGBM),349.0,87.0,0.0,0.0,2.321400000000014,2.235000000000001,0.0,0.0,,3.721891961747744
mut_f9a092a9f938,6. Uncalibrated ML (LightGBM),349.0,87.0,2.0,0.0,2.321400000000014,2.235000000000001,0.0,1.0,0.0,3.721891961747744
mut_f9fa994b822d,6. Uncalibrated ML (LightGBM),895.0,223.0,0.0,0.0,0.07280000000000002,0.0389,0.0,0.0,,46.56593406593408
mut_fa9c05c3dc3f,6. Uncalibrated ML (LightGBM),365.0,91.0,7.0,7.0,4.793700000000005,4.202100000000004,0.0,0.0,100.0,12.341197822141552
mut_fb34793e6bc2,6. Uncalibrated ML (LightGBM),507.0,126.0,1.0,1.0,3.8465999999999636,2.8599999999999968,0.0,0.0,100.0,25.648624759527266
mut_fb82d8a971b1,6. Uncalibrated ML (LightGBM),191.0,47.0,0.0,0.0,2.2197,1.8681,0.0,0.0,,15.839978375456141
mut_fbbac85b0bd0,6. Uncalibrated ML (LightGBM),365.0,91.0,0.0,0.0,4.793700000000005,4.691400000000009,0.0,0.0,,2.134050941861105
mut_fc0de64fdbc8,6. Uncalibrated ML (LightGBM),191.0,47.0,0.0,0.0,2.2197,1.8507,0.0,0.0,,16.62386809028247
mut_fc46fb835319,6. Uncalibrated ML (LightGBM),895.0,223.0,0.0,0.0,0.07280000000000002,0.0389,0.0,0.0,,46.56593406593408
mut_fc5453ad45d2,6. Uncalibrated ML (LightGBM),507.0,126.0,1.0,1.0,3.8465999999999636,2.860999999999996,0.0,0.0,100.0,25.622627775177477
mut_fcb8db64c2f7,6. Uncalibrated ML (LightGBM),349.0,87.0,3.0,0.0,2.321400000000014,2.235000000000001,0.0,1.0,0.0,3.721891961747744
mut_fd6d192d4ae0,6. Uncalibrated ML (LightGBM),349.0,87.0,7.0,0.0,2.321400000000014,2.234700000000001,0.0,1.0,0.0,3.7348151977260358
mut_fd93fa7458fb,6. Uncalibrated ML (LightGBM),365.0,91.0,12.0,11.0,4.793700000000005,4.538900000000007,0.0,1.0,91.66666666666666,5.315309677284716
mut_fdb18ceaea36,6. Uncalibrated ML (LightGBM),365.0,91.0,18.0,18.0,4.793700000000005,4.452100000000009,0.0,0.0,100.0,7.1260195673487345
mut_fdb31bfe1c24,6. Uncalibrated ML (LightGBM),507.0,126.0,6.0,4.0,3.8465999999999636,0.6566000000000003,0.0,1.0,66.66666666666666,82.93038007591102
mut_fde4d99d3e85,6. Uncalibrated ML (LightGBM),507.0,126.0,5.0,5.0,3.8465999999999636,2.868699999999995,0.0,0.0,100.0,25.422450995683917
mut_fe1b183af319,6. Uncalibrated ML (LightGBM),191.0,47.0,0.0,0.0,2.2197,1.1652,0.0,0.0,,47.506419786457634
mut_fe376be4072e,6. Uncalibrated ML (LightGBM),365.0,91.0,2.0,0.0,4.793700000000005,4.691400000000009,0.0,1.0,0.0,2.134050941861105
mut_fe3c798182db,6. Uncalibrated ML (LightGBM),349.0,87.0,231.0,37.0,2.321400000000014,2.234700000000001,0.0,1.0,16.017316017316016,3.7348151977260358
mut_fe89d5200881,6. Uncalibrated ML (LightGBM),349.0,87.0,11.0,4.0,2.321400000000014,2.237699999999999,0.0,1.0,36.36363636363637,3.6055828379432455
mut_fee332bc2d2a,6. Uncalibrated ML (LightGBM),349.0,87.0,25.0,7.0,2.321400000000014,2.237699999999999,0.0,1.0,28.000000000000004,3.6055828379432455
mut_ff7fe202d04c,6. Uncalibrated ML (LightGBM),191.0,47.0,7.0,2.0,2.2197,1.7594999999999998,0.0,1.0,28.57142857142857,20.732531423165298
mut_ff96a6ac2906,6. Uncalibrated ML (LightGBM),507.0,126.0,385.0,126.0,3.8465999999999636,0.31560000000000005,0.0,1.0,32.72727272727273,91.79535173919817
mut_ffcd0da5bf30,6. Uncalibrated ML (LightGBM),349.0,87.0,4.0,1.0,2.321400000000014,2.2383999999999986,0.0,1.0,25.0,3.575428620660574
mut_caa015827517,7. Calibrated ML (No Abstention),895.0,223.0,0.0,0.0,0.07280000000000002,0.0389,0.0,0.0,,46.56593406593408
mut_cb44bb46eca3,7. Calibrated ML (No Abstention),191.0,47.0,92.0,30.0,2.2197,1.5614000000000001,0.0,1.0,32.608695652173914,29.65716087759607
mut_ccbba32ee6f5,7. Calibrated ML (No Abstention),191.0,47.0,1.0,0.0,2.2197,0.7925000000000001,0.0,1.0,0.0,64.29697706897329
mut_ce0d69e89f0f,7. Calibrated ML (No Abstention),191.0,47.0,27.0,15.0,2.2197,0.7925000000000001,0.0,1.0,55.55555555555556,64.29697706897329
mut_ce5097a8bae4,7. Calibrated ML (No Abstention),895.0,223.0,1.0,1.0,0.07280000000000002,0.039200000000000006,0.0,0.0,100.0,46.15384615384615
mut_ce8ebe6857fe,7. Calibrated ML (No Abstention),895.0,223.0,13.0,13.0,0.07280000000000002,0.0349,0.0,0.0,100.0,52.06043956043957
mut_ce961ebfbe8a,7. Calibrated ML (No Abstention),191.0,47.0,0.0,0.0,2.2197,1.6732,0.0,0.0,,24.620444204171733
mut_cf304955ef3c,7. Calibrated ML (No Abstention),895.0,223.0,0.0,0.0,0.07280000000000002,0.039200000000000006,0.0,0.0,,46.15384615384615
mut_cf6c963757ed,7. Calibrated ML (No Abstention),895.0,223.0,3.0,3.0,0.07280000000000002,0.039200000000000006,0.0,0.0,100.0,46.15384615384615
mut_cf79a6d39691,7. Calibrated ML (No Abstention),895.0,223.0,2.0,2.0,0.07280000000000002,0.039200000000000006,0.0,0.0,100.0,46.15384615384615
mut_d0624774f95c,7. Calibrated ML (No Abstention),191.0,47.0,41.0,24.0,2.2197,0.7925000000000001,0.0,1.0,58.536585365853654,64.29697706897329
mut_d0b1a5c53c7a,7. Calibrated ML (No Abstention),895.0,223.0,19.0,19.0,0.07280000000000002,0.05770000000000001,0.0,0.0,100.0,20.741758241758248
mut_d0e704dbbf55,7. Calibrated ML (No Abstention),191.0,47.0,21.0,4.0,2.2197,1.7491,0.0,1.0,19.047619047619047,21.201063206739647
mut_d0f4efae548f,7. Calibrated ML (No Abstention),365.0,91.0,0.0,0.0,4.793700000000005,4.539300000000008,0.0,0.0,,5.306965392077032
mut_d0f91c149491,7. Calibrated ML (No Abstention),895.0,223.0,8.0,8.0,0.07280000000000002,0.0389,0.0,0.0,100.0,46.56593406593408
mut_d14847af1de6,7. Calibrated ML (No Abstention),191.0,47.0,7.0,7.0,2.2197,1.1652,0.0,0.0,100.0,47.506419786457634
mut_d149277612bd,7. Calibrated ML (No Abstention),895.0,223.0,0.0,0.0,0.07280000000000002,0.019300000000000008,0.0,0.0,,73.48901098901098
mut_d14d6a9bd5e2,7. Calibrated ML (No Abstention),365.0,91.0,2.0,2.0,4.793700000000005,4.121600000000002,0.0,0.0,100.0,14.02048522018488
mut_d207c4243342,7. Calibrated ML (No Abstention),895.0,223.0,3.0,3.0,0.07280000000000002,0.0389,0.0,0.0,100.0,46.56593406593408
mut_d26e9eb3bbd7,7. Calibrated ML (No Abstention),191.0,47.0,3.0,0.0,2.2197,1.6041000000000003,0.0,1.0,0.0,27.73347749695904
mut_d352bccae750,7. Calibrated ML (No Abstention),365.0,91.0,1.0,1.0,4.793700000000005,4.335300000000006,0.0,0.0,100.0,9.562550847987936
mut_d3f2e21b70f3,7. Calibrated ML (No Abstention),365.0,91.0,7.0,6.0,4.793700000000005,4.121600000000002,0.0,1.0,85.71428571428571,14.02048522018488
mut_d4bc035cfd69,7. Calibrated ML (No Abstention),191.0,47.0,5.0,4.0,2.2197,0.7932,0.0,1.0,80.0,64.26544127584808
mut_d5a598e5b5eb,7. Calibrated ML (No Abstention),365.0,91.0,11.0,1.0,4.793700000000005,2.7076999999999947,0.0,1.0,9.090909090909092,43.515447357990865
mut_d5bfbcfc6d6b,7. Calibrated ML (No Abstention),365.0,91.0,2.0,2.0,4.793700000000005,0.19899999999999993,0.0,0.0,100.0,95.84871810918497
mut_d64ff7faf9c1,7. Calibrated ML (No Abstention),365.0,91.0,1.0,1.0,4.793700000000005,4.335300000000006,0.0,0.0,100.0,9.562550847987936
mut_d673496eccfe,7. Calibrated ML (No Abstention),365.0,91.0,2.0,2.0,4.793700000000005,4.322900000000003,0.0,0.0,100.0,9.821223689425722
mut_d789c421f786,7. Calibrated ML (No Abstention),895.0,223.0,19.0,19.0,0.07280000000000002,0.035500000000000004,0.0,0.0,100.0,51.236263736263744
mut_d797dded6a37,7. Calibrated ML (No Abstention),895.0,223.0,0.0,0.0,0.07280000000000002,0.0389,0.0,0.0,,46.56593406593408
mut_d7a43e9b9b40,7. Calibrated ML (No Abstention),365.0,91.0,28.0,28.0,4.793700000000005,4.3377000000000105,0.0,0.0,100.0,9.512485136741844
mut_d836d44fd367,7. Calibrated ML (No Abstention),365.0,91.0,0.0,0.0,4.793700000000005,4.337900000000007,0.0,0.0,,9.50831299413808
mut_d83c216c3b08,7. Calibrated ML (No Abstention),365.0,91.0,0.0,0.0,4.793700000000005,4.7124000000000095,0.0,0.0,,1.695975968458498
mut_d89bfe05efd2,7. Calibrated ML (No Abstention),365.0,91.0,2.0,2.0,4.793700000000005,0.20029999999999992,0.0,0.0,100.0,95.82159918226006
mut_d8b117db1a7e,7. Calibrated ML (No Abstention),895.0,223.0,4.0,4.0,0.07280000000000002,0.0352,0.0,0.0,100.0,51.64835164835166
mut_d9b13433630a,7. Calibrated ML (No Abstention),895.0,223.0,0.0,0.0,0.07280000000000002,0.0389,0.0,0.0,,46.56593406593408
mut_d9fde15d093c,7. Calibrated ML (No Abstention),365.0,91.0,9.0,3.0,4.793700000000005,4.7124000000000095,0.0,1.0,33.33333333333333,1.695975968458498
mut_da19bcd92234,7. Calibrated ML (No Abstention),365.0,91.0,8.0,4.0,4.793700000000005,4.7124000000000095,0.0,1.0,50.0,1.695975968458498
mut_da98b4b12d6b,7. Calibrated ML (No Abstention),191.0,47.0,8.0,1.0,2.2197,1.6099,0.0,1.0,12.5,27.47218092535026
mut_dabe6b6f9797,7. Calibrated ML (No Abstention),191.0,47.0,0.0,0.0,2.2197,1.8441,0.0,0.0,,16.921205568320048
mut_dae218ee37c9,7. Calibrated ML (No Abstention),365.0,91.0,1.0,1.0,4.793700000000005,0.2613000000000001,0.0,0.0,100.0,94.54909568809062
mut_db0c05c5ba79,7. Calibrated ML (No Abstention),365.0,91.0,3.0,3.0,4.793700000000005,4.719800000000009,0.0,0.0,100.0,1.5416066921166447
mut_db19b9c3be0f,7. Calibrated ML (No Abstention),365.0,91.0,21.0,21.0,4.793700000000005,4.336300000000007,0.0,0.0,100.0,9.54169013496876
mut_db51e974c4a7,7. Calibrated ML (No Abstention),191.0,47.0,120.0,37.0,2.2197,1.8804000000000003,0.0,1.0,30.833333333333336,15.285849439113392
mut_db551481015f,7. Calibrated ML (No Abstention),191.0,47.0,0.0,0.0,2.2197,1.8804000000000003,0.0,0.0,,15.285849439113392
mut_dc11bf9c3112,7. Calibrated ML (No Abstention),191.0,47.0,9.0,9.0,2.2197,1.1652,0.0,0.0,100.0,47.506419786457634
mut_dc23088c978a,7. Calibrated ML (No Abstention),191.0,47.0,1.0,1.0,2.2197,1.8581,0.0,0.0,100.0,16.2904897058161
mut_dc56e7048ab7,7. Calibrated ML (No Abstention),365.0,91.0,1.0,0.0,4.793700000000005,2.202700000000003,0.0,1.0,0.0,54.05010743267203
mut_dcb5286d667c,7. Calibrated ML (No Abstention),895.0,223.0,7.0,7.0,0.07280000000000002,0.0349,0.0,0.0,100.0,52.06043956043957
mut_dcbecabbebc7,7. Calibrated ML (No Abstention),895.0,223.0,2.0,2.0,0.07280000000000002,0.0039,0.0,0.0,100.0,94.64285714285714
mut_dcf9b24994ae,7. Calibrated ML (No Abstention),191.0,47.0,2.0,1.0,2.2197,1.6770999999999998,0.0,1.0,50.0,24.444744785331366
mut_dd2029779d86,7. Calibrated ML (No Abstention),895.0,223.0,14.0,14.0,0.07280000000000002,0.019300000000000008,0.0,0.0,100.0,73.48901098901098
mut_dd8be6e5d67d,7. Calibrated ML (No Abstention),365.0,91.0,155.0,45.0,4.793700000000005,2.2656999999999994,0.0,1.0,29.03225806451613,52.735882512464336
mut_ddffa913284a,7. Calibrated ML (No Abstention),895.0,223.0,7.0,7.0,0.07280000000000002,0.0389,0.0,0.0,100.0,46.56593406593408
mut_de07db6d0354,7. Calibrated ML (No Abstention),895.0,223.0,73.0,73.0,0.07280000000000002,0.0162,0.0,0.0,100.0,77.74725274725276
mut_de080396a033,7. Calibrated ML (No Abstention),191.0,47.0,0.0,0.0,2.2197,1.1652,0.0,0.0,,47.506419786457634
mut_de0cd1debe22,7. Calibrated ML (No Abstention),191.0,47.0,0.0,0.0,2.2197,1.6770999999999998,0.0,0.0,,24.444744785331366
mut_de3d54f93612,7. Calibrated ML (No Abstention),895.0,223.0,0.0,0.0,0.07280000000000002,0.043300000000000005,0.0,0.0,,40.521978021978036
mut_de45f3060556,7. Calibrated ML (No Abstention),507.0,126.0,24.0,21.0,3.8465999999999636,0.7863000000000003,0.0,1.0,87.5,79.55857120573992
mut_de93611a8255,7. Calibrated ML (No Abstention),191.0,47.0,0.0,0.0,2.2197,1.7994,0.0,0.0,,18.934991215029058
mut_deb25f418ef6,7. Calibrated ML (No Abstention),895.0,223.0,1.0,1.0,0.07280000000000002,0.03790000000000001,0.0,0.0,100.0,47.93956043956044
mut_dfe7bf887980,7. Calibrated ML (No Abstention),507.0,126.0,12.0,12.0,3.8465999999999636,2.8762999999999956,0.0,0.0,100.0,25.224873914625306
mut_e04304803276,7. Calibrated ML (No Abstention),191.0,47.0,73.0,45.0,2.2197,0.7941999999999999,0.0,1.0,61.64383561643836,64.2203901428121
mut_e0478e596d43,7. Calibrated ML (No Abstention),191.0,47.0,2.0,0.0,2.2197,1.8084000000000002,0.0,1.0,0.0,18.529531017705082
mut_e083a55a6bb5,7. Calibrated ML (No Abstention),895.0,223.0,43.0,43.0,0.07280000000000002,0.0389,0.0,0.0,100.0,46.56593406593408
mut_e1182c8943ba,7. Calibrated ML (No Abstention),507.0,126.0,0.0,0.0,3.8465999999999636,0.2086,0.0,0.0,,94.57702906462845
mut_e1507a2cf092,7. Calibrated ML (No Abstention),191.0,47.0,0.0,0.0,2.2197,1.6770999999999998,0.0,0.0,,24.444744785331366
mut_e17221f2b716,7. Calibrated ML (No Abstention),507.0,126.0,0.0,0.0,3.8465999999999636,0.5335000000000002,0.0,0.0,,86.13060884937333
mut_e1a29b361e0f,7. Calibrated ML (No Abstention),507.0,126.0,1.0,0.0,3.8465999999999636,2.796099999999995,0.0,1.0,0.0,27.30983205948054
mut_e1c2d8def0d5,7. Calibrated ML (No Abstention),365.0,91.0,5.0,3.0,4.793700000000005,0.19799999999999993,0.0,1.0,60.0,95.86957882220415
mut_e281f9de1ee8,7. Calibrated ML (No Abstention),507.0,126.0,0.0,0.0,3.8465999999999636,0.2086,0.0,0.0,,94.57702906462845
mut_e2adab202593,7. Calibrated ML (No Abstention),191.0,47.0,0.0,0.0,2.2197,1.6535,0.0,0.0,,25.507951524980854
mut_e30b35af2f88,7. Calibrated ML (No Abstention),191.0,47.0,56.0,42.0,2.2197,1.6535,0.0,1.0,75.0,25.507951524980854
mut_e32189bcd2c9,7. Calibrated ML (No Abstention),507.0,126.0,9.0,4.0,3.8465999999999636,0.33030000000000004,0.0,1.0,44.44444444444444,91.41319606925589
mut_e366b4b855c3,7. Calibrated ML (No Abstention),895.0,223.0,0.0,0.0,0.07280000000000002,0.039200000000000006,0.0,0.0,,46.15384615384615
mut_e451fed246dc,7. Calibrated ML (No Abstention),191.0,47.0,1.0,0.0,2.2197,1.6810999999999998,0.0,1.0,0.0,24.264540253187377
mut_e4a7ee5b9f27,7. Calibrated ML (No Abstention),507.0,126.0,90.0,79.0,3.8465999999999636,2.864099999999997,0.0,1.0,87.77777777777777,25.542037123693035
mut_e540b63f1c85,7. Calibrated ML (No Abstention),507.0,126.0,4.0,2.0,3.8465999999999636,2.732299999999998,0.0,1.0,50.0,28.968439660998698
mut_e598ed37661f,7. Calibrated ML (No Abstention),191.0,47.0,8.0,8.0,2.2197,1.8581,0.0,0.0,100.0,16.2904897058161
mut_e5e6b23d189f,7. Calibrated ML (No Abstention),191.0,47.0,8.0,8.0,2.2197,1.8581,0.0,0.0,100.0,16.2904897058161
mut_e63ee744d58d,7. Calibrated ML (No Abstention),365.0,91.0,5.0,5.0,4.793700000000005,4.450100000000008,0.0,0.0,100.0,7.167740993387085
mut_e684824e8436,7. Calibrated ML (No Abstention),507.0,126.0,2.0,1.0,3.8465999999999636,0.8000000000000003,0.0,1.0,50.0,79.20241252014746
mut_e695af362c3b,7. Calibrated ML (No Abstention),895.0,223.0,4.0,4.0,0.07280000000000002,0.0361,0.0,0.0,100.0,50.41208791208792
mut_e6f99fe59835,7. Calibrated ML (No Abstention),365.0,91.0,20.0,16.0,4.793700000000005,4.126300000000002,0.0,1.0,80.0,13.922439868994758
mut_e6f9c95fe4b4,7. Calibrated ML (No Abstention),191.0,47.0,3.0,2.0,2.2197,1.6215,0.0,1.0,66.66666666666666,26.949587782132724
mut_e77e3c1a382e,7. Calibrated ML (No Abstention),895.0,223.0,2.0,2.0,0.07280000000000002,0.03790000000000001,0.0,0.0,100.0,47.93956043956044
mut_e79763fc7b17,7. Calibrated ML (No Abstention),365.0,91.0,47.0,41.0,4.793700000000005,4.126300000000002,0.0,1.0,87.2340425531915,13.922439868994758
mut_e840ceefe4b7,7. Calibrated ML (No Abstention),895.0,223.0,1.0,1.0,0.07280000000000002,0.043300000000000005,0.0,0.0,100.0,40.521978021978036
mut_e84137c4f7b7,7. Calibrated ML (No Abstention),507.0,126.0,1.0,1.0,3.8465999999999636,2.796699999999995,0.0,0.0,100.0,27.29423386887065
mut_e86b7cdde967,7. Calibrated ML (No Abstention),507.0,126.0,1.0,1.0,3.8465999999999636,2.8630999999999966,0.0,0.0,100.0,25.568034108042852
mut_e8a9e14532e3,7. Calibrated ML (No Abstention),895.0,223.0,0.0,0.0,0.07280000000000002,0.043600000000000014,0.0,0.0,,40.1098901098901
mut_e8b75853d281,7. Calibrated ML (No Abstention),507.0,126.0,4.0,3.0,3.8465999999999636,2.8772999999999955,0.0,1.0,75.0,25.19887693027549
mut_e8e969479d19,7. Calibrated ML (No Abstention),507.0,126.0,0.0,0.0,3.8465999999999636,0.8000000000000003,0.0,0.0,,79.20241252014746
mut_e8f51e73dd46,7. Calibrated ML (No Abstention),191.0,47.0,2.0,2.0,2.2197,1.6028,0.0,0.0,100.0,27.792043969905848
mut_e9300e1564b7,7. Calibrated ML (No Abstention),365.0,91.0,2.0,2.0,4.793700000000005,4.126300000000002,0.0,0.0,100.0,13.922439868994758
mut_e9dd4aa61447,7. Calibrated ML (No Abstention),365.0,91.0,45.0,34.0,4.793700000000005,4.719800000000009,0.0,1.0,75.55555555555556,1.5416066921166447
mut_e9f268f6ceae,7. Calibrated ML (No Abstention),895.0,223.0,0.0,0.0,0.07280000000000002,0.039200000000000006,0.0,0.0,,46.15384615384615
mut_eb30b583ee7e,7. Calibrated ML (No Abstention),349.0,87.0,68.0,28.0,2.321400000000014,2.237399999999999,0.0,1.0,41.17647058823529,3.618506073921523
mut_ec0d392814db,7. Calibrated ML (No Abstention),507.0,126.0,37.0,37.0,3.8465999999999636,2.875299999999995,0.0,0.0,100.0,25.250870898975137
mut_ec1d454c6747,7. Calibrated ML (No Abstention),507.0,126.0,2.0,2.0,3.8465999999999636,2.8772999999999955,0.0,0.0,100.0,25.19887693027549
mut_ec28ba8ea5d6,7. Calibrated ML (No Abstention),365.0,91.0,2.0,2.0,4.793700000000005,4.691400000000009,0.0,0.0,100.0,2.134050941861105
mut_ecaed389765b,7. Calibrated ML (No Abstention),507.0,126.0,3.0,3.0,3.8465999999999636,2.8755999999999955,0.0,0.0,100.0,25.243071803670176
mut_ecb13c489ff3,7. Calibrated ML (No Abstention),507.0,126.0,92.0,54.0,3.8465999999999636,0.4163000000000002,0.0,1.0,58.69565217391305,89.17745541517174
mut_ecbc76dc1646,7. Calibrated ML (No Abstention),895.0,223.0,0.0,0.0,0.07280000000000002,0.039200000000000006,0.0,0.0,,46.15384615384615
mut_ed4d1bdaa59e,7. Calibrated ML (No Abstention),895.0,223.0,0.0,0.0,0.07280000000000002,0.039200000000000006,0.0,0.0,,46.15384615384615
mut_ed9e5f0b9b69,7. Calibrated ML (No Abstention),895.0,223.0,3.0,3.0,0.07280000000000002,0.0349,0.0,0.0,100.0,52.06043956043957
mut_edda2e070d47,7. Calibrated ML (No Abstention),507.0,126.0,2.0,2.0,3.8465999999999636,2.870699999999995,0.0,0.0,100.0,25.370457026984297
mut_ee21a9b323b3,7. Calibrated ML (No Abstention),895.0,223.0,4.0,4.0,0.07280000000000002,0.0389,0.0,0.0,100.0,46.56593406593408
mut_ee6f2cc70cef,7. Calibrated ML (No Abstention),349.0,87.0,52.0,15.0,2.321400000000014,2.2390999999999988,0.0,1.0,28.846153846153843,3.5452744033779027
mut_ee813226383c,7. Calibrated ML (No Abstention),895.0,223.0,0.0,0.0,0.07280000000000002,0.0081,0.0,0.0,,88.87362637362638
mut_eea66e82ba39,7. Calibrated ML (No Abstention),895.0,223.0,0.0,0.0,0.07280000000000002,0.0389,0.0,0.0,,46.56593406593408
mut_eeee9e9a5f8f,7. Calibrated ML (No Abstention),349.0,87.0,2.0,2.0,2.321400000000014,2.239399999999999,0.0,0.0,100.0,3.532351167399611
mut_ef2e652b5cd6,7. Calibrated ML (No Abstention),365.0,91.0,0.0,0.0,4.793700000000005,4.126300000000002,0.0,0.0,,13.922439868994758
mut_ef3ec1969ca8,7. Calibrated ML (No Abstention),507.0,126.0,0.0,0.0,3.8465999999999636,2.7329999999999974,0.0,0.0,,28.95024177195384
mut_ef55ac592d94,7. Calibrated ML (No Abstention),349.0,87.0,2.0,0.0,2.321400000000014,2.239399999999999,0.0,1.0,0.0,3.532351167399611
mut_ef5ae42fef7e,7. Calibrated ML (No Abstention),349.0,87.0,3.0,0.0,2.321400000000014,2.2400999999999986,0.0,1.0,0.0,3.5021969501169394
mut_ef68dbeea99f,7. Calibrated ML (No Abstention),191.0,47.0,0.0,0.0,2.2197,1.1652,0.0,0.0,,47.506419786457634
mut_ef77608e9963,7. Calibrated ML (No Abstention),349.0,87.0,5.0,0.0,2.321400000000014,2.239799999999999,0.0,1.0,0.0,3.515120186095217
mut_efd43e5ff379,7. Calibrated ML (No Abstention),365.0,91.0,1.0,1.0,4.793700000000005,2.199700000000003,0.0,0.0,100.0,54.11268957172955
mut_efee4bf9e8a0,7. Calibrated ML (No Abstention),365.0,91.0,64.0,58.0,4.793700000000005,4.126300000000002,0.0,1.0,90.625,13.922439868994758
mut_eff8901c9a2f,7. Calibrated ML (No Abstention),365.0,91.0,5.0,5.0,4.793700000000005,4.691400000000009,0.0,0.0,100.0,2.134050941861105
mut_f090362342f3,7. Calibrated ML (No Abstention),895.0,223.0,0.0,0.0,0.07280000000000002,0.039200000000000006,0.0,0.0,,46.15384615384615
mut_f0c31847ee45,7. Calibrated ML (No Abstention),191.0,47.0,16.0,9.0,2.2197,0.7856000000000001,0.0,1.0,56.25,64.60782988692165
mut_f11fd8798731,7. Calibrated ML (No Abstention),365.0,91.0,39.0,35.0,4.793700000000005,4.125700000000004,0.0,1.0,89.74358974358975,13.934956296806234
mut_f14a2d9d7381,7. Calibrated ML (No Abstention),349.0,87.0,4.0,2.0,2.321400000000014,2.239799999999999,0.0,1.0,50.0,3.515120186095217
mut_f14adc221828,7. Calibrated ML (No Abstention),895.0,223.0,40.0,40.0,0.07280000000000002,0.0389,0.0,0.0,100.0,46.56593406593408
mut_f1510c477b77,7. Calibrated ML (No Abstention),365.0,91.0,25.0,19.0,4.793700000000005,4.691400000000009,0.0,1.0,76.0,2.134050941861105
mut_f1691d1bf5e2,7. Calibrated ML (No Abstention),365.0,91.0,24.0,16.0,4.793700000000005,4.6911000000000085,0.0,1.0,66.66666666666666,2.1403091557668574
mut_f1b08f78c308,7. Calibrated ML (No Abstention),365.0,91.0,12.0,11.0,4.793700000000005,2.199700000000003,0.0,1.0,91.66666666666666,54.11268957172955
mut_f2146d8bf14a,7. Calibrated ML (No Abstention),349.0,87.0,0.0,0.0,2.321400000000014,2.2403999999999984,0.0,0.0,,3.489273714138662
mut_f23c3fd076fb,7. Calibrated ML (No Abstention),349.0,87.0,2.0,0.0,2.321400000000014,2.2403999999999984,0.0,1.0,0.0,3.489273714138662
mut_f2f41ed26fd9,7. Calibrated ML (No Abstention),365.0,91.0,22.0,22.0,4.793700000000005,4.337300000000007,0.0,0.0,100.0,9.520829421949585
mut_f2fbb8b10761,7. Calibrated ML (No Abstention),191.0,47.0,17.0,17.0,2.2197,1.1652,0.0,0.0,100.0,47.506419786457634
mut_f310d6be9786,7. Calibrated ML (No Abstention),365.0,91.0,68.0,61.0,4.793700000000005,4.276200000000003,0.0,1.0,89.70588235294117,10.795418987421016
mut_f37e77045099,7. Calibrated ML (No Abstention),349.0,87.0,0.0,0.0,2.321400000000014,2.238099999999999,0.0,0.0,,3.588351856638866
mut_f3a9789e0bc0,7. Calibrated ML (No Abstention),507.0,126.0,0.0,0.0,3.8465999999999636,2.868699999999995,0.0,0.0,,25.422450995683917
mut_f3d469a1a06c,7. Calibrated ML (No Abstention),507.0,126.0,178.0,78.0,3.8465999999999636,0.6566000000000003,0.0,1.0,43.82022471910113,82.93038007591102
mut_f3f4f8e28edf,7. Calibrated ML (No Abstention),365.0,91.0,4.0,4.0,4.793700000000005,4.276200000000003,0.0,0.0,100.0,10.795418987421016
mut_f489b8cff73f,7. Calibrated ML (No Abstention),191.0,47.0,0.0,0.0,2.2197,1.8681,0.0,0.0,,15.839978375456141
mut_f4a038057e54,7. Calibrated ML (No Abstention),349.0,87.0,179.0,29.0,2.321400000000014,2.2373999999999987,0.0,1.0,16.201117318435752,3.6185060739215515
mut_f4c73147e9af,7. Calibrated ML (No Abstention),895.0,223.0,0.0,0.0,0.07280000000000002,0.0389,0.0,0.0,,46.56593406593408
mut_f4d6b2ad1e1c,7. Calibrated ML (No Abstention),507.0,126.0,9.0,8.0,3.8465999999999636,2.735499999999995,0.0,1.0,88.88888888888889,28.885249311079363
mut_f4e26f1d8b05,7. Calibrated ML (No Abstention),895.0,223.0,8.0,8.0,0.07280000000000002,0.0389,0.0,0.0,100.0,46.56593406593408
mut_f584f6b9da37,7. Calibrated ML (No Abstention),349.0,87.0,7.0,0.0,2.321400000000014,2.239399999999999,0.0,1.0,0.0,3.532351167399611
mut_f58e4bd61135,7. Calibrated ML (No Abstention),349.0,87.0,3.0,0.0,2.321400000000014,2.2380999999999984,0.0,1.0,0.0,3.58835185663888
mut_f5b94d22319e,7. Calibrated ML (No Abstention),507.0,126.0,1.0,1.0,3.8465999999999636,2.736799999999995,0.0,0.0,100.0,28.851453231424614
mut_f5cbb94c9f6d,7. Calibrated ML (No Abstention),191.0,47.0,0.0,0.0,2.2197,1.5611000000000002,0.0,0.0,,29.670676217506866
mut_f5edfd2c8d26,7. Calibrated ML (No Abstention),507.0,126.0,0.0,0.0,3.8465999999999636,2.8769999999999962,0.0,0.0,,25.20667602558042
mut_f657c1e78461,7. Calibrated ML (No Abstention),349.0,87.0,3.0,2.0,2.321400000000014,2.2380999999999984,0.0,1.0,66.66666666666666,3.58835185663888
mut_f6d3d796a500,7. Calibrated ML (No Abstention),895.0,223.0,0.0,0.0,0.07280000000000002,0.039200000000000006,0.0,0.0,,46.15384615384615
mut_f726806a29dd,7. Calibrated ML (No Abstention),365.0,91.0,127.0,7.0,4.793700000000005,4.691400000000009,0.0,1.0,5.511811023622047,2.134050941861105
mut_f81ebf6603d2,7. Calibrated ML (No Abstention),191.0,47.0,1.0,0.0,2.2197,1.6244999999999996,0.0,1.0,0.0,26.81443438302476
mut_f851c9c08a7b,7. Calibrated ML (No Abstention),349.0,87.0,68.0,12.0,2.321400000000014,2.2368000000000015,0.0,1.0,17.647058823529413,3.6443525458780073
mut_f85ae10d679a,7. Calibrated ML (No Abstention),191.0,47.0,17.0,17.0,2.2197,0.7964000000000001,0.0,0.0,100.0,64.1212776501329
mut_f87aba4bda98,7. Calibrated ML (No Abstention),895.0,223.0,2.0,2.0,0.07280000000000002,0.0349,0.0,0.0,100.0,52.06043956043957
mut_f8c65688bc5f,7. Calibrated ML (No Abstention),365.0,91.0,4.0,4.0,4.793700000000005,4.337000000000007,0.0,0.0,100.0,9.527087635855338
mut_f8da1dc96e6e,7. Calibrated ML (No Abstention),349.0,87.0,0.0,0.0,2.321400000000014,2.235000000000001,0.0,0.0,,3.721891961747744
mut_f8dc35c233f1,7. Calibrated ML (No Abstention),895.0,223.0,2.0,2.0,0.07280000000000002,0.0389,0.0,0.0,100.0,46.56593406593408
mut_f8e011568a6e,7. Calibrated ML (No Abstention),349.0,87.0,6.0,0.0,2.321400000000014,2.235000000000001,0.0,1.0,0.0,3.721891961747744
mut_f90d8b063f24,7. Calibrated ML (No Abstention),349.0,87.0,4.0,4.0,2.321400000000014,2.2425999999999986,0.0,0.0,100.0,3.3945033169645313
mut_f955c7586f9e,7. Calibrated ML (No Abstention),349.0,87.0,0.0,0.0,2.321400000000014,2.235000000000001,0.0,0.0,,3.721891961747744
mut_f9a092a9f938,7. Calibrated ML (No Abstention),349.0,87.0,2.0,0.0,2.321400000000014,2.235000000000001,0.0,1.0,0.0,3.721891961747744
mut_f9fa994b822d,7. Calibrated ML (No Abstention),895.0,223.0,0.0,0.0,0.07280000000000002,0.0389,0.0,0.0,,46.56593406593408
mut_fa9c05c3dc3f,7. Calibrated ML (No Abstention),365.0,91.0,7.0,7.0,4.793700000000005,4.202100000000004,0.0,0.0,100.0,12.341197822141552
mut_fb34793e6bc2,7. Calibrated ML (No Abstention),507.0,126.0,1.0,1.0,3.8465999999999636,2.8599999999999968,0.0,0.0,100.0,25.648624759527266
mut_fb82d8a971b1,7. Calibrated ML (No Abstention),191.0,47.0,0.0,0.0,2.2197,1.8681,0.0,0.0,,15.839978375456141
mut_fbbac85b0bd0,7. Calibrated ML (No Abstention),365.0,91.0,0.0,0.0,4.793700000000005,4.691400000000009,0.0,0.0,,2.134050941861105
mut_fc0de64fdbc8,7. Calibrated ML (No Abstention),191.0,47.0,0.0,0.0,2.2197,1.8507,0.0,0.0,,16.62386809028247
mut_fc46fb835319,7. Calibrated ML (No Abstention),895.0,223.0,0.0,0.0,0.07280000000000002,0.0389,0.0,0.0,,46.56593406593408
mut_fc5453ad45d2,7. Calibrated ML (No Abstention),507.0,126.0,1.0,1.0,3.8465999999999636,2.860999999999996,0.0,0.0,100.0,25.622627775177477
mut_fcb8db64c2f7,7. Calibrated ML (No Abstention),349.0,87.0,3.0,0.0,2.321400000000014,2.235000000000001,0.0,1.0,0.0,3.721891961747744
mut_fd6d192d4ae0,7. Calibrated ML (No Abstention),349.0,87.0,7.0,0.0,2.321400000000014,2.234700000000001,0.0,1.0,0.0,3.7348151977260358
mut_fd93fa7458fb,7. Calibrated ML (No Abstention),365.0,91.0,12.0,11.0,4.793700000000005,4.538900000000007,0.0,1.0,91.66666666666666,5.315309677284716
mut_fdb18ceaea36,7. Calibrated ML (No Abstention),365.0,91.0,18.0,18.0,4.793700000000005,4.452100000000009,0.0,0.0,100.0,7.1260195673487345
mut_fdb31bfe1c24,7. Calibrated ML (No Abstention),507.0,126.0,6.0,4.0,3.8465999999999636,0.6566000000000003,0.0,1.0,66.66666666666666,82.93038007591102
mut_fde4d99d3e85,7. Calibrated ML (No Abstention),507.0,126.0,5.0,5.0,3.8465999999999636,2.868699999999995,0.0,0.0,100.0,25.422450995683917
mut_fe1b183af319,7. Calibrated ML (No Abstention),191.0,47.0,0.0,0.0,2.2197,1.1652,0.0,0.0,,47.506419786457634
mut_fe376be4072e,7. Calibrated ML (No Abstention),365.0,91.0,2.0,0.0,4.793700000000005,4.691400000000009,0.0,1.0,0.0,2.134050941861105
mut_fe3c798182db,7. Calibrated ML (No Abstention),349.0,87.0,231.0,37.0,2.321400000000014,2.234700000000001,0.0,1.0,16.017316017316016,3.7348151977260358
mut_fe89d5200881,7. Calibrated ML (No Abstention),349.0,87.0,11.0,4.0,2.321400000000014,2.237699999999999,0.0,1.0,36.36363636363637,3.6055828379432455
mut_fee332bc2d2a,7. Calibrated ML (No Abstention),349.0,87.0,25.0,7.0,2.321400000000014,2.237699999999999,0.0,1.0,28.000000000000004,3.6055828379432455
mut_ff7fe202d04c,7. Calibrated ML (No Abstention),191.0,47.0,7.0,2.0,2.2197,1.7594999999999998,0.0,1.0,28.57142857142857,20.732531423165298
mut_ff96a6ac2906,7. Calibrated ML (No Abstention),507.0,126.0,385.0,126.0,3.8465999999999636,0.31560000000000005,0.0,1.0,32.72727272727273,91.79535173919817
mut_ffcd0da5bf30,7. Calibrated ML (No Abstention),349.0,87.0,4.0,1.0,2.321400000000014,2.2383999999999986,0.0,1.0,25.0,3.575428620660574
mut_caa015827517,8. ConfTest (Calibrated + Selective Abstention),895.0,895.0,0.0,0.0,0.07280000000000002,0.07280000000000006,1.0,0.0,,-7.105427357601002e-14
mut_cb44bb46eca3,8. ConfTest (Calibrated + Selective Abstention),191.0,191.0,92.0,92.0,2.2197,2.2196999999999987,1.0,0.0,100.0,5.684341886080802e-14
mut_ccbba32ee6f5,8. ConfTest (Calibrated + Selective Abstention),191.0,191.0,1.0,1.0,2.2197,2.2196999999999987,1.0,0.0,100.0,5.684341886080802e-14
mut_ce0d69e89f0f,8. ConfTest (Calibrated + Selective Abstention),191.0,191.0,27.0,27.0,2.2197,2.2196999999999987,1.0,0.0,100.0,5.684341886080802e-14
mut_ce5097a8bae4,8. ConfTest (Calibrated + Selective Abstention),895.0,895.0,1.0,1.0,0.07280000000000002,0.07280000000000006,1.0,0.0,100.0,-7.105427357601002e-14
mut_ce8ebe6857fe,8. ConfTest (Calibrated + Selective Abstention),895.0,223.0,13.0,13.0,0.07280000000000002,0.0349,0.0,0.0,100.0,52.06043956043957
mut_ce961ebfbe8a,8. ConfTest (Calibrated + Selective Abstention),191.0,191.0,0.0,0.0,2.2197,2.2196999999999987,1.0,0.0,,5.684341886080802e-14
mut_cf304955ef3c,8. ConfTest (Calibrated + Selective Abstention),895.0,895.0,0.0,0.0,0.07280000000000002,0.07280000000000006,1.0,0.0,,-7.105427357601002e-14
mut_cf6c963757ed,8. ConfTest (Calibrated + Selective Abstention),895.0,895.0,3.0,3.0,0.07280000000000002,0.07280000000000006,1.0,0.0,100.0,-7.105427357601002e-14
mut_cf79a6d39691,8. ConfTest (Calibrated + Selective Abstention),895.0,895.0,2.0,2.0,0.07280000000000002,0.07280000000000006,1.0,0.0,100.0,-7.105427357601002e-14
mut_d0624774f95c,8. ConfTest (Calibrated + Selective Abstention),191.0,191.0,41.0,41.0,2.2197,2.2196999999999987,1.0,0.0,100.0,5.684341886080802e-14
mut_d0b1a5c53c7a,8. ConfTest (Calibrated + Selective Abstention),895.0,895.0,19.0,19.0,0.07280000000000002,0.07280000000000006,1.0,0.0,100.0,-7.105427357601002e-14
mut_d0e704dbbf55,8. ConfTest (Calibrated + Selective Abstention),191.0,191.0,21.0,21.0,2.2197,2.2196999999999987,1.0,0.0,100.0,5.684341886080802e-14
mut_d0f4efae548f,8. ConfTest (Calibrated + Selective Abstention),365.0,365.0,0.0,0.0,4.793700000000005,4.793700000000021,1.0,0.0,,-3.268496584496461e-13
mut_d0f91c149491,8. ConfTest (Calibrated + Selective Abstention),895.0,895.0,8.0,8.0,0.07280000000000002,0.07280000000000006,1.0,0.0,100.0,-7.105427357601002e-14
mut_d14847af1de6,8. ConfTest (Calibrated + Selective Abstention),191.0,191.0,7.0,7.0,2.2197,2.2196999999999987,1.0,0.0,100.0,5.684341886080802e-14
mut_d149277612bd,8. ConfTest (Calibrated + Selective Abstention),895.0,895.0,0.0,0.0,0.07280000000000002,0.07280000000000006,1.0,0.0,,-7.105427357601002e-14
mut_d14d6a9bd5e2,8. ConfTest (Calibrated + Selective Abstention),365.0,365.0,2.0,2.0,4.793700000000005,4.793700000000021,1.0,0.0,100.0,-3.268496584496461e-13
mut_d207c4243342,8. ConfTest (Calibrated + Selective Abstention),895.0,895.0,3.0,3.0,0.07280000000000002,0.07280000000000006,1.0,0.0,100.0,-7.105427357601002e-14
mut_d26e9eb3bbd7,8. ConfTest (Calibrated + Selective Abstention),191.0,191.0,3.0,3.0,2.2197,2.2196999999999987,1.0,0.0,100.0,5.684341886080802e-14
mut_d352bccae750,8. ConfTest (Calibrated + Selective Abstention),365.0,365.0,1.0,1.0,4.793700000000005,4.793700000000021,1.0,0.0,100.0,-3.268496584496461e-13
mut_d3f2e21b70f3,8. ConfTest (Calibrated + Selective Abstention),365.0,365.0,7.0,7.0,4.793700000000005,4.793700000000021,1.0,0.0,100.0,-3.268496584496461e-13
mut_d4bc035cfd69,8. ConfTest (Calibrated + Selective Abstention),191.0,191.0,5.0,5.0,2.2197,2.2196999999999987,1.0,0.0,100.0,5.684341886080802e-14
mut_d5a598e5b5eb,8. ConfTest (Calibrated + Selective Abstention),365.0,365.0,11.0,11.0,4.793700000000005,4.793700000000021,1.0,0.0,100.0,-3.268496584496461e-13
mut_d5bfbcfc6d6b,8. ConfTest (Calibrated + Selective Abstention),365.0,365.0,2.0,2.0,4.793700000000005,4.793700000000021,1.0,0.0,100.0,-3.268496584496461e-13
mut_d64ff7faf9c1,8. ConfTest (Calibrated + Selective Abstention),365.0,365.0,1.0,1.0,4.793700000000005,4.793700000000021,1.0,0.0,100.0,-3.268496584496461e-13
mut_d673496eccfe,8. ConfTest (Calibrated + Selective Abstention),365.0,365.0,2.0,2.0,4.793700000000005,4.793700000000021,1.0,0.0,100.0,-3.268496584496461e-13
mut_d789c421f786,8. ConfTest (Calibrated + Selective Abstention),895.0,895.0,19.0,19.0,0.07280000000000002,0.07280000000000006,1.0,0.0,100.0,-7.105427357601002e-14
mut_d797dded6a37,8. ConfTest (Calibrated + Selective Abstention),895.0,895.0,0.0,0.0,0.07280000000000002,0.07280000000000006,1.0,0.0,,-7.105427357601002e-14
mut_d7a43e9b9b40,8. ConfTest (Calibrated + Selective Abstention),365.0,365.0,28.0,28.0,4.793700000000005,4.793700000000021,1.0,0.0,100.0,-3.268496584496461e-13
mut_d836d44fd367,8. ConfTest (Calibrated + Selective Abstention),365.0,365.0,0.0,0.0,4.793700000000005,4.793700000000021,1.0,0.0,,-3.268496584496461e-13
mut_d83c216c3b08,8. ConfTest (Calibrated + Selective Abstention),365.0,365.0,0.0,0.0,4.793700000000005,4.793700000000021,1.0,0.0,,-3.268496584496461e-13
mut_d89bfe05efd2,8. ConfTest (Calibrated + Selective Abstention),365.0,365.0,2.0,2.0,4.793700000000005,4.793700000000021,1.0,0.0,100.0,-3.268496584496461e-13
mut_d8b117db1a7e,8. ConfTest (Calibrated + Selective Abstention),895.0,895.0,4.0,4.0,0.07280000000000002,0.07280000000000006,1.0,0.0,100.0,-7.105427357601002e-14
mut_d9b13433630a,8. ConfTest (Calibrated + Selective Abstention),895.0,895.0,0.0,0.0,0.07280000000000002,0.07280000000000006,1.0,0.0,,-7.105427357601002e-14
mut_d9fde15d093c,8. ConfTest (Calibrated + Selective Abstention),365.0,365.0,9.0,9.0,4.793700000000005,4.793700000000021,1.0,0.0,100.0,-3.268496584496461e-13
mut_da19bcd92234,8. ConfTest (Calibrated + Selective Abstention),365.0,365.0,8.0,8.0,4.793700000000005,4.793700000000021,1.0,0.0,100.0,-3.268496584496461e-13
mut_da98b4b12d6b,8. ConfTest (Calibrated + Selective Abstention),191.0,191.0,8.0,8.0,2.2197,2.2196999999999987,1.0,0.0,100.0,5.684341886080802e-14
mut_dabe6b6f9797,8. ConfTest (Calibrated + Selective Abstention),191.0,191.0,0.0,0.0,2.2197,2.2196999999999987,1.0,0.0,,5.684341886080802e-14
mut_dae218ee37c9,8. ConfTest (Calibrated + Selective Abstention),365.0,365.0,1.0,1.0,4.793700000000005,4.793700000000021,1.0,0.0,100.0,-3.268496584496461e-13
mut_db0c05c5ba79,8. ConfTest (Calibrated + Selective Abstention),365.0,365.0,3.0,3.0,4.793700000000005,4.793700000000021,1.0,0.0,100.0,-3.268496584496461e-13
mut_db19b9c3be0f,8. ConfTest (Calibrated + Selective Abstention),365.0,365.0,21.0,21.0,4.793700000000005,4.793700000000021,1.0,0.0,100.0,-3.268496584496461e-13
mut_db51e974c4a7,8. ConfTest (Calibrated + Selective Abstention),191.0,191.0,120.0,120.0,2.2197,2.2196999999999987,1.0,0.0,100.0,5.684341886080802e-14
mut_db551481015f,8. ConfTest (Calibrated + Selective Abstention),191.0,191.0,0.0,0.0,2.2197,2.2196999999999987,1.0,0.0,,5.684341886080802e-14
mut_dc11bf9c3112,8. ConfTest (Calibrated + Selective Abstention),191.0,191.0,9.0,9.0,2.2197,2.2196999999999987,1.0,0.0,100.0,5.684341886080802e-14
mut_dc23088c978a,8. ConfTest (Calibrated + Selective Abstention),191.0,191.0,1.0,1.0,2.2197,2.2196999999999987,1.0,0.0,100.0,5.684341886080802e-14
mut_dc56e7048ab7,8. ConfTest (Calibrated + Selective Abstention),365.0,365.0,1.0,1.0,4.793700000000005,4.793700000000021,1.0,0.0,100.0,-3.268496584496461e-13
mut_dcb5286d667c,8. ConfTest (Calibrated + Selective Abstention),895.0,895.0,7.0,7.0,0.07280000000000002,0.07280000000000006,1.0,0.0,100.0,-7.105427357601002e-14
mut_dcbecabbebc7,8. ConfTest (Calibrated + Selective Abstention),895.0,895.0,2.0,2.0,0.07280000000000002,0.07280000000000006,1.0,0.0,100.0,-7.105427357601002e-14
mut_dcf9b24994ae,8. ConfTest (Calibrated + Selective Abstention),191.0,191.0,2.0,2.0,2.2197,2.2196999999999987,1.0,0.0,100.0,5.684341886080802e-14
mut_dd2029779d86,8. ConfTest (Calibrated + Selective Abstention),895.0,895.0,14.0,14.0,0.07280000000000002,0.07280000000000006,1.0,0.0,100.0,-7.105427357601002e-14
mut_dd8be6e5d67d,8. ConfTest (Calibrated + Selective Abstention),365.0,365.0,155.0,155.0,4.793700000000005,4.793700000000021,1.0,0.0,100.0,-3.268496584496461e-13
mut_ddffa913284a,8. ConfTest (Calibrated + Selective Abstention),895.0,895.0,7.0,7.0,0.07280000000000002,0.07280000000000006,1.0,0.0,100.0,-7.105427357601002e-14
mut_de07db6d0354,8. ConfTest (Calibrated + Selective Abstention),895.0,895.0,73.0,73.0,0.07280000000000002,0.07280000000000006,1.0,0.0,100.0,-7.105427357601002e-14
mut_de080396a033,8. ConfTest (Calibrated + Selective Abstention),191.0,191.0,0.0,0.0,2.2197,2.2196999999999987,1.0,0.0,,5.684341886080802e-14
mut_de0cd1debe22,8. ConfTest (Calibrated + Selective Abstention),191.0,191.0,0.0,0.0,2.2197,2.2196999999999987,1.0,0.0,,5.684341886080802e-14
mut_de3d54f93612,8. ConfTest (Calibrated + Selective Abstention),895.0,895.0,0.0,0.0,0.07280000000000002,0.07280000000000006,1.0,0.0,,-7.105427357601002e-14
mut_de45f3060556,8. ConfTest (Calibrated + Selective Abstention),507.0,507.0,24.0,24.0,3.8465999999999636,3.8465999999999925,1.0,0.0,100.0,-7.531752999057062e-13
mut_de93611a8255,8. ConfTest (Calibrated + Selective Abstention),191.0,191.0,0.0,0.0,2.2197,2.2196999999999987,1.0,0.0,,5.684341886080802e-14
mut_deb25f418ef6,8. ConfTest (Calibrated + Selective Abstention),895.0,895.0,1.0,1.0,0.07280000000000002,0.07280000000000006,1.0,0.0,100.0,-7.105427357601002e-14
mut_dfe7bf887980,8. ConfTest (Calibrated + Selective Abstention),507.0,507.0,12.0,12.0,3.8465999999999636,3.8465999999999925,1.0,0.0,100.0,-7.531752999057062e-13
mut_e04304803276,8. ConfTest (Calibrated + Selective Abstention),191.0,191.0,73.0,73.0,2.2197,2.2196999999999987,1.0,0.0,100.0,5.684341886080802e-14
mut_e0478e596d43,8. ConfTest (Calibrated + Selective Abstention),191.0,191.0,2.0,2.0,2.2197,2.2196999999999987,1.0,0.0,100.0,5.684341886080802e-14
mut_e083a55a6bb5,8. ConfTest (Calibrated + Selective Abstention),895.0,223.0,43.0,43.0,0.07280000000000002,0.0389,0.0,0.0,100.0,46.56593406593408
mut_e1182c8943ba,8. ConfTest (Calibrated + Selective Abstention),507.0,507.0,0.0,0.0,3.8465999999999636,3.8465999999999925,1.0,0.0,,-7.531752999057062e-13
mut_e1507a2cf092,8. ConfTest (Calibrated + Selective Abstention),191.0,191.0,0.0,0.0,2.2197,2.2196999999999987,1.0,0.0,,5.684341886080802e-14
mut_e17221f2b716,8. ConfTest (Calibrated + Selective Abstention),507.0,507.0,0.0,0.0,3.8465999999999636,3.8465999999999925,1.0,0.0,,-7.531752999057062e-13
mut_e1a29b361e0f,8. ConfTest (Calibrated + Selective Abstention),507.0,507.0,1.0,1.0,3.8465999999999636,3.8465999999999925,1.0,0.0,100.0,-7.531752999057062e-13
mut_e1c2d8def0d5,8. ConfTest (Calibrated + Selective Abstention),365.0,365.0,5.0,5.0,4.793700000000005,4.793700000000021,1.0,0.0,100.0,-3.268496584496461e-13
mut_e281f9de1ee8,8. ConfTest (Calibrated + Selective Abstention),507.0,507.0,0.0,0.0,3.8465999999999636,3.8465999999999925,1.0,0.0,,-7.531752999057062e-13
mut_e2adab202593,8. ConfTest (Calibrated + Selective Abstention),191.0,191.0,0.0,0.0,2.2197,2.2196999999999987,1.0,0.0,,5.684341886080802e-14
mut_e30b35af2f88,8. ConfTest (Calibrated + Selective Abstention),191.0,191.0,56.0,56.0,2.2197,2.2196999999999987,1.0,0.0,100.0,5.684341886080802e-14
mut_e32189bcd2c9,8. ConfTest (Calibrated + Selective Abstention),507.0,507.0,9.0,9.0,3.8465999999999636,3.8465999999999925,1.0,0.0,100.0,-7.531752999057062e-13
mut_e366b4b855c3,8. ConfTest (Calibrated + Selective Abstention),895.0,895.0,0.0,0.0,0.07280000000000002,0.07280000000000006,1.0,0.0,,-7.105427357601002e-14
mut_e451fed246dc,8. ConfTest (Calibrated + Selective Abstention),191.0,191.0,1.0,1.0,2.2197,2.2196999999999987,1.0,0.0,100.0,5.684341886080802e-14
mut_e4a7ee5b9f27,8. ConfTest (Calibrated + Selective Abstention),507.0,507.0,90.0,90.0,3.8465999999999636,3.8465999999999925,1.0,0.0,100.0,-7.531752999057062e-13
mut_e540b63f1c85,8. ConfTest (Calibrated + Selective Abstention),507.0,507.0,4.0,4.0,3.8465999999999636,3.8465999999999925,1.0,0.0,100.0,-7.531752999057062e-13
mut_e598ed37661f,8. ConfTest (Calibrated + Selective Abstention),191.0,191.0,8.0,8.0,2.2197,2.2196999999999987,1.0,0.0,100.0,5.684341886080802e-14
mut_e5e6b23d189f,8. ConfTest (Calibrated + Selective Abstention),191.0,191.0,8.0,8.0,2.2197,2.2196999999999987,1.0,0.0,100.0,5.684341886080802e-14
mut_e63ee744d58d,8. ConfTest (Calibrated + Selective Abstention),365.0,365.0,5.0,5.0,4.793700000000005,4.793700000000021,1.0,0.0,100.0,-3.268496584496461e-13
mut_e684824e8436,8. ConfTest (Calibrated + Selective Abstention),507.0,507.0,2.0,2.0,3.8465999999999636,3.8465999999999925,1.0,0.0,100.0,-7.531752999057062e-13
mut_e695af362c3b,8. ConfTest (Calibrated + Selective Abstention),895.0,895.0,4.0,4.0,0.07280000000000002,0.07280000000000006,1.0,0.0,100.0,-7.105427357601002e-14
mut_e6f99fe59835,8. ConfTest (Calibrated + Selective Abstention),365.0,365.0,20.0,20.0,4.793700000000005,4.793700000000021,1.0,0.0,100.0,-3.268496584496461e-13
mut_e6f9c95fe4b4,8. ConfTest (Calibrated + Selective Abstention),191.0,191.0,3.0,3.0,2.2197,2.2196999999999987,1.0,0.0,100.0,5.684341886080802e-14
mut_e77e3c1a382e,8. ConfTest (Calibrated + Selective Abstention),895.0,895.0,2.0,2.0,0.07280000000000002,0.07280000000000006,1.0,0.0,100.0,-7.105427357601002e-14
mut_e79763fc7b17,8. ConfTest (Calibrated + Selective Abstention),365.0,365.0,47.0,47.0,4.793700000000005,4.793700000000021,1.0,0.0,100.0,-3.268496584496461e-13
mut_e840ceefe4b7,8. ConfTest (Calibrated + Selective Abstention),895.0,895.0,1.0,1.0,0.07280000000000002,0.07280000000000006,1.0,0.0,100.0,-7.105427357601002e-14
mut_e84137c4f7b7,8. ConfTest (Calibrated + Selective Abstention),507.0,507.0,1.0,1.0,3.8465999999999636,3.8465999999999925,1.0,0.0,100.0,-7.531752999057062e-13
mut_e86b7cdde967,8. ConfTest (Calibrated + Selective Abstention),507.0,507.0,1.0,1.0,3.8465999999999636,3.8465999999999925,1.0,0.0,100.0,-7.531752999057062e-13
mut_e8a9e14532e3,8. ConfTest (Calibrated + Selective Abstention),895.0,895.0,0.0,0.0,0.07280000000000002,0.07280000000000006,1.0,0.0,,-7.105427357601002e-14
mut_e8b75853d281,8. ConfTest (Calibrated + Selective Abstention),507.0,507.0,4.0,4.0,3.8465999999999636,3.8465999999999925,1.0,0.0,100.0,-7.531752999057062e-13
mut_e8e969479d19,8. ConfTest (Calibrated + Selective Abstention),507.0,507.0,0.0,0.0,3.8465999999999636,3.8465999999999925,1.0,0.0,,-7.531752999057062e-13
mut_e8f51e73dd46,8. ConfTest (Calibrated + Selective Abstention),191.0,191.0,2.0,2.0,2.2197,2.2196999999999987,1.0,0.0,100.0,5.684341886080802e-14
mut_e9300e1564b7,8. ConfTest (Calibrated + Selective Abstention),365.0,365.0,2.0,2.0,4.793700000000005,4.793700000000021,1.0,0.0,100.0,-3.268496584496461e-13
mut_e9dd4aa61447,8. ConfTest (Calibrated + Selective Abstention),365.0,365.0,45.0,45.0,4.793700000000005,4.793700000000021,1.0,0.0,100.0,-3.268496584496461e-13
mut_e9f268f6ceae,8. ConfTest (Calibrated + Selective Abstention),895.0,895.0,0.0,0.0,0.07280000000000002,0.07280000000000006,1.0,0.0,,-7.105427357601002e-14
mut_eb30b583ee7e,8. ConfTest (Calibrated + Selective Abstention),349.0,349.0,68.0,68.0,2.321400000000014,2.321399999999999,1.0,0.0,100.0,6.536993168992922e-13
mut_ec0d392814db,8. ConfTest (Calibrated + Selective Abstention),507.0,507.0,37.0,37.0,3.8465999999999636,3.8465999999999925,1.0,0.0,100.0,-7.531752999057062e-13
mut_ec1d454c6747,8. ConfTest (Calibrated + Selective Abstention),507.0,507.0,2.0,2.0,3.8465999999999636,3.8465999999999925,1.0,0.0,100.0,-7.531752999057062e-13
mut_ec28ba8ea5d6,8. ConfTest (Calibrated + Selective Abstention),365.0,365.0,2.0,2.0,4.793700000000005,4.793700000000021,1.0,0.0,100.0,-3.268496584496461e-13
mut_ecaed389765b,8. ConfTest (Calibrated + Selective Abstention),507.0,507.0,3.0,3.0,3.8465999999999636,3.8465999999999925,1.0,0.0,100.0,-7.531752999057062e-13
mut_ecb13c489ff3,8. ConfTest (Calibrated + Selective Abstention),507.0,507.0,92.0,92.0,3.8465999999999636,3.8465999999999925,1.0,0.0,100.0,-7.531752999057062e-13
mut_ecbc76dc1646,8. ConfTest (Calibrated + Selective Abstention),895.0,895.0,0.0,0.0,0.07280000000000002,0.07280000000000006,1.0,0.0,,-7.105427357601002e-14
mut_ed4d1bdaa59e,8. ConfTest (Calibrated + Selective Abstention),895.0,895.0,0.0,0.0,0.07280000000000002,0.07280000000000006,1.0,0.0,,-7.105427357601002e-14
mut_ed9e5f0b9b69,8. ConfTest (Calibrated + Selective Abstention),895.0,895.0,3.0,3.0,0.07280000000000002,0.07280000000000006,1.0,0.0,100.0,-7.105427357601002e-14
mut_edda2e070d47,8. ConfTest (Calibrated + Selective Abstention),507.0,507.0,2.0,2.0,3.8465999999999636,3.8465999999999925,1.0,0.0,100.0,-7.531752999057062e-13
mut_ee21a9b323b3,8. ConfTest (Calibrated + Selective Abstention),895.0,223.0,4.0,4.0,0.07280000000000002,0.0389,0.0,0.0,100.0,46.56593406593408
mut_ee6f2cc70cef,8. ConfTest (Calibrated + Selective Abstention),349.0,349.0,52.0,52.0,2.321400000000014,2.321399999999999,1.0,0.0,100.0,6.536993168992922e-13
mut_ee813226383c,8. ConfTest (Calibrated + Selective Abstention),895.0,895.0,0.0,0.0,0.07280000000000002,0.07280000000000006,1.0,0.0,,-7.105427357601002e-14
mut_eea66e82ba39,8. ConfTest (Calibrated + Selective Abstention),895.0,895.0,0.0,0.0,0.07280000000000002,0.07280000000000006,1.0,0.0,,-7.105427357601002e-14
mut_eeee9e9a5f8f,8. ConfTest (Calibrated + Selective Abstention),349.0,349.0,2.0,2.0,2.321400000000014,2.321399999999999,1.0,0.0,100.0,6.536993168992922e-13
mut_ef2e652b5cd6,8. ConfTest (Calibrated + Selective Abstention),365.0,365.0,0.0,0.0,4.793700000000005,4.793700000000021,1.0,0.0,,-3.268496584496461e-13
mut_ef3ec1969ca8,8. ConfTest (Calibrated + Selective Abstention),507.0,507.0,0.0,0.0,3.8465999999999636,3.8465999999999925,1.0,0.0,,-7.531752999057062e-13
mut_ef55ac592d94,8. ConfTest (Calibrated + Selective Abstention),349.0,349.0,2.0,2.0,2.321400000000014,2.321399999999999,1.0,0.0,100.0,6.536993168992922e-13
mut_ef5ae42fef7e,8. ConfTest (Calibrated + Selective Abstention),349.0,349.0,3.0,3.0,2.321400000000014,2.321399999999999,1.0,0.0,100.0,6.536993168992922e-13
mut_ef68dbeea99f,8. ConfTest (Calibrated + Selective Abstention),191.0,191.0,0.0,0.0,2.2197,2.2196999999999987,1.0,0.0,,5.684341886080802e-14
mut_ef77608e9963,8. ConfTest (Calibrated + Selective Abstention),349.0,349.0,5.0,5.0,2.321400000000014,2.321399999999999,1.0,0.0,100.0,6.536993168992922e-13
mut_efd43e5ff379,8. ConfTest (Calibrated + Selective Abstention),365.0,365.0,1.0,1.0,4.793700000000005,4.793700000000021,1.0,0.0,100.0,-3.268496584496461e-13
mut_efee4bf9e8a0,8. ConfTest (Calibrated + Selective Abstention),365.0,365.0,64.0,64.0,4.793700000000005,4.793700000000021,1.0,0.0,100.0,-3.268496584496461e-13
mut_eff8901c9a2f,8. ConfTest (Calibrated + Selective Abstention),365.0,365.0,5.0,5.0,4.793700000000005,4.793700000000021,1.0,0.0,100.0,-3.268496584496461e-13
mut_f090362342f3,8. ConfTest (Calibrated + Selective Abstention),895.0,895.0,0.0,0.0,0.07280000000000002,0.07280000000000006,1.0,0.0,,-7.105427357601002e-14
mut_f0c31847ee45,8. ConfTest (Calibrated + Selective Abstention),191.0,191.0,16.0,16.0,2.2197,2.2196999999999987,1.0,0.0,100.0,5.684341886080802e-14
mut_f11fd8798731,8. ConfTest (Calibrated + Selective Abstention),365.0,365.0,39.0,39.0,4.793700000000005,4.793700000000021,1.0,0.0,100.0,-3.268496584496461e-13
mut_f14a2d9d7381,8. ConfTest (Calibrated + Selective Abstention),349.0,349.0,4.0,4.0,2.321400000000014,2.321399999999999,1.0,0.0,100.0,6.536993168992922e-13
mut_f14adc221828,8. ConfTest (Calibrated + Selective Abstention),895.0,223.0,40.0,40.0,0.07280000000000002,0.0389,0.0,0.0,100.0,46.56593406593408
mut_f1510c477b77,8. ConfTest (Calibrated + Selective Abstention),365.0,365.0,25.0,25.0,4.793700000000005,4.793700000000021,1.0,0.0,100.0,-3.268496584496461e-13
mut_f1691d1bf5e2,8. ConfTest (Calibrated + Selective Abstention),365.0,365.0,24.0,24.0,4.793700000000005,4.793700000000021,1.0,0.0,100.0,-3.268496584496461e-13
mut_f1b08f78c308,8. ConfTest (Calibrated + Selective Abstention),365.0,365.0,12.0,12.0,4.793700000000005,4.793700000000021,1.0,0.0,100.0,-3.268496584496461e-13
mut_f2146d8bf14a,8. ConfTest (Calibrated + Selective Abstention),349.0,349.0,0.0,0.0,2.321400000000014,2.321399999999999,1.0,0.0,,6.536993168992922e-13
mut_f23c3fd076fb,8. ConfTest (Calibrated + Selective Abstention),349.0,349.0,2.0,2.0,2.321400000000014,2.321399999999999,1.0,0.0,100.0,6.536993168992922e-13
mut_f2f41ed26fd9,8. ConfTest (Calibrated + Selective Abstention),365.0,365.0,22.0,22.0,4.793700000000005,4.793700000000021,1.0,0.0,100.0,-3.268496584496461e-13
mut_f2fbb8b10761,8. ConfTest (Calibrated + Selective Abstention),191.0,191.0,17.0,17.0,2.2197,2.2196999999999987,1.0,0.0,100.0,5.684341886080802e-14
mut_f310d6be9786,8. ConfTest (Calibrated + Selective Abstention),365.0,365.0,68.0,68.0,4.793700000000005,4.793700000000021,1.0,0.0,100.0,-3.268496584496461e-13
mut_f37e77045099,8. ConfTest (Calibrated + Selective Abstention),349.0,349.0,0.0,0.0,2.321400000000014,2.321399999999999,1.0,0.0,,6.536993168992922e-13
mut_f3a9789e0bc0,8. ConfTest (Calibrated + Selective Abstention),507.0,507.0,0.0,0.0,3.8465999999999636,3.8465999999999925,1.0,0.0,,-7.531752999057062e-13
mut_f3d469a1a06c,8. ConfTest (Calibrated + Selective Abstention),507.0,507.0,178.0,178.0,3.8465999999999636,3.8465999999999925,1.0,0.0,100.0,-7.531752999057062e-13
mut_f3f4f8e28edf,8. ConfTest (Calibrated + Selective Abstention),365.0,365.0,4.0,4.0,4.793700000000005,4.793700000000021,1.0,0.0,100.0,-3.268496584496461e-13
mut_f489b8cff73f,8. ConfTest (Calibrated + Selective Abstention),191.0,191.0,0.0,0.0,2.2197,2.2196999999999987,1.0,0.0,,5.684341886080802e-14
mut_f4a038057e54,8. ConfTest (Calibrated + Selective Abstention),349.0,349.0,179.0,179.0,2.321400000000014,2.321399999999999,1.0,0.0,100.0,6.536993168992922e-13
mut_f4c73147e9af,8. ConfTest (Calibrated + Selective Abstention),895.0,895.0,0.0,0.0,0.07280000000000002,0.07280000000000006,1.0,0.0,,-7.105427357601002e-14
mut_f4d6b2ad1e1c,8. ConfTest (Calibrated + Selective Abstention),507.0,507.0,9.0,9.0,3.8465999999999636,3.8465999999999925,1.0,0.0,100.0,-7.531752999057062e-13
mut_f4e26f1d8b05,8. ConfTest (Calibrated + Selective Abstention),895.0,895.0,8.0,8.0,0.07280000000000002,0.07280000000000006,1.0,0.0,100.0,-7.105427357601002e-14
mut_f584f6b9da37,8. ConfTest (Calibrated + Selective Abstention),349.0,349.0,7.0,7.0,2.321400000000014,2.321399999999999,1.0,0.0,100.0,6.536993168992922e-13
mut_f58e4bd61135,8. ConfTest (Calibrated + Selective Abstention),349.0,349.0,3.0,3.0,2.321400000000014,2.321399999999999,1.0,0.0,100.0,6.536993168992922e-13
mut_f5b94d22319e,8. ConfTest (Calibrated + Selective Abstention),507.0,507.0,1.0,1.0,3.8465999999999636,3.8465999999999925,1.0,0.0,100.0,-7.531752999057062e-13
mut_f5cbb94c9f6d,8. ConfTest (Calibrated + Selective Abstention),191.0,191.0,0.0,0.0,2.2197,2.2196999999999987,1.0,0.0,,5.684341886080802e-14
mut_f5edfd2c8d26,8. ConfTest (Calibrated + Selective Abstention),507.0,507.0,0.0,0.0,3.8465999999999636,3.8465999999999925,1.0,0.0,,-7.531752999057062e-13
mut_f657c1e78461,8. ConfTest (Calibrated + Selective Abstention),349.0,349.0,3.0,3.0,2.321400000000014,2.321399999999999,1.0,0.0,100.0,6.536993168992922e-13
mut_f6d3d796a500,8. ConfTest (Calibrated + Selective Abstention),895.0,895.0,0.0,0.0,0.07280000000000002,0.07280000000000006,1.0,0.0,,-7.105427357601002e-14
mut_f726806a29dd,8. ConfTest (Calibrated + Selective Abstention),365.0,365.0,127.0,127.0,4.793700000000005,4.793700000000021,1.0,0.0,100.0,-3.268496584496461e-13
mut_f81ebf6603d2,8. ConfTest (Calibrated + Selective Abstention),191.0,191.0,1.0,1.0,2.2197,2.2196999999999987,1.0,0.0,100.0,5.684341886080802e-14
mut_f851c9c08a7b,8. ConfTest (Calibrated + Selective Abstention),349.0,349.0,68.0,68.0,2.321400000000014,2.321399999999999,1.0,0.0,100.0,6.536993168992922e-13
mut_f85ae10d679a,8. ConfTest (Calibrated + Selective Abstention),191.0,191.0,17.0,17.0,2.2197,2.2196999999999987,1.0,0.0,100.0,5.684341886080802e-14
mut_f87aba4bda98,8. ConfTest (Calibrated + Selective Abstention),895.0,895.0,2.0,2.0,0.07280000000000002,0.07280000000000006,1.0,0.0,100.0,-7.105427357601002e-14
mut_f8c65688bc5f,8. ConfTest (Calibrated + Selective Abstention),365.0,365.0,4.0,4.0,4.793700000000005,4.793700000000021,1.0,0.0,100.0,-3.268496584496461e-13
mut_f8da1dc96e6e,8. ConfTest (Calibrated + Selective Abstention),349.0,349.0,0.0,0.0,2.321400000000014,2.321399999999999,1.0,0.0,,6.536993168992922e-13
mut_f8dc35c233f1,8. ConfTest (Calibrated + Selective Abstention),895.0,895.0,2.0,2.0,0.07280000000000002,0.07280000000000006,1.0,0.0,100.0,-7.105427357601002e-14
mut_f8e011568a6e,8. ConfTest (Calibrated + Selective Abstention),349.0,349.0,6.0,6.0,2.321400000000014,2.321399999999999,1.0,0.0,100.0,6.536993168992922e-13
mut_f90d8b063f24,8. ConfTest (Calibrated + Selective Abstention),349.0,349.0,4.0,4.0,2.321400000000014,2.321399999999999,1.0,0.0,100.0,6.536993168992922e-13
mut_f955c7586f9e,8. ConfTest (Calibrated + Selective Abstention),349.0,349.0,0.0,0.0,2.321400000000014,2.321399999999999,1.0,0.0,,6.536993168992922e-13
mut_f9a092a9f938,8. ConfTest (Calibrated + Selective Abstention),349.0,349.0,2.0,2.0,2.321400000000014,2.321399999999999,1.0,0.0,100.0,6.536993168992922e-13
mut_f9fa994b822d,8. ConfTest (Calibrated + Selective Abstention),895.0,895.0,0.0,0.0,0.07280000000000002,0.07280000000000006,1.0,0.0,,-7.105427357601002e-14
mut_fa9c05c3dc3f,8. ConfTest (Calibrated + Selective Abstention),365.0,365.0,7.0,7.0,4.793700000000005,4.793700000000021,1.0,0.0,100.0,-3.268496584496461e-13
mut_fb34793e6bc2,8. ConfTest (Calibrated + Selective Abstention),507.0,507.0,1.0,1.0,3.8465999999999636,3.8465999999999925,1.0,0.0,100.0,-7.531752999057062e-13
mut_fb82d8a971b1,8. ConfTest (Calibrated + Selective Abstention),191.0,191.0,0.0,0.0,2.2197,2.2196999999999987,1.0,0.0,,5.684341886080802e-14
mut_fbbac85b0bd0,8. ConfTest (Calibrated + Selective Abstention),365.0,365.0,0.0,0.0,4.793700000000005,4.793700000000021,1.0,0.0,,-3.268496584496461e-13
mut_fc0de64fdbc8,8. ConfTest (Calibrated + Selective Abstention),191.0,191.0,0.0,0.0,2.2197,2.2196999999999987,1.0,0.0,,5.684341886080802e-14
mut_fc46fb835319,8. ConfTest (Calibrated + Selective Abstention),895.0,895.0,0.0,0.0,0.07280000000000002,0.07280000000000006,1.0,0.0,,-7.105427357601002e-14
mut_fc5453ad45d2,8. ConfTest (Calibrated + Selective Abstention),507.0,507.0,1.0,1.0,3.8465999999999636,3.8465999999999925,1.0,0.0,100.0,-7.531752999057062e-13
mut_fcb8db64c2f7,8. ConfTest (Calibrated + Selective Abstention),349.0,349.0,3.0,3.0,2.321400000000014,2.321399999999999,1.0,0.0,100.0,6.536993168992922e-13
mut_fd6d192d4ae0,8. ConfTest (Calibrated + Selective Abstention),349.0,349.0,7.0,7.0,2.321400000000014,2.321399999999999,1.0,0.0,100.0,6.536993168992922e-13
mut_fd93fa7458fb,8. ConfTest (Calibrated + Selective Abstention),365.0,365.0,12.0,12.0,4.793700000000005,4.793700000000021,1.0,0.0,100.0,-3.268496584496461e-13
mut_fdb18ceaea36,8. ConfTest (Calibrated + Selective Abstention),365.0,365.0,18.0,18.0,4.793700000000005,4.793700000000021,1.0,0.0,100.0,-3.268496584496461e-13
mut_fdb31bfe1c24,8. ConfTest (Calibrated + Selective Abstention),507.0,507.0,6.0,6.0,3.8465999999999636,3.8465999999999925,1.0,0.0,100.0,-7.531752999057062e-13
mut_fde4d99d3e85,8. ConfTest (Calibrated + Selective Abstention),507.0,507.0,5.0,5.0,3.8465999999999636,3.8465999999999925,1.0,0.0,100.0,-7.531752999057062e-13
mut_fe1b183af319,8. ConfTest (Calibrated + Selective Abstention),191.0,191.0,0.0,0.0,2.2197,2.2196999999999987,1.0,0.0,,5.684341886080802e-14
mut_fe376be4072e,8. ConfTest (Calibrated + Selective Abstention),365.0,365.0,2.0,2.0,4.793700000000005,4.793700000000021,1.0,0.0,100.0,-3.268496584496461e-13
mut_fe3c798182db,8. ConfTest (Calibrated + Selective Abstention),349.0,349.0,231.0,231.0,2.321400000000014,2.321399999999999,1.0,0.0,100.0,6.536993168992922e-13
mut_fe89d5200881,8. ConfTest (Calibrated + Selective Abstention),349.0,349.0,11.0,11.0,2.321400000000014,2.321399999999999,1.0,0.0,100.0,6.536993168992922e-13
mut_fee332bc2d2a,8. ConfTest (Calibrated + Selective Abstention),349.0,349.0,25.0,25.0,2.321400000000014,2.321399999999999,1.0,0.0,100.0,6.536993168992922e-13
mut_ff7fe202d04c,8. ConfTest (Calibrated + Selective Abstention),191.0,191.0,7.0,7.0,2.2197,2.2196999999999987,1.0,0.0,100.0,5.684341886080802e-14
mut_ff96a6ac2906,8. ConfTest (Calibrated + Selective Abstention),507.0,507.0,385.0,385.0,3.8465999999999636,3.8465999999999925,1.0,0.0,100.0,-7.531752999057062e-13
mut_ffcd0da5bf30,8. ConfTest (Calibrated + Selective Abstention),349.0,349.0,4.0,4.0,2.321400000000014,2.321399999999999,1.0,0.0,100.0,6.536993168992922e-13
