threshold,source_repo,target_repo,shift_at_step,mean_commit_error,drift_detected,model_adapted,buffer_size,total_adaptations,step,segment,commit_sha
0.5,pathspec,pyjwt,120,0.484,False,False,5000,0,0,source,mut_271a88b94f2a
0.5,pathspec,pyjwt,120,0.1686,False,False,5000,0,1,source,mut_273b59fab021
0.5,pathspec,pyjwt,120,0.2808,False,False,5000,0,2,source,mut_27531e910b3c
0.5,pathspec,pyjwt,120,0.0182,False,False,5000,0,3,source,mut_2772e8b27f7f
0.5,pathspec,pyjwt,120,0.0565,False,False,5000,0,4,source,mut_29db292771c0
0.5,pathspec,pyjwt,120,0.2303,False,False,5000,0,5,source,mut_2a46d9d58366
0.5,pathspec,pyjwt,120,0.0779,False,False,5000,0,6,source,mut_2a4800141334
0.5,pathspec,pyjwt,120,0.1293,False,False,5000,0,7,source,mut_2aad23831dd3
0.5,pathspec,pyjwt,120,0.1293,False,False,5000,0,8,source,mut_2b23de3aacc0
0.5,pathspec,pyjwt,120,0.1012,False,False,5000,0,9,source,mut_2c26ae5c9de4
0.5,pathspec,pyjwt,120,0.042,False,False,5000,0,10,source,mut_2ddbc9596010
0.5,pathspec,pyjwt,120,0.1112,False,False,5000,0,11,source,mut_2eb63ee45454
0.5,pathspec,pyjwt,120,0.1394,False,False,5000,0,12,source,mut_2ec8e80960f0
0.5,pathspec,pyjwt,120,0.0297,False,False,5000,0,13,source,mut_3082e187b8ef
0.5,pathspec,pyjwt,120,0.0316,False,False,5000,0,14,source,mut_31f518d1d40a
0.5,pathspec,pyjwt,120,0.0359,False,False,5000,0,15,source,mut_320e16630e8d
0.5,pathspec,pyjwt,120,0.0166,False,False,5000,0,16,source,mut_320f1bbd9777
0.5,pathspec,pyjwt,120,0.1275,False,False,5000,0,17,source,mut_3435678f3d1f
0.5,pathspec,pyjwt,120,0.0243,False,False,5000,0,18,source,mut_34de7097f517
0.5,pathspec,pyjwt,120,0.1076,False,False,5000,0,19,source,mut_36ed19b50bb6
0.5,pathspec,pyjwt,120,0.1012,False,False,5000,0,20,source,mut_38e31a877c89
0.5,pathspec,pyjwt,120,0.0485,False,False,5000,0,21,source,mut_3d9c3b57e236
0.5,pathspec,pyjwt,120,0.0293,False,False,5000,0,22,source,mut_3e91be117447
0.5,pathspec,pyjwt,120,0.1498,False,False,5000,0,23,source,mut_3f8d3853760f
0.5,pathspec,pyjwt,120,0.0841,False,False,5000,0,24,source,mut_421ebecfcd7e
0.5,pathspec,pyjwt,120,0.0225,False,False,5000,0,25,source,mut_427622f7a299
0.5,pathspec,pyjwt,120,0.1275,False,False,5000,0,26,source,mut_431b67bbe621
0.5,pathspec,pyjwt,120,0.1275,False,False,5000,0,27,source,mut_44b56e710faf
0.5,pathspec,pyjwt,120,0.0841,False,False,5000,0,28,source,mut_45affd13a77a
0.5,pathspec,pyjwt,120,0.1061,False,False,5000,0,29,source,mut_471432ae8885
0.5,pathspec,pyjwt,120,0.044,False,False,5000,0,30,source,mut_478be483b398
0.5,pathspec,pyjwt,120,0.0727,False,False,5000,0,31,source,mut_4895293b4211
0.5,pathspec,pyjwt,120,0.1244,False,False,5000,0,32,source,mut_48a4dc98589d
0.5,pathspec,pyjwt,120,0.3197,False,False,5000,0,33,source,mut_4b178ce7b1ef
0.5,pathspec,pyjwt,120,0.1255,False,False,5000,0,34,source,mut_4b8753325a9a
0.5,pathspec,pyjwt,120,0.1458,False,False,5000,0,35,source,mut_4bd9378efc44
0.5,pathspec,pyjwt,120,0.1272,False,False,5000,0,36,source,mut_4bebc81d0582
0.5,pathspec,pyjwt,120,0.0631,False,False,5000,0,37,source,mut_4cf8d68b4291
0.5,pathspec,pyjwt,120,0.1516,False,False,5000,0,38,source,mut_4d1623ec4661
0.5,pathspec,pyjwt,120,0.0383,False,False,5000,0,39,source,mut_4e8862e3cf3a
0.5,pathspec,pyjwt,120,0.1255,False,False,5000,0,40,source,mut_4f76f7f314d9
0.5,pathspec,pyjwt,120,0.1376,False,False,5000,0,41,source,mut_4fdd8a6da136
0.5,pathspec,pyjwt,120,0.0183,False,False,5000,0,42,source,mut_5089b607bf5d
0.5,pathspec,pyjwt,120,0.1255,False,False,5000,0,43,source,mut_51b7548f6be4
0.5,pathspec,pyjwt,120,0.0167,False,False,5000,0,44,source,mut_526e56868cea
0.5,pathspec,pyjwt,120,0.2104,False,False,5000,0,45,source,mut_52a73d0e3ebe
0.5,pathspec,pyjwt,120,0.0388,False,False,5000,0,46,source,mut_57980718178c
0.5,pathspec,pyjwt,120,0.1251,False,False,5000,0,47,source,mut_57b8d262b042
0.5,pathspec,pyjwt,120,0.2565,False,False,5000,0,48,source,mut_58050a99f914
0.5,pathspec,pyjwt,120,0.031,False,False,5000,0,49,source,mut_581dbb890a1d
0.5,pathspec,pyjwt,120,0.1012,False,False,5000,0,50,source,mut_586d7fb49e4c
0.5,pathspec,pyjwt,120,0.2564,False,False,5000,0,51,source,mut_592bf6aa2871
0.5,pathspec,pyjwt,120,0.0902,False,False,5000,0,52,source,mut_5c86363cc27b
0.5,pathspec,pyjwt,120,0.0295,False,False,5000,0,53,source,mut_610480bcafb0
0.5,pathspec,pyjwt,120,0.1497,False,False,5000,0,54,source,mut_61c1c1b6fb62
0.5,pathspec,pyjwt,120,0.0185,False,False,5000,0,55,source,mut_62cc960809a5
0.5,pathspec,pyjwt,120,0.0594,False,False,5000,0,56,source,mut_62faa507b1c3
0.5,pathspec,pyjwt,120,0.1345,False,False,5000,0,57,source,mut_63b475f1563c
0.5,pathspec,pyjwt,120,0.2223,False,False,5000,0,58,source,mut_65cb36909e91
0.5,pathspec,pyjwt,120,0.0436,False,False,5000,0,59,source,mut_65cf5fe0fb77
0.5,pathspec,pyjwt,120,0.3453,False,False,5000,0,60,source,mut_664907c5da3e
0.5,pathspec,pyjwt,120,0.7314,False,False,5000,0,61,source,mut_68c0e2f4e9c2
0.5,pathspec,pyjwt,120,0.037,False,False,5000,0,62,source,mut_699eece1d1ef
0.5,pathspec,pyjwt,120,0.0267,False,False,5000,0,63,source,mut_69f3d31ece8f
0.5,pathspec,pyjwt,120,0.1421,False,False,5000,0,64,source,mut_6bd882e7041d
0.5,pathspec,pyjwt,120,0.1052,False,False,5000,0,65,source,mut_6ca284c6786a
0.5,pathspec,pyjwt,120,0.2593,False,False,5000,0,66,source,mut_6e1d88e54444
0.5,pathspec,pyjwt,120,0.1124,False,False,5000,0,67,source,mut_6e31d7e44de0
0.5,pathspec,pyjwt,120,0.0403,False,False,5000,0,68,source,mut_6e8869a3ac2f
0.5,pathspec,pyjwt,120,0.0167,False,False,5000,0,69,source,mut_6f26d36d59d7
0.5,pathspec,pyjwt,120,0.1389,False,False,5000,0,70,source,mut_71ead901f38b
0.5,pathspec,pyjwt,120,0.0167,False,False,5000,0,71,source,mut_726eabd9fbbd
0.5,pathspec,pyjwt,120,0.4248,False,False,5000,0,72,source,mut_728748b397c9
0.5,pathspec,pyjwt,120,0.0402,False,False,5000,0,73,source,mut_74b7d1c7be63
0.5,pathspec,pyjwt,120,0.0456,False,False,5000,0,74,source,mut_75540a1b95e9
0.5,pathspec,pyjwt,120,0.0505,False,False,5000,0,75,source,mut_76ffaf9691b5
0.5,pathspec,pyjwt,120,0.0167,False,False,5000,0,76,source,mut_783a4dba2250
0.5,pathspec,pyjwt,120,0.2879,False,False,5000,0,77,source,mut_789106b2993b
0.5,pathspec,pyjwt,120,0.5199,False,False,5000,0,78,source,mut_78c8d340d52d
0.5,pathspec,pyjwt,120,0.1229,False,False,5000,0,79,source,mut_7aacf915363b
0.5,pathspec,pyjwt,120,0.1229,False,False,5000,0,80,source,mut_7c7d5e47831b
0.5,pathspec,pyjwt,120,0.0364,False,False,5000,0,81,source,mut_7d335baf7651
0.5,pathspec,pyjwt,120,0.0156,False,False,5000,0,82,source,mut_7dde5d5f76e6
0.5,pathspec,pyjwt,120,0.0167,False,False,5000,0,83,source,mut_7df37d728be3
0.5,pathspec,pyjwt,120,0.1792,False,False,5000,0,84,source,mut_7f34ecd06216
0.5,pathspec,pyjwt,120,0.0259,False,False,5000,0,85,source,mut_7f7ae1f96c94
0.5,pathspec,pyjwt,120,0.077,False,False,5000,0,86,source,mut_7fc96ad184cc
0.5,pathspec,pyjwt,120,0.0424,False,False,5000,0,87,source,mut_80373f5711eb
0.5,pathspec,pyjwt,120,0.0156,False,False,5000,0,88,source,mut_80b7a3269452
0.5,pathspec,pyjwt,120,0.5397,False,False,5000,0,89,source,mut_823f018497ed
0.5,pathspec,pyjwt,120,0.1125,False,False,5000,0,90,source,mut_831bd74c2ac9
0.5,pathspec,pyjwt,120,0.0806,False,False,5000,0,91,source,mut_8387b0f3a73a
0.5,pathspec,pyjwt,120,0.0156,False,False,5000,0,92,source,mut_84239c3bcfc2
0.5,pathspec,pyjwt,120,0.1185,False,False,5000,0,93,source,mut_84b5132b5f1c
0.5,pathspec,pyjwt,120,0.1124,False,False,5000,0,94,source,mut_863433ea349d
0.5,pathspec,pyjwt,120,0.4827,False,False,5000,0,95,source,mut_877609ab6efc
0.5,pathspec,pyjwt,120,0.1235,False,False,5000,0,96,source,mut_8794532a3677
0.5,pathspec,pyjwt,120,0.2313,False,False,5000,0,97,source,mut_8ad340ef9307
0.5,pathspec,pyjwt,120,0.1012,False,False,5000,0,98,source,mut_8adff7d261ef
0.5,pathspec,pyjwt,120,0.0156,False,False,5000,0,99,source,mut_8b68b9e8a642
0.5,pathspec,pyjwt,120,0.0156,False,False,5000,0,100,source,mut_8bea1842d255
0.5,pathspec,pyjwt,120,0.1523,False,False,5000,0,101,source,mut_8bfa7d74872d
0.5,pathspec,pyjwt,120,0.0374,False,False,5000,0,102,source,mut_8c2cb818e766
0.5,pathspec,pyjwt,120,0.027,False,False,5000,0,103,source,mut_8ce69e99be76
0.5,pathspec,pyjwt,120,0.0308,False,False,5000,0,104,source,mut_8d4bcd0255a9
0.5,pathspec,pyjwt,120,0.0453,False,False,5000,0,105,source,mut_8f2a2ec1d415
0.5,pathspec,pyjwt,120,0.3715,False,False,5000,0,106,source,mut_9092a77d0e53
0.5,pathspec,pyjwt,120,0.042,False,False,5000,0,107,source,mut_92ab8171bb0e
0.5,pathspec,pyjwt,120,0.4778,False,False,5000,0,108,source,mut_92addc6ad1be
0.5,pathspec,pyjwt,120,0.1615,False,False,5000,0,109,source,mut_93806bd38d9c
0.5,pathspec,pyjwt,120,0.2414,False,False,5000,0,110,source,mut_94db1e9297ba
0.5,pathspec,pyjwt,120,0.12,False,False,5000,0,111,source,mut_95719d0828b4
0.5,pathspec,pyjwt,120,0.0196,False,False,5000,0,112,source,mut_957cdf409595
0.5,pathspec,pyjwt,120,0.1183,False,False,5000,0,113,source,mut_95c4e91f4b0c
0.5,pathspec,pyjwt,120,0.0508,False,False,5000,0,114,source,mut_968dbc7e9989
0.5,pathspec,pyjwt,120,0.0344,False,False,5000,0,115,source,mut_992d5f59d2f2
0.5,pathspec,pyjwt,120,0.1623,False,False,5000,0,116,source,mut_99a079868ed1
0.5,pathspec,pyjwt,120,0.0268,False,False,5000,0,117,source,mut_9a8d5937b0cd
0.5,pathspec,pyjwt,120,0.0654,False,False,5000,0,118,source,mut_9b5216ce1154
0.5,pathspec,pyjwt,120,0.2467,False,False,5000,0,119,source,mut_9b565ea83a72
0.5,pathspec,pyjwt,120,0.1632,False,False,5000,0,120,target,mut_011b7a550781
0.5,pathspec,pyjwt,120,0.1317,False,False,5000,0,121,target,mut_025a2062b2d2
0.5,pathspec,pyjwt,120,0.6681,False,False,5000,0,122,target,mut_026e41ade2dd
0.5,pathspec,pyjwt,120,0.0169,False,False,5000,0,123,target,mut_0381f7a0347f
0.5,pathspec,pyjwt,120,0.2739,False,False,5000,0,124,target,mut_03b1ed75afd5
0.5,pathspec,pyjwt,120,0.7674,True,True,5000,1,125,target,mut_03f78dc2a2db
0.5,pathspec,pyjwt,120,0.1107,False,False,5000,1,126,target,mut_04a33694e06d
0.5,pathspec,pyjwt,120,0.163,False,False,5000,1,127,target,mut_050fe3d70850
0.5,pathspec,pyjwt,120,0.16,False,False,5000,1,128,target,mut_060ede386488
0.5,pathspec,pyjwt,120,0.1284,False,False,5000,1,129,target,mut_06dd54e998c8
0.5,pathspec,pyjwt,120,0.1669,False,False,5000,1,130,target,mut_070c03ca5de7
0.5,pathspec,pyjwt,120,0.117,False,False,5000,1,131,target,mut_0804fc88adc6
0.5,pathspec,pyjwt,120,0.1578,False,False,5000,1,132,target,mut_08fe1ef1bf4f
0.5,pathspec,pyjwt,120,0.1091,False,False,5000,1,133,target,mut_0907a581ad8d
0.5,pathspec,pyjwt,120,0.1335,False,False,5000,1,134,target,mut_0918eab2bdaa
0.5,pathspec,pyjwt,120,0.1148,False,False,5000,1,135,target,mut_0a03e57cdd11
0.5,pathspec,pyjwt,120,0.1223,False,False,5000,1,136,target,mut_0aaa29b41f52
0.5,pathspec,pyjwt,120,0.1719,False,False,5000,1,137,target,mut_0bd7ee82381b
0.5,pathspec,pyjwt,120,0.3605,False,False,5000,1,138,target,mut_0c6969fb1099
0.5,pathspec,pyjwt,120,0.035,False,False,5000,1,139,target,mut_0c91a0e64c2a
0.5,pathspec,pyjwt,120,0.2175,True,True,5000,2,140,target,mut_0cecdb08dd2e
0.5,pathspec,pyjwt,120,0.1395,False,False,5000,2,141,target,mut_0ee2194957d1
0.5,pathspec,pyjwt,120,0.09,False,False,5000,2,142,target,mut_113f413c068a
0.5,pathspec,pyjwt,120,0.2811,False,False,5000,2,143,target,mut_11df805c8ef8
0.5,pathspec,pyjwt,120,0.2816,False,False,5000,2,144,target,mut_13ece2a867ee
0.5,pathspec,pyjwt,120,0.0909,False,False,5000,2,145,target,mut_14951975b253
0.5,pathspec,pyjwt,120,0.2189,False,False,5000,2,146,target,mut_15c1b66904c3
0.5,pathspec,pyjwt,120,0.0947,False,False,5000,2,147,target,mut_16dfd19f6c76
0.5,pathspec,pyjwt,120,0.1421,False,False,5000,2,148,target,mut_17e545452c8d
0.5,pathspec,pyjwt,120,0.2876,False,False,5000,2,149,target,mut_1890c6e1fdac
0.5,pathspec,pyjwt,120,0.173,False,False,5000,2,150,target,mut_18cb0a587d65
0.5,pathspec,pyjwt,120,0.1052,False,False,5000,2,151,target,mut_19d075f690a5
0.5,pathspec,pyjwt,120,0.1038,False,False,5000,2,152,target,mut_1a9b70488b2c
0.5,pathspec,pyjwt,120,0.3044,False,False,5000,2,153,target,mut_1ac337afbb78
0.5,pathspec,pyjwt,120,0.2018,True,True,5000,3,154,target,mut_1c9279e74dda
0.5,pathspec,pyjwt,120,0.0221,False,False,5000,3,155,target,mut_1eb770f99e5e
0.5,pathspec,pyjwt,120,0.0481,False,False,5000,3,156,target,mut_1f6f654065ec
0.5,pathspec,pyjwt,120,0.0354,False,False,5000,3,157,target,mut_1fc0f1a7b7f0
0.5,pathspec,pyjwt,120,0.0146,False,False,5000,3,158,target,mut_1ffaaa54c047
0.5,pathspec,pyjwt,120,0.143,False,False,5000,3,159,target,mut_20dbd0097bff
0.5,pathspec,pyjwt,120,0.091,False,False,5000,3,160,target,mut_20f7c2b61afd
0.5,pathspec,pyjwt,120,0.1366,False,False,5000,3,161,target,mut_2166c6015c41
0.5,pathspec,pyjwt,120,0.028,False,False,5000,3,162,target,mut_216f50c9920d
0.5,pathspec,pyjwt,120,0.1418,False,False,5000,3,163,target,mut_21a6decde87b
0.5,pathspec,pyjwt,120,0.0177,False,False,5000,3,164,target,mut_24e294eb01da
0.5,pathspec,pyjwt,120,0.0273,False,False,5000,3,165,target,mut_25bea34fda06
0.5,pathspec,pyjwt,120,0.0196,False,False,5000,3,166,target,mut_2718bf1b9b0e
0.5,pathspec,pyjwt,120,0.0362,False,False,5000,3,167,target,mut_27b09d8c7689
0.5,pathspec,pyjwt,120,0.0281,False,False,5000,3,168,target,mut_28ce0d973d74
0.5,pathspec,pyjwt,120,0.042,False,False,5000,3,169,target,mut_295bafe67e4d
0.5,pathspec,pyjwt,120,0.0776,False,False,5000,3,170,target,mut_29e99c2cf3ea
0.5,pathspec,pyjwt,120,0.0709,False,False,5000,3,171,target,mut_29f508aa9ccf
0.5,pathspec,pyjwt,120,0.0874,True,True,5000,4,172,target,mut_2a9c2a8eadc8
0.5,pathspec,pyjwt,120,0.1778,False,False,5000,4,173,target,mut_2aa3b6acb4ea
0.5,pathspec,pyjwt,120,0.1037,False,False,5000,4,174,target,mut_2ac852453414
0.5,pathspec,pyjwt,120,0.072,False,False,5000,4,175,target,mut_2c4f80427f9d
0.5,pathspec,pyjwt,120,0.0703,False,False,5000,4,176,target,mut_2d948b208be0
0.5,pathspec,pyjwt,120,0.027,False,False,5000,4,177,target,mut_2e00b44926f6
0.5,pathspec,pyjwt,120,0.1861,False,False,5000,4,178,target,mut_2f4454f56e97
0.5,pathspec,pyjwt,120,0.0757,False,False,5000,4,179,target,mut_309ac638becc
0.5,pathspec,pyjwt,120,0.1819,False,False,5000,4,180,target,mut_30a78d5efe94
0.5,pathspec,pyjwt,120,0.1983,False,False,5000,4,181,target,mut_30eaa795a680
0.5,pathspec,pyjwt,120,0.1964,False,False,5000,4,182,target,mut_3139b2ad0144
0.5,pathspec,pyjwt,120,0.1941,False,False,5000,4,183,target,mut_36d6b2eb1dd2
0.5,pathspec,pyjwt,120,0.1941,False,False,5000,4,184,target,mut_387d51aa0576
0.5,pathspec,pyjwt,120,0.2003,False,False,5000,4,185,target,mut_3932d965394a
0.5,pathspec,pyjwt,120,0.1032,False,False,5000,4,186,target,mut_398678965686
0.5,pathspec,pyjwt,120,0.1989,False,False,5000,4,187,target,mut_3a6d87727a82
0.5,pathspec,pyjwt,120,0.1927,False,False,5000,4,188,target,mut_3a88b7a8d9a4
0.5,pathspec,pyjwt,120,0.0748,False,False,5000,4,189,target,mut_3ac3cf2072b8
0.5,pathspec,pyjwt,120,0.2126,False,False,5000,4,190,target,mut_3d3a5262de4b
0.5,pathspec,pyjwt,120,0.188,False,False,5000,4,191,target,mut_3ff1e4e04ab9
0.5,pathspec,pyjwt,120,0.5201,False,False,5000,4,192,target,mut_4113d2e10736
0.5,pathspec,pyjwt,120,0.1884,False,False,5000,4,193,target,mut_42544b670025
0.5,pathspec,pyjwt,120,0.1061,False,False,5000,4,194,target,mut_437f7cc37d8d
0.5,pathspec,pyjwt,120,0.1146,False,False,5000,4,195,target,mut_43ec0ea9735a
0.5,pathspec,pyjwt,120,0.1921,False,False,5000,4,196,target,mut_43fb88911a37
0.5,pathspec,pyjwt,120,0.1908,False,False,5000,4,197,target,mut_444f60463623
0.5,pathspec,pyjwt,120,0.1912,False,False,5000,4,198,target,mut_456cfa26be64
0.5,pathspec,pyjwt,120,0.2217,False,False,5000,4,199,target,mut_463aa218c002
0.5,pathspec,pyjwt,120,0.0829,False,False,5000,4,200,target,mut_478a55ca2b09
0.5,pathspec,pyjwt,120,0.1835,False,False,5000,4,201,target,mut_4af46cbbaec7
0.5,pathspec,pyjwt,120,0.1895,False,False,5000,4,202,target,mut_4b3bb8874283
0.5,pathspec,pyjwt,120,0.381,False,False,5000,4,203,target,mut_4c0b49a434ba
0.5,pathspec,pyjwt,120,0.1923,False,False,5000,4,204,target,mut_4ccad6da159a
0.5,pathspec,pyjwt,120,0.1562,False,False,5000,4,205,target,mut_50e475c36c0a
0.5,pathspec,pyjwt,120,0.0821,False,False,5000,4,206,target,mut_50ed11f612cc
0.5,pathspec,pyjwt,120,0.0611,False,False,5000,4,207,target,mut_51e85f42c905
0.5,pathspec,pyjwt,120,0.1695,False,False,5000,4,208,target,mut_526a13aa0926
0.5,pathspec,pyjwt,120,0.123,False,False,5000,4,209,target,mut_52ab84aad0d4
0.5,pathspec,pyjwt,120,0.1259,False,False,5000,4,210,target,mut_52fe5bac9a7a
0.5,pathspec,pyjwt,120,0.0734,False,False,5000,4,211,target,mut_545f16e5b3df
0.5,pathspec,pyjwt,120,0.1825,False,False,5000,4,212,target,mut_547f6fbbcbe2
0.5,pathspec,pyjwt,120,0.1885,False,False,5000,4,213,target,mut_54fa426f5858
0.5,pathspec,pyjwt,120,0.1744,False,False,5000,4,214,target,mut_592ce5f61ca7
0.5,pathspec,pyjwt,120,0.1936,False,False,5000,4,215,target,mut_5a0d26c058d4
0.5,pathspec,pyjwt,120,0.2154,False,False,5000,4,216,target,mut_5b3f2d9cbf03
0.5,pathspec,pyjwt,120,0.086,False,False,5000,4,217,target,mut_5c64ff199ac5
0.5,pathspec,pyjwt,120,0.1867,False,False,5000,4,218,target,mut_5f51c0f4a848
0.5,pathspec,pyjwt,120,0.206,False,False,5000,4,219,target,mut_6049d17f369e
0.5,pathspec,pyjwt,120,0.2044,False,False,5000,4,220,target,mut_60552fac6908
0.5,pathspec,pyjwt,120,0.0707,False,False,5000,4,221,target,mut_60d6f3cf3948
0.5,pathspec,pyjwt,120,0.186,False,False,5000,4,222,target,mut_615c8ed8414e
0.5,pathspec,pyjwt,120,0.1847,False,False,5000,4,223,target,mut_6210fdc74359
0.5,pathspec,pyjwt,120,0.083,False,False,5000,4,224,target,mut_65dbbf1f1b00
0.5,pathspec,pyjwt,120,0.1944,False,False,5000,4,225,target,mut_67610408123d
0.5,pathspec,pyjwt,120,0.0844,False,False,5000,4,226,target,mut_6762e5978e41
0.5,pathspec,pyjwt,120,0.1976,False,False,5000,4,227,target,mut_68fb61939483
0.5,pathspec,pyjwt,120,0.3745,False,False,5000,4,228,target,mut_69f17ac7f4ff
0.5,pathspec,pyjwt,120,0.1615,False,False,5000,4,229,target,mut_6a6c014ca1f7
0.5,pathspec,pyjwt,120,0.0633,False,False,5000,4,230,target,mut_6a9275dcfc0a
0.5,pathspec,pyjwt,120,0.3881,False,False,5000,4,231,target,mut_6ad127f32aea
0.5,pathspec,pyjwt,120,0.0965,False,False,5000,4,232,target,mut_6b65c1606cb4
0.5,pathspec,pyjwt,120,0.1647,False,False,5000,4,233,target,mut_6b81d79c96be
0.5,pathspec,pyjwt,120,0.1108,False,False,5000,4,234,target,mut_6c291d41de8b
0.5,pathspec,pyjwt,120,0.3782,False,False,5000,4,235,target,mut_6d9b19e64534
0.5,pathspec,pyjwt,120,0.0834,False,False,5000,4,236,target,mut_6db4ac6d9443
0.5,pathspec,pyjwt,120,0.1675,False,False,5000,4,237,target,mut_713de7973bcf
0.5,pathspec,pyjwt,120,0.1106,False,False,5000,4,238,target,mut_73d581fb62eb
0.5,pathspec,pyjwt,120,0.2334,False,False,5000,4,239,target,mut_74f0ea6a5857
0.5,pyjwt,sqlparse,120,0.1089,False,False,5000,0,0,source,mut_20f7c2b61afd
0.5,pyjwt,sqlparse,120,0.1176,False,False,5000,0,1,source,mut_2166c6015c41
0.5,pyjwt,sqlparse,120,0.0433,False,False,5000,0,2,source,mut_216f50c9920d
0.5,pyjwt,sqlparse,120,0.1372,False,False,5000,0,3,source,mut_21a6decde87b
0.5,pyjwt,sqlparse,120,0.0325,False,False,5000,0,4,source,mut_24e294eb01da
0.5,pyjwt,sqlparse,120,0.0404,False,False,5000,0,5,source,mut_25bea34fda06
0.5,pyjwt,sqlparse,120,0.0325,False,False,5000,0,6,source,mut_2718bf1b9b0e
0.5,pyjwt,sqlparse,120,0.0611,False,False,5000,0,7,source,mut_27b09d8c7689
0.5,pyjwt,sqlparse,120,0.0405,False,False,5000,0,8,source,mut_28ce0d973d74
0.5,pyjwt,sqlparse,120,0.0524,False,False,5000,0,9,source,mut_295bafe67e4d
0.5,pyjwt,sqlparse,120,0.0972,False,False,5000,0,10,source,mut_29e99c2cf3ea
0.5,pyjwt,sqlparse,120,0.0816,False,False,5000,0,11,source,mut_29f508aa9ccf
0.5,pyjwt,sqlparse,120,0.1009,False,False,5000,0,12,source,mut_2a9c2a8eadc8
0.5,pyjwt,sqlparse,120,0.0339,False,False,5000,0,13,source,mut_2aa3b6acb4ea
0.5,pyjwt,sqlparse,120,0.0419,False,False,5000,0,14,source,mut_2ac852453414
0.5,pyjwt,sqlparse,120,0.0373,False,False,5000,0,15,source,mut_2c4f80427f9d
0.5,pyjwt,sqlparse,120,0.0354,False,False,5000,0,16,source,mut_2d948b208be0
0.5,pyjwt,sqlparse,120,0.0263,False,False,5000,0,17,source,mut_2e00b44926f6
0.5,pyjwt,sqlparse,120,0.047,False,False,5000,0,18,source,mut_2f4454f56e97
0.5,pyjwt,sqlparse,120,0.1172,False,False,5000,0,19,source,mut_309ac638becc
0.5,pyjwt,sqlparse,120,0.0319,False,False,5000,0,20,source,mut_30a78d5efe94
0.5,pyjwt,sqlparse,120,0.1529,False,False,5000,0,21,source,mut_30eaa795a680
0.5,pyjwt,sqlparse,120,0.0945,False,False,5000,0,22,source,mut_3139b2ad0144
0.5,pyjwt,sqlparse,120,0.1634,False,False,5000,0,23,source,mut_36d6b2eb1dd2
0.5,pyjwt,sqlparse,120,0.037,False,False,5000,0,24,source,mut_387d51aa0576
0.5,pyjwt,sqlparse,120,0.07,False,False,5000,0,25,source,mut_3932d965394a
0.5,pyjwt,sqlparse,120,0.0638,False,False,5000,0,26,source,mut_398678965686
0.5,pyjwt,sqlparse,120,0.0416,False,False,5000,0,27,source,mut_3a6d87727a82
0.5,pyjwt,sqlparse,120,0.047,False,False,5000,0,28,source,mut_3a88b7a8d9a4
0.5,pyjwt,sqlparse,120,0.0383,False,False,5000,0,29,source,mut_3ac3cf2072b8
0.5,pyjwt,sqlparse,120,0.058,False,False,5000,0,30,source,mut_3d3a5262de4b
0.5,pyjwt,sqlparse,120,0.0501,False,False,5000,0,31,source,mut_3ff1e4e04ab9
0.5,pyjwt,sqlparse,120,0.3751,False,False,5000,0,32,source,mut_4113d2e10736
0.5,pyjwt,sqlparse,120,0.0318,False,False,5000,0,33,source,mut_42544b670025
0.5,pyjwt,sqlparse,120,0.0729,False,False,5000,0,34,source,mut_437f7cc37d8d
0.5,pyjwt,sqlparse,120,0.072,False,False,5000,0,35,source,mut_43ec0ea9735a
0.5,pyjwt,sqlparse,120,0.0313,False,False,5000,0,36,source,mut_43fb88911a37
0.5,pyjwt,sqlparse,120,0.1686,False,False,5000,0,37,source,mut_444f60463623
0.5,pyjwt,sqlparse,120,0.0555,False,False,5000,0,38,source,mut_456cfa26be64
0.5,pyjwt,sqlparse,120,0.195,False,False,5000,0,39,source,mut_463aa218c002
0.5,pyjwt,sqlparse,120,0.1129,False,False,5000,0,40,source,mut_478a55ca2b09
0.5,pyjwt,sqlparse,120,0.0374,False,False,5000,0,41,source,mut_4af46cbbaec7
0.5,pyjwt,sqlparse,120,0.0832,False,False,5000,0,42,source,mut_4b3bb8874283
0.5,pyjwt,sqlparse,120,0.3851,False,False,5000,0,43,source,mut_4c0b49a434ba
0.5,pyjwt,sqlparse,120,0.1489,False,False,5000,0,44,source,mut_4ccad6da159a
0.5,pyjwt,sqlparse,120,0.1242,False,False,5000,0,45,source,mut_50e475c36c0a
0.5,pyjwt,sqlparse,120,0.0562,False,False,5000,0,46,source,mut_50ed11f612cc
0.5,pyjwt,sqlparse,120,0.0456,False,False,5000,0,47,source,mut_51e85f42c905
0.5,pyjwt,sqlparse,120,0.0347,False,False,5000,0,48,source,mut_526a13aa0926
0.5,pyjwt,sqlparse,120,0.0773,False,False,5000,0,49,source,mut_52ab84aad0d4
0.5,pyjwt,sqlparse,120,0.0812,False,False,5000,0,50,source,mut_52fe5bac9a7a
0.5,pyjwt,sqlparse,120,0.0563,False,False,5000,0,51,source,mut_545f16e5b3df
0.5,pyjwt,sqlparse,120,0.0487,False,False,5000,0,52,source,mut_547f6fbbcbe2
0.5,pyjwt,sqlparse,120,0.0394,False,False,5000,0,53,source,mut_54fa426f5858
0.5,pyjwt,sqlparse,120,0.123,False,False,5000,0,54,source,mut_592ce5f61ca7
0.5,pyjwt,sqlparse,120,0.0419,False,False,5000,0,55,source,mut_5a0d26c058d4
0.5,pyjwt,sqlparse,120,0.0578,False,False,5000,0,56,source,mut_5b3f2d9cbf03
0.5,pyjwt,sqlparse,120,0.0382,False,False,5000,0,57,source,mut_5c64ff199ac5
0.5,pyjwt,sqlparse,120,0.0707,False,False,5000,0,58,source,mut_5f51c0f4a848
0.5,pyjwt,sqlparse,120,0.0507,False,False,5000,0,59,source,mut_6049d17f369e
0.5,pyjwt,sqlparse,120,0.0511,False,False,5000,0,60,source,mut_60552fac6908
0.5,pyjwt,sqlparse,120,0.0432,False,False,5000,0,61,source,mut_60d6f3cf3948
0.5,pyjwt,sqlparse,120,0.0605,False,False,5000,0,62,source,mut_615c8ed8414e
0.5,pyjwt,sqlparse,120,0.0423,False,False,5000,0,63,source,mut_6210fdc74359
0.5,pyjwt,sqlparse,120,0.0236,False,False,5000,0,64,source,mut_65dbbf1f1b00
0.5,pyjwt,sqlparse,120,0.0318,False,False,5000,0,65,source,mut_67610408123d
0.5,pyjwt,sqlparse,120,0.0501,False,False,5000,0,66,source,mut_6762e5978e41
0.5,pyjwt,sqlparse,120,0.0396,False,False,5000,0,67,source,mut_68fb61939483
0.5,pyjwt,sqlparse,120,0.3802,False,False,5000,0,68,source,mut_69f17ac7f4ff
0.5,pyjwt,sqlparse,120,0.1199,False,False,5000,0,69,source,mut_6a6c014ca1f7
0.5,pyjwt,sqlparse,120,0.0503,False,False,5000,0,70,source,mut_6a9275dcfc0a
0.5,pyjwt,sqlparse,120,0.372,True,True,5000,1,71,source,mut_6ad127f32aea
0.5,pyjwt,sqlparse,120,0.3591,False,False,5000,1,72,source,mut_6b65c1606cb4
0.5,pyjwt,sqlparse,120,0.1185,False,False,5000,1,73,source,mut_6b81d79c96be
0.5,pyjwt,sqlparse,120,0.3476,False,False,5000,1,74,source,mut_6c291d41de8b
0.5,pyjwt,sqlparse,120,0.1749,False,False,5000,1,75,source,mut_6d9b19e64534
0.5,pyjwt,sqlparse,120,0.3845,False,False,5000,1,76,source,mut_6db4ac6d9443
0.5,pyjwt,sqlparse,120,0.1362,False,False,5000,1,77,source,mut_713de7973bcf
0.5,pyjwt,sqlparse,120,0.1063,False,False,5000,1,78,source,mut_73d581fb62eb
0.5,pyjwt,sqlparse,120,0.2503,False,False,5000,1,79,source,mut_74f0ea6a5857
0.5,pyjwt,sqlparse,120,0.1328,False,False,5000,1,80,source,mut_75132a62bc6b
0.5,pyjwt,sqlparse,120,0.3752,False,False,5000,1,81,source,mut_77cad84aef17
0.5,pyjwt,sqlparse,120,0.2949,False,False,5000,1,82,source,mut_7ab1e2c4cebd
0.5,pyjwt,sqlparse,120,0.2948,False,False,5000,1,83,source,mut_7ba5c6c51536
0.5,pyjwt,sqlparse,120,0.3732,False,False,5000,1,84,source,mut_7d2a2aa2296a
0.5,pyjwt,sqlparse,120,0.0702,False,False,5000,1,85,source,mut_7e0fb79566f5
0.5,pyjwt,sqlparse,120,0.3732,False,False,5000,1,86,source,mut_7ebf5a9a32cb
0.5,pyjwt,sqlparse,120,0.1295,False,False,5000,1,87,source,mut_825caac7065c
0.5,pyjwt,sqlparse,120,0.0661,False,False,5000,1,88,source,mut_82b6143e3e38
0.5,pyjwt,sqlparse,120,0.1274,False,False,5000,1,89,source,mut_842476a54c3f
0.5,pyjwt,sqlparse,120,0.3194,False,False,5000,1,90,source,mut_84bb1fa4caa8
0.5,pyjwt,sqlparse,120,0.3157,False,False,5000,1,91,source,mut_8535affd9884
0.5,pyjwt,sqlparse,120,0.3678,False,False,5000,1,92,source,mut_8544af5217f4
0.5,pyjwt,sqlparse,120,0.3007,False,False,5000,1,93,source,mut_889d49387bb1
0.5,pyjwt,sqlparse,120,0.2724,False,False,5000,1,94,source,mut_8ac5a6f05c07
0.5,pyjwt,sqlparse,120,0.1407,False,False,5000,1,95,source,mut_8ad55c5ff59b
0.5,pyjwt,sqlparse,120,0.3872,False,False,5000,1,96,source,mut_8bae8add8f41
0.5,pyjwt,sqlparse,120,0.1134,False,False,5000,1,97,source,mut_8c1456f5a50b
0.5,pyjwt,sqlparse,120,0.3075,False,False,5000,1,98,source,mut_8c14b909d83c
0.5,pyjwt,sqlparse,120,0.3169,False,False,5000,1,99,source,mut_8c43829c33f8
0.5,pyjwt,sqlparse,120,0.3092,False,False,5000,1,100,source,mut_8ce25f2179e0
0.5,pyjwt,sqlparse,120,0.316,False,False,5000,1,101,source,mut_8ce3abb21a38
0.5,pyjwt,sqlparse,120,0.1412,False,False,5000,1,102,source,mut_8e964d5ee0a6
0.5,pyjwt,sqlparse,120,0.3873,False,False,5000,1,103,source,mut_8f1c5520f4e7
0.5,pyjwt,sqlparse,120,0.3981,False,False,5000,1,104,source,mut_91754eb2d23a
0.5,pyjwt,sqlparse,120,0.3769,False,False,5000,1,105,source,mut_94902348009a
0.5,pyjwt,sqlparse,120,0.181,False,False,5000,1,106,source,mut_94d69deb5717
0.5,pyjwt,sqlparse,120,0.3035,False,False,5000,1,107,source,mut_9513cd281e72
0.5,pyjwt,sqlparse,120,0.3026,False,False,5000,1,108,source,mut_95b9f7b65bf2
0.5,pyjwt,sqlparse,120,0.3078,False,False,5000,1,109,source,mut_96598a40aa63
0.5,pyjwt,sqlparse,120,0.0663,False,False,5000,1,110,source,mut_9833817576ef
0.5,pyjwt,sqlparse,120,0.3054,False,False,5000,1,111,source,mut_98758a682aa5
0.5,pyjwt,sqlparse,120,0.1208,False,False,5000,1,112,source,mut_99241348fde0
0.5,pyjwt,sqlparse,120,0.3868,False,False,5000,1,113,source,mut_99b158ff3585
0.5,pyjwt,sqlparse,120,0.3878,False,False,5000,1,114,source,mut_99e45368bcbd
0.5,pyjwt,sqlparse,120,0.3017,False,False,5000,1,115,source,mut_9a4cd53ededa
0.5,pyjwt,sqlparse,120,0.3017,False,False,5000,1,116,source,mut_9aa4552580b1
0.5,pyjwt,sqlparse,120,0.1316,False,False,5000,1,117,source,mut_9b272810af03
0.5,pyjwt,sqlparse,120,0.3983,False,False,5000,1,118,source,mut_9d3f3dd7d526
0.5,pyjwt,sqlparse,120,0.1315,False,False,5000,1,119,source,mut_a101ac9aae77
0.5,pyjwt,sqlparse,120,0.0559,False,False,5000,1,120,target,mut_00ed85e60cd9
0.5,pyjwt,sqlparse,120,0.1848,False,False,5000,1,121,target,mut_01607a748050
0.5,pyjwt,sqlparse,120,0.0524,False,False,5000,1,122,target,mut_0224f619e35c
0.5,pyjwt,sqlparse,120,0.023,False,False,5000,1,123,target,mut_026a10020b80
0.5,pyjwt,sqlparse,120,0.0229,False,False,5000,1,124,target,mut_03ee991cbb0a
0.5,pyjwt,sqlparse,120,0.0318,False,False,5000,1,125,target,mut_041c3482e05a
0.5,pyjwt,sqlparse,120,0.0201,False,False,5000,1,126,target,mut_0519ce964748
0.5,pyjwt,sqlparse,120,0.1301,False,False,5000,1,127,target,mut_05241599fa24
0.5,pyjwt,sqlparse,120,0.0355,False,False,5000,1,128,target,mut_05c5864de93f
0.5,pyjwt,sqlparse,120,0.0294,False,False,5000,1,129,target,mut_0633703f54bb
0.5,pyjwt,sqlparse,120,0.0342,False,False,5000,1,130,target,mut_0703ff01c280
0.5,pyjwt,sqlparse,120,0.0437,False,False,5000,1,131,target,mut_074fa6a12d6a
0.5,pyjwt,sqlparse,120,0.0326,False,False,5000,1,132,target,mut_084ecf13d0c7
0.5,pyjwt,sqlparse,120,0.0236,False,False,5000,1,133,target,mut_08c357c96661
0.5,pyjwt,sqlparse,120,0.0782,False,False,5000,1,134,target,mut_08c54a4a1774
0.5,pyjwt,sqlparse,120,0.0729,False,False,5000,1,135,target,mut_09e56869c62d
0.5,pyjwt,sqlparse,120,0.0245,False,False,5000,1,136,target,mut_0c28fc59246d
0.5,pyjwt,sqlparse,120,0.2081,False,False,5000,1,137,target,mut_0e6f69bff32e
0.5,pyjwt,sqlparse,120,0.0553,False,False,5000,1,138,target,mut_0ea074976f45
0.5,pyjwt,sqlparse,120,0.7161,False,False,5000,1,139,target,mut_0f6ab9f1dc53
0.5,pyjwt,sqlparse,120,0.0314,False,False,5000,1,140,target,mut_1110d9c4f3a2
0.5,pyjwt,sqlparse,120,0.2904,False,False,5000,1,141,target,mut_15da8a97f30d
0.5,pyjwt,sqlparse,120,0.0321,False,False,5000,1,142,target,mut_16d5526bba24
0.5,pyjwt,sqlparse,120,0.0371,False,False,5000,1,143,target,mut_1826940fb670
0.5,pyjwt,sqlparse,120,0.0322,False,False,5000,1,144,target,mut_18a327df7dd5
0.5,pyjwt,sqlparse,120,0.0495,False,False,5000,1,145,target,mut_1a27e32fb0d9
0.5,pyjwt,sqlparse,120,0.0364,False,False,5000,1,146,target,mut_1b410076d159
0.5,pyjwt,sqlparse,120,0.0311,False,False,5000,1,147,target,mut_1c741b52e4cc
0.5,pyjwt,sqlparse,120,0.6904,False,False,5000,1,148,target,mut_1d2a4ebddef7
0.5,pyjwt,sqlparse,120,0.0344,False,False,5000,1,149,target,mut_1dd1bf505ee1
0.5,pyjwt,sqlparse,120,0.0314,False,False,5000,1,150,target,mut_1e9e58f92d3c
0.5,pyjwt,sqlparse,120,0.2216,False,False,5000,1,151,target,mut_1f2e7bf62587
0.5,pyjwt,sqlparse,120,0.0518,False,False,5000,1,152,target,mut_1fc0cbcda288
0.5,pyjwt,sqlparse,120,0.0853,False,False,5000,1,153,target,mut_20eac5499782
0.5,pyjwt,sqlparse,120,0.0365,False,False,5000,1,154,target,mut_21429cd0b260
0.5,pyjwt,sqlparse,120,0.0619,False,False,5000,1,155,target,mut_217742f515df
0.5,pyjwt,sqlparse,120,0.1876,False,False,5000,1,156,target,mut_222d4967b863
0.5,pyjwt,sqlparse,120,0.6943,False,False,5000,1,157,target,mut_24e95de47642
0.5,pyjwt,sqlparse,120,0.7517,True,True,5000,2,158,target,mut_261a4ab9ed4c
0.5,pyjwt,sqlparse,120,0.6413,False,False,5000,2,159,target,mut_2634fd95f118
0.5,pyjwt,sqlparse,120,0.4471,False,False,5000,2,160,target,mut_274b3f00345f
0.5,pyjwt,sqlparse,120,0.471,False,False,5000,2,161,target,mut_295c7ad3071a
0.5,pyjwt,sqlparse,120,0.4793,False,False,5000,2,162,target,mut_2a17d702d436
0.5,pyjwt,sqlparse,120,0.4533,False,False,5000,2,163,target,mut_2c129f4e9211
0.5,pyjwt,sqlparse,120,0.4492,False,False,5000,2,164,target,mut_2c2f66af1cfb
0.5,pyjwt,sqlparse,120,0.6013,False,False,5000,2,165,target,mut_2cbae98e3519
0.5,pyjwt,sqlparse,120,0.4525,False,False,5000,2,166,target,mut_2cdbaf08089d
0.5,pyjwt,sqlparse,120,0.5776,False,False,5000,2,167,target,mut_2dee09d62d9d
0.5,pyjwt,sqlparse,120,0.4077,False,False,5000,2,168,target,mut_30086f4982b4
0.5,pyjwt,sqlparse,120,0.4383,False,False,5000,2,169,target,mut_30eea9b5f492
0.5,pyjwt,sqlparse,120,0.4331,False,False,5000,2,170,target,mut_30eec3bb4d68
0.5,pyjwt,sqlparse,120,0.4556,False,False,5000,2,171,target,mut_324c4b0e3c39
0.5,pyjwt,sqlparse,120,0.4516,False,False,5000,2,172,target,mut_33c0984d9374
0.5,pyjwt,sqlparse,120,0.436,False,False,5000,2,173,target,mut_347bd9f817e9
0.5,pyjwt,sqlparse,120,0.4626,False,False,5000,2,174,target,mut_3607818929cb
0.5,pyjwt,sqlparse,120,0.4271,False,False,5000,2,175,target,mut_362a64bf5afe
0.5,pyjwt,sqlparse,120,0.4353,False,False,5000,2,176,target,mut_3729fae7806f
0.5,pyjwt,sqlparse,120,0.4328,False,False,5000,2,177,target,mut_37cb2031b486
0.5,pyjwt,sqlparse,120,0.4452,False,False,5000,2,178,target,mut_38183bd2c1ed
0.5,pyjwt,sqlparse,120,0.6186,False,False,5000,2,179,target,mut_38763383d7b0
0.5,pyjwt,sqlparse,120,0.4103,False,False,5000,2,180,target,mut_3955a686c91d
0.5,pyjwt,sqlparse,120,0.4263,False,False,5000,2,181,target,mut_3989cb53b832
0.5,pyjwt,sqlparse,120,0.4118,False,False,5000,2,182,target,mut_39975d92d790
0.5,pyjwt,sqlparse,120,0.4135,False,False,5000,2,183,target,mut_3a92baf97f66
0.5,pyjwt,sqlparse,120,0.4212,False,False,5000,2,184,target,mut_3b88002f0733
0.5,pyjwt,sqlparse,120,0.4179,False,False,5000,2,185,target,mut_3d58a54aa20f
0.5,pyjwt,sqlparse,120,0.4419,False,False,5000,2,186,target,mut_3e04b14de979
0.5,pyjwt,sqlparse,120,0.2139,False,False,5000,2,187,target,mut_3ffd50b21960
0.5,pyjwt,sqlparse,120,0.4272,False,False,5000,2,188,target,mut_407eb9486001
0.5,pyjwt,sqlparse,120,0.4517,False,False,5000,2,189,target,mut_4324b71a987c
0.5,pyjwt,sqlparse,120,0.5924,False,False,5000,2,190,target,mut_434d19a26cdb
0.5,pyjwt,sqlparse,120,0.4532,False,False,5000,2,191,target,mut_43695e7c2f7b
0.5,pyjwt,sqlparse,120,0.4497,False,False,5000,2,192,target,mut_437302185cb1
0.5,pyjwt,sqlparse,120,0.3684,False,False,5000,2,193,target,mut_463c594b3f76
0.5,pyjwt,sqlparse,120,0.4475,False,False,5000,2,194,target,mut_48baccea58f0
0.5,pyjwt,sqlparse,120,0.6412,False,False,5000,2,195,target,mut_48fde9d2deea
0.5,pyjwt,sqlparse,120,0.4592,False,False,5000,2,196,target,mut_4b13ccc70742
0.5,pyjwt,sqlparse,120,0.456,False,False,5000,2,197,target,mut_4c09085f2073
0.5,pyjwt,sqlparse,120,0.4652,False,False,5000,2,198,target,mut_4c4e6b8ce530
0.5,pyjwt,sqlparse,120,0.4697,False,False,5000,2,199,target,mut_4ddc4cbd929b
0.5,pyjwt,sqlparse,120,0.4445,False,False,5000,2,200,target,mut_4ec1d7e52659
0.5,pyjwt,sqlparse,120,0.6436,False,False,5000,2,201,target,mut_4fea0ea939d2
0.5,pyjwt,sqlparse,120,0.6441,False,False,5000,2,202,target,mut_5058b98fc3dc
0.5,pyjwt,sqlparse,120,0.4542,False,False,5000,2,203,target,mut_50aabc4b5a25
0.5,pyjwt,sqlparse,120,0.6317,False,False,5000,2,204,target,mut_513085300da3
0.5,pyjwt,sqlparse,120,0.4504,False,False,5000,2,205,target,mut_515b7e3ac580
0.5,pyjwt,sqlparse,120,0.4286,False,False,5000,2,206,target,mut_51d953d55d3a
0.5,pyjwt,sqlparse,120,0.2131,False,False,5000,2,207,target,mut_563fc775221b
0.5,pyjwt,sqlparse,120,0.4533,False,False,5000,2,208,target,mut_565c4e576970
0.5,pyjwt,sqlparse,120,0.4614,False,False,5000,2,209,target,mut_577d92322485
0.5,pyjwt,sqlparse,120,0.6236,False,False,5000,2,210,target,mut_598fea02071b
0.5,pyjwt,sqlparse,120,0.443,False,False,5000,2,211,target,mut_59ad839eb361
0.5,pyjwt,sqlparse,120,0.4426,False,False,5000,2,212,target,mut_59d5612d680e
0.5,pyjwt,sqlparse,120,0.462,False,False,5000,2,213,target,mut_5a1265cdd7fd
0.5,pyjwt,sqlparse,120,0.4493,False,False,5000,2,214,target,mut_5a226ce8e9a0
0.5,pyjwt,sqlparse,120,0.4402,False,False,5000,2,215,target,mut_5c4e9febc1b4
0.5,pyjwt,sqlparse,120,0.4871,False,False,5000,2,216,target,mut_5c5dd82adb4a
0.5,pyjwt,sqlparse,120,0.4412,False,False,5000,2,217,target,mut_5c709acf8a71
0.5,pyjwt,sqlparse,120,0.4387,False,False,5000,2,218,target,mut_5c83645a4b40
0.5,pyjwt,sqlparse,120,0.2155,False,False,5000,2,219,target,mut_5ca66cf5e21c
0.5,pyjwt,sqlparse,120,0.4472,False,False,5000,2,220,target,mut_5e1e3f22ddce
0.5,pyjwt,sqlparse,120,0.4639,False,False,5000,2,221,target,mut_5e911c243c0e
0.5,pyjwt,sqlparse,120,0.4747,False,False,5000,2,222,target,mut_5f9ee10badbd
0.5,pyjwt,sqlparse,120,0.6517,False,False,5000,2,223,target,mut_603659d3c40d
0.5,pyjwt,sqlparse,120,0.5636,False,False,5000,2,224,target,mut_628c76f5d806
0.5,pyjwt,sqlparse,120,0.4532,False,False,5000,2,225,target,mut_683a907522ac
0.5,pyjwt,sqlparse,120,0.4532,False,False,5000,2,226,target,mut_68be773b8e4f
0.5,pyjwt,sqlparse,120,0.44,False,False,5000,2,227,target,mut_6a213918b9c2
0.5,pyjwt,sqlparse,120,0.4415,False,False,5000,2,228,target,mut_6e3d6f48ed29
0.5,pyjwt,sqlparse,120,0.4368,False,False,5000,2,229,target,mut_6e5ae450d2f4
0.5,pyjwt,sqlparse,120,0.4228,False,False,5000,2,230,target,mut_6f68b59e3602
0.5,pyjwt,sqlparse,120,0.4186,False,False,5000,2,231,target,mut_70e6e6870886
0.5,pyjwt,sqlparse,120,0.423,False,False,5000,2,232,target,mut_7180d183cdb2
0.5,pyjwt,sqlparse,120,0.4195,False,False,5000,2,233,target,mut_71b88b2cf7de
0.5,pyjwt,sqlparse,120,0.4737,False,False,5000,2,234,target,mut_71f61f9f2540
0.5,pyjwt,sqlparse,120,0.4171,False,False,5000,2,235,target,mut_731cab0bcb1e
0.5,pyjwt,sqlparse,120,0.5569,False,False,5000,2,236,target,mut_754d4bc16c13
0.5,pyjwt,sqlparse,120,0.424,False,False,5000,2,237,target,mut_76df77b21013
0.5,pyjwt,sqlparse,120,0.4202,False,False,5000,2,238,target,mut_779fd8ca5ea2
0.5,pyjwt,sqlparse,120,0.2122,False,False,5000,2,239,target,mut_78f391f3ae79
0.5,sqlparse,tabulate,120,0.046,False,False,5000,0,0,source,mut_274b3f00345f
0.5,sqlparse,tabulate,120,0.0639,False,False,5000,0,1,source,mut_295c7ad3071a
0.5,sqlparse,tabulate,120,0.0941,False,False,5000,0,2,source,mut_2a17d702d436
0.5,sqlparse,tabulate,120,0.0431,False,False,5000,0,3,source,mut_2c129f4e9211
0.5,sqlparse,tabulate,120,0.0295,False,False,5000,0,4,source,mut_2c2f66af1cfb
0.5,sqlparse,tabulate,120,0.1604,False,False,5000,0,5,source,mut_2cbae98e3519
0.5,sqlparse,tabulate,120,0.0947,False,False,5000,0,6,source,mut_2cdbaf08089d
0.5,sqlparse,tabulate,120,0.1892,False,False,5000,0,7,source,mut_2dee09d62d9d
0.5,sqlparse,tabulate,120,0.4425,True,True,5000,1,8,source,mut_30086f4982b4
0.5,sqlparse,tabulate,120,0.1651,False,False,5000,1,9,source,mut_30eea9b5f492
0.5,sqlparse,tabulate,120,0.4669,False,False,5000,1,10,source,mut_30eec3bb4d68
0.5,sqlparse,tabulate,120,0.1697,False,False,5000,1,11,source,mut_324c4b0e3c39
0.5,sqlparse,tabulate,120,0.1694,False,False,5000,1,12,source,mut_33c0984d9374
0.5,sqlparse,tabulate,120,0.1635,False,False,5000,1,13,source,mut_347bd9f817e9
0.5,sqlparse,tabulate,120,0.209,False,False,5000,1,14,source,mut_3607818929cb
0.5,sqlparse,tabulate,120,0.4541,True,True,5000,2,15,source,mut_362a64bf5afe
0.5,sqlparse,tabulate,120,0.0221,False,False,5000,2,16,source,mut_3729fae7806f
0.5,sqlparse,tabulate,120,0.0253,False,False,5000,2,17,source,mut_37cb2031b486
0.5,sqlparse,tabulate,120,0.0213,False,False,5000,2,18,source,mut_38183bd2c1ed
0.5,sqlparse,tabulate,120,0.0319,False,False,5000,2,19,source,mut_38763383d7b0
0.5,sqlparse,tabulate,120,0.0348,False,False,5000,2,20,source,mut_3955a686c91d
0.5,sqlparse,tabulate,120,0.0196,False,False,5000,2,21,source,mut_3989cb53b832
0.5,sqlparse,tabulate,120,0.1999,False,False,5000,2,22,source,mut_39975d92d790
0.5,sqlparse,tabulate,120,0.0339,False,False,5000,2,23,source,mut_3a92baf97f66
0.5,sqlparse,tabulate,120,0.0258,False,False,5000,2,24,source,mut_3b88002f0733
0.5,sqlparse,tabulate,120,0.0395,False,False,5000,2,25,source,mut_3d58a54aa20f
0.5,sqlparse,tabulate,120,0.0204,False,False,5000,2,26,source,mut_3e04b14de979
0.5,sqlparse,tabulate,120,0.7434,True,True,5000,3,27,source,mut_3ffd50b21960
0.5,sqlparse,tabulate,120,0.189,False,False,5000,3,28,source,mut_407eb9486001
0.5,sqlparse,tabulate,120,0.027,False,False,5000,3,29,source,mut_4324b71a987c
0.5,sqlparse,tabulate,120,0.0323,False,False,5000,3,30,source,mut_434d19a26cdb
0.5,sqlparse,tabulate,120,0.5887,False,False,5000,3,31,source,mut_43695e7c2f7b
0.5,sqlparse,tabulate,120,0.0254,False,False,5000,3,32,source,mut_437302185cb1
0.5,sqlparse,tabulate,120,0.6358,True,True,5000,4,33,source,mut_463c594b3f76
0.5,sqlparse,tabulate,120,0.0638,False,False,5000,4,34,source,mut_48baccea58f0
0.5,sqlparse,tabulate,120,0.0837,False,False,5000,4,35,source,mut_48fde9d2deea
0.5,sqlparse,tabulate,120,0.0706,False,False,5000,4,36,source,mut_4b13ccc70742
0.5,sqlparse,tabulate,120,0.3467,False,False,5000,4,37,source,mut_4c09085f2073
0.5,sqlparse,tabulate,120,0.0675,False,False,5000,4,38,source,mut_4c4e6b8ce530
0.5,sqlparse,tabulate,120,0.0752,False,False,5000,4,39,source,mut_4ddc4cbd929b
0.5,sqlparse,tabulate,120,0.0855,False,False,5000,4,40,source,mut_4ec1d7e52659
0.5,sqlparse,tabulate,120,0.6066,True,True,5000,5,41,source,mut_4fea0ea939d2
0.5,sqlparse,tabulate,120,0.0325,False,False,5000,5,42,source,mut_5058b98fc3dc
0.5,sqlparse,tabulate,120,0.0497,False,False,5000,5,43,source,mut_50aabc4b5a25
0.5,sqlparse,tabulate,120,0.0335,False,False,5000,5,44,source,mut_513085300da3
0.5,sqlparse,tabulate,120,0.3217,False,False,5000,5,45,source,mut_515b7e3ac580
0.5,sqlparse,tabulate,120,0.0395,False,False,5000,5,46,source,mut_51d953d55d3a
0.5,sqlparse,tabulate,120,0.7284,True,True,5000,6,47,source,mut_563fc775221b
0.5,sqlparse,tabulate,120,0.3823,False,False,5000,6,48,source,mut_565c4e576970
0.5,sqlparse,tabulate,120,0.0941,False,False,5000,6,49,source,mut_577d92322485
0.5,sqlparse,tabulate,120,0.6002,False,False,5000,6,50,source,mut_598fea02071b
0.5,sqlparse,tabulate,120,0.0447,False,False,5000,6,51,source,mut_59ad839eb361
0.5,sqlparse,tabulate,120,0.0534,False,False,5000,6,52,source,mut_59d5612d680e
0.5,sqlparse,tabulate,120,0.3689,False,False,5000,6,53,source,mut_5a1265cdd7fd
0.5,sqlparse,tabulate,120,0.3657,False,False,5000,6,54,source,mut_5a226ce8e9a0
0.5,sqlparse,tabulate,120,0.0527,False,False,5000,6,55,source,mut_5c4e9febc1b4
0.5,sqlparse,tabulate,120,0.2237,False,False,5000,6,56,source,mut_5c5dd82adb4a
0.5,sqlparse,tabulate,120,0.094,False,False,5000,6,57,source,mut_5c709acf8a71
0.5,sqlparse,tabulate,120,0.3845,False,False,5000,6,58,source,mut_5c83645a4b40
0.5,sqlparse,tabulate,120,0.1598,False,False,5000,6,59,source,mut_5ca66cf5e21c
0.5,sqlparse,tabulate,120,0.0477,False,False,5000,6,60,source,mut_5e1e3f22ddce
0.5,sqlparse,tabulate,120,0.3946,False,False,5000,6,61,source,mut_5e911c243c0e
0.5,sqlparse,tabulate,120,0.3763,False,False,5000,6,62,source,mut_5f9ee10badbd
0.5,sqlparse,tabulate,120,0.6258,False,False,5000,6,63,source,mut_603659d3c40d
0.5,sqlparse,tabulate,120,0.2925,False,False,5000,6,64,source,mut_628c76f5d806
0.5,sqlparse,tabulate,120,0.3762,False,False,5000,6,65,source,mut_683a907522ac
0.5,sqlparse,tabulate,120,0.374,False,False,5000,6,66,source,mut_68be773b8e4f
0.5,sqlparse,tabulate,120,0.1268,False,False,5000,6,67,source,mut_6a213918b9c2
0.5,sqlparse,tabulate,120,0.3746,False,False,5000,6,68,source,mut_6e3d6f48ed29
0.5,sqlparse,tabulate,120,0.1318,False,False,5000,6,69,source,mut_6e5ae450d2f4
0.5,sqlparse,tabulate,120,0.3727,False,False,5000,6,70,source,mut_6f68b59e3602
0.5,sqlparse,tabulate,120,0.3808,False,False,5000,6,71,source,mut_70e6e6870886
0.5,sqlparse,tabulate,120,0.5719,False,False,5000,6,72,source,mut_7180d183cdb2
0.5,sqlparse,tabulate,120,0.378,False,False,5000,6,73,source,mut_71b88b2cf7de
0.5,sqlparse,tabulate,120,0.1461,False,False,5000,6,74,source,mut_71f61f9f2540
0.5,sqlparse,tabulate,120,0.0459,False,False,5000,6,75,source,mut_731cab0bcb1e
0.5,sqlparse,tabulate,120,0.5426,False,False,5000,6,76,source,mut_754d4bc16c13
0.5,sqlparse,tabulate,120,0.2937,False,False,5000,6,77,source,mut_76df77b21013
0.5,sqlparse,tabulate,120,0.3725,False,False,5000,6,78,source,mut_779fd8ca5ea2
0.5,sqlparse,tabulate,120,0.164,False,False,5000,6,79,source,mut_78f391f3ae79
0.5,sqlparse,tabulate,120,0.3783,False,False,5000,6,80,source,mut_7a80661c2bdf
0.5,sqlparse,tabulate,120,0.2959,False,False,5000,6,81,source,mut_7ac454133642
0.5,sqlparse,tabulate,120,0.6092,False,False,5000,6,82,source,mut_7f1ddc9250cb
0.5,sqlparse,tabulate,120,0.0451,False,False,5000,6,83,source,mut_806afac0611b
0.5,sqlparse,tabulate,120,0.0938,False,False,5000,6,84,source,mut_807d8e804bf8
0.5,sqlparse,tabulate,120,0.3747,False,False,5000,6,85,source,mut_81b0f720b4ad
0.5,sqlparse,tabulate,120,0.0443,False,False,5000,6,86,source,mut_857cd34d9508
0.5,sqlparse,tabulate,120,0.4475,False,False,5000,6,87,source,mut_859de364d4a7
0.5,sqlparse,tabulate,120,0.4179,False,False,5000,6,88,source,mut_8732d5380027
0.5,sqlparse,tabulate,120,0.568,False,False,5000,6,89,source,mut_8a5d75cb4aec
0.5,sqlparse,tabulate,120,0.301,False,False,5000,6,90,source,mut_8afc8711c974
0.5,sqlparse,tabulate,120,0.0498,False,False,5000,6,91,source,mut_8afcbc176f7c
0.5,sqlparse,tabulate,120,0.6177,False,False,5000,6,92,source,mut_8bb6b81c5c05
0.5,sqlparse,tabulate,120,0.5476,False,False,5000,6,93,source,mut_8dec537426f2
0.5,sqlparse,tabulate,120,0.0661,False,False,5000,6,94,source,mut_8eb2650ff656
0.5,sqlparse,tabulate,120,0.6226,False,False,5000,6,95,source,mut_908604a45c2c
0.5,sqlparse,tabulate,120,0.2021,False,False,5000,6,96,source,mut_90c65e06e91d
0.5,sqlparse,tabulate,120,0.3864,False,False,5000,6,97,source,mut_930916d9cada
0.5,sqlparse,tabulate,120,0.1037,False,False,5000,6,98,source,mut_9399d7fed319
0.5,sqlparse,tabulate,120,0.6497,False,False,5000,6,99,source,mut_95b57bdb8e06
0.5,sqlparse,tabulate,120,0.1156,False,False,5000,6,100,source,mut_95f34860eb42
0.5,sqlparse,tabulate,120,0.5963,False,False,5000,6,101,source,mut_982ebface207
0.5,sqlparse,tabulate,120,0.3775,False,False,5000,6,102,source,mut_99b614a17041
0.5,sqlparse,tabulate,120,0.3747,False,False,5000,6,103,source,mut_99bbe3921446
0.5,sqlparse,tabulate,120,0.1478,False,False,5000,6,104,source,mut_9b3ec648417a
0.5,sqlparse,tabulate,120,0.3082,False,False,5000,6,105,source,mut_9bf67af918bd
0.5,sqlparse,tabulate,120,0.3719,False,False,5000,6,106,source,mut_9c15331910a5
0.5,sqlparse,tabulate,120,0.2269,False,False,5000,6,107,source,mut_9c99d9603470
0.5,sqlparse,tabulate,120,0.3964,False,False,5000,6,108,source,mut_9d8e6cc0069c
0.5,sqlparse,tabulate,120,0.6213,False,False,5000,6,109,source,mut_9f9228b8c4ec
0.5,sqlparse,tabulate,120,0.6322,True,True,5000,7,110,source,mut_a0e430d2e24c
0.5,sqlparse,tabulate,120,0.1241,False,False,5000,7,111,source,mut_a16d02f2dc00
0.5,sqlparse,tabulate,120,0.1145,False,False,5000,7,112,source,mut_a1f58669a52a
0.5,sqlparse,tabulate,120,0.0264,False,False,5000,7,113,source,mut_a21f60a5d0a2
0.5,sqlparse,tabulate,120,0.0515,False,False,5000,7,114,source,mut_a69c8d55276b
0.5,sqlparse,tabulate,120,0.0408,False,False,5000,7,115,source,mut_a8bedd912dd0
0.5,sqlparse,tabulate,120,0.0465,False,False,5000,7,116,source,mut_a949d8b1dc85
0.5,sqlparse,tabulate,120,0.0384,False,False,5000,7,117,source,mut_aa28b02f08d0
0.5,sqlparse,tabulate,120,0.0408,False,False,5000,7,118,source,mut_aa2b8a0635bf
0.5,sqlparse,tabulate,120,0.0307,False,False,5000,7,119,source,mut_aaeb7748441b
0.5,sqlparse,tabulate,120,0.7274,True,True,5000,8,120,target,mut_01ff1dcdaf8f
0.5,sqlparse,tabulate,120,0.6462,False,False,5000,8,121,target,mut_030f8643f53d
0.5,sqlparse,tabulate,120,0.662,False,False,5000,8,122,target,mut_0418ca7582e6
0.5,sqlparse,tabulate,120,0.662,False,False,5000,8,123,target,mut_064986125f71
0.5,sqlparse,tabulate,120,0.6461,False,False,5000,8,124,target,mut_080e4fcfb8a7
0.5,sqlparse,tabulate,120,0.6435,False,False,5000,8,125,target,mut_085d658cb5db
0.5,sqlparse,tabulate,120,0.6537,False,False,5000,8,126,target,mut_099834607006
0.5,sqlparse,tabulate,120,0.6242,False,False,5000,8,127,target,mut_0a099168b515
0.5,sqlparse,tabulate,120,0.6616,False,False,5000,8,128,target,mut_0e0deaefa0bc
0.5,sqlparse,tabulate,120,0.6558,False,False,5000,8,129,target,mut_0f07e7c4eca1
0.5,sqlparse,tabulate,120,0.6671,False,False,5000,8,130,target,mut_0f5523b9c786
0.5,sqlparse,tabulate,120,0.649,False,False,5000,8,131,target,mut_0f846223248f
0.5,sqlparse,tabulate,120,0.621,False,False,5000,8,132,target,mut_10790f95463d
0.5,sqlparse,tabulate,120,0.6208,False,False,5000,8,133,target,mut_10a084bd1391
0.5,sqlparse,tabulate,120,0.4793,False,False,5000,8,134,target,mut_1330de122069
0.5,sqlparse,tabulate,120,0.6378,False,False,5000,8,135,target,mut_13e43bd30215
0.5,sqlparse,tabulate,120,0.6183,False,False,5000,8,136,target,mut_14b738b2f366
0.5,sqlparse,tabulate,120,0.6511,False,False,5000,8,137,target,mut_16107d20d4f6
0.5,sqlparse,tabulate,120,0.6264,False,False,5000,8,138,target,mut_180689350b61
0.5,sqlparse,tabulate,120,0.625,False,False,5000,8,139,target,mut_1869f40a11fe
0.5,sqlparse,tabulate,120,0.6199,False,False,5000,8,140,target,mut_18772feacc7e
0.5,sqlparse,tabulate,120,0.6344,False,False,5000,8,141,target,mut_1bda071a6f7d
0.5,sqlparse,tabulate,120,0.6316,False,False,5000,8,142,target,mut_1cadb3e755b1
0.5,sqlparse,tabulate,120,0.626,False,False,5000,8,143,target,mut_1e27d8008c13
0.5,sqlparse,tabulate,120,0.6117,False,False,5000,8,144,target,mut_242a460375e2
0.5,sqlparse,tabulate,120,0.6161,False,False,5000,8,145,target,mut_2648b8dfc8ed
0.5,sqlparse,tabulate,120,0.5495,False,False,5000,8,146,target,mut_284c0fbe9e56
0.5,sqlparse,tabulate,120,0.5431,False,False,5000,8,147,target,mut_28b6393a4993
0.5,sqlparse,tabulate,120,0.4549,False,False,5000,8,148,target,mut_2939aef51aa6
0.5,sqlparse,tabulate,120,0.4187,False,False,5000,8,149,target,mut_2979613d9f2b
0.5,sqlparse,tabulate,120,0.5795,False,False,5000,8,150,target,mut_298287932461
0.5,sqlparse,tabulate,120,0.591,False,False,5000,8,151,target,mut_2a5743e6e9db
0.5,sqlparse,tabulate,120,0.5893,False,False,5000,8,152,target,mut_2b05b1e50571
0.5,sqlparse,tabulate,120,0.5968,False,False,5000,8,153,target,mut_2c3cc24849a0
0.5,sqlparse,tabulate,120,0.5921,False,False,5000,8,154,target,mut_2d8272190c42
0.5,sqlparse,tabulate,120,0.5441,False,False,5000,8,155,target,mut_2f34020fb58d
0.5,sqlparse,tabulate,120,0.559,False,False,5000,8,156,target,mut_2fda078ae429
0.5,sqlparse,tabulate,120,0.5419,False,False,5000,8,157,target,mut_3174687b1191
0.5,sqlparse,tabulate,120,0.4718,False,False,5000,8,158,target,mut_32c633b81087
0.5,sqlparse,tabulate,120,0.5328,False,False,5000,8,159,target,mut_3330b13319e9
0.5,sqlparse,tabulate,120,0.5286,False,False,5000,8,160,target,mut_363ef3f029dc
0.5,sqlparse,tabulate,120,0.5276,False,False,5000,8,161,target,mut_375120641df2
0.5,sqlparse,tabulate,120,0.4565,False,False,5000,8,162,target,mut_37999cf9db01
0.5,sqlparse,tabulate,120,0.5235,False,False,5000,8,163,target,mut_37e23300dba2
0.5,sqlparse,tabulate,120,0.5257,False,False,5000,8,164,target,mut_38324fb7a27b
0.5,sqlparse,tabulate,120,0.5304,False,False,5000,8,165,target,mut_39025c466681
0.5,sqlparse,tabulate,120,0.5256,False,False,5000,8,166,target,mut_39d29cc47391
0.5,sqlparse,tabulate,120,0.5235,False,False,5000,8,167,target,mut_3bd3c269dfe5
0.5,sqlparse,tabulate,120,0.5212,False,False,5000,8,168,target,mut_3be2be653944
0.5,sqlparse,tabulate,120,0.354,False,False,5000,8,169,target,mut_3cffefe36798
0.5,sqlparse,tabulate,120,0.5416,False,False,5000,8,170,target,mut_3e06caa9cc95
0.5,sqlparse,tabulate,120,0.3848,False,False,5000,8,171,target,mut_3ef310da54b1
0.5,sqlparse,tabulate,120,0.563,False,False,5000,8,172,target,mut_3efbe3e5ff36
0.5,sqlparse,tabulate,120,0.3136,False,False,5000,8,173,target,mut_3f8a2adaee1c
0.5,sqlparse,tabulate,120,0.3437,False,False,5000,8,174,target,mut_3fc83c229263
0.5,sqlparse,tabulate,120,0.582,False,False,5000,8,175,target,mut_40b111a0ea20
0.5,sqlparse,tabulate,120,0.5796,False,False,5000,8,176,target,mut_4194c4a4dfe6
0.5,sqlparse,tabulate,120,0.5828,False,False,5000,8,177,target,mut_41fa99991f0b
0.5,sqlparse,tabulate,120,0.5804,False,False,5000,8,178,target,mut_4384a219c955
0.5,sqlparse,tabulate,120,0.4047,False,False,5000,8,179,target,mut_43bcabda2c1c
0.5,sqlparse,tabulate,120,0.5789,False,False,5000,8,180,target,mut_457012a4d98c
0.5,sqlparse,tabulate,120,0.5788,False,False,5000,8,181,target,mut_485192f8feb7
0.5,sqlparse,tabulate,120,0.5787,False,False,5000,8,182,target,mut_4bd59480cc4f
0.5,sqlparse,tabulate,120,0.5864,False,False,5000,8,183,target,mut_4cddc602efff
0.5,sqlparse,tabulate,120,0.578,False,False,5000,8,184,target,mut_4d373729c558
0.5,sqlparse,tabulate,120,0.3591,False,False,5000,8,185,target,mut_4d3c42537ccd
0.5,sqlparse,tabulate,120,0.5774,False,False,5000,8,186,target,mut_4f5f9a062b32
0.5,sqlparse,tabulate,120,0.5774,False,False,5000,8,187,target,mut_50802d486d65
0.5,sqlparse,tabulate,120,0.5089,False,False,5000,8,188,target,mut_5178b3c4bcef
0.5,sqlparse,tabulate,120,0.5774,False,False,5000,8,189,target,mut_526f4add9f2a
0.5,sqlparse,tabulate,120,0.5619,False,False,5000,8,190,target,mut_52744975db96
0.5,sqlparse,tabulate,120,0.5658,False,False,5000,8,191,target,mut_52d3d84c77f0
0.5,sqlparse,tabulate,120,0.5666,False,False,5000,8,192,target,mut_55889f174052
0.5,sqlparse,tabulate,120,0.5664,False,False,5000,8,193,target,mut_55ad4af114d8
0.5,sqlparse,tabulate,120,0.4903,False,False,5000,8,194,target,mut_56245a077a9f
0.5,sqlparse,tabulate,120,0.5679,False,False,5000,8,195,target,mut_562d394e9f72
0.5,sqlparse,tabulate,120,0.4469,False,False,5000,8,196,target,mut_57d0c9cb114e
0.5,sqlparse,tabulate,120,0.5609,False,False,5000,8,197,target,mut_58305a6f4eb2
0.5,sqlparse,tabulate,120,0.6116,False,False,5000,8,198,target,mut_58c9743489d6
0.5,sqlparse,tabulate,120,0.5559,False,False,5000,8,199,target,mut_5abe2e3e882c
0.5,sqlparse,tabulate,120,0.5002,False,False,5000,8,200,target,mut_5c1b5c05a7d5
0.5,sqlparse,tabulate,120,0.451,False,False,5000,8,201,target,mut_5d39580f9286
0.5,sqlparse,tabulate,120,0.5634,False,False,5000,8,202,target,mut_5e3e2fd199aa
0.5,sqlparse,tabulate,120,0.5703,False,False,5000,8,203,target,mut_6078fe15ed24
0.5,sqlparse,tabulate,120,0.3557,False,False,5000,8,204,target,mut_61eea6c5ca38
0.5,sqlparse,tabulate,120,0.5737,False,False,5000,8,205,target,mut_63a7dbc5cfb4
0.5,sqlparse,tabulate,120,0.5756,False,False,5000,8,206,target,mut_65f9a94d5de9
0.5,sqlparse,tabulate,120,0.5736,False,False,5000,8,207,target,mut_66749e506a20
0.5,sqlparse,tabulate,120,0.5782,False,False,5000,8,208,target,mut_66dc922fc183
0.5,sqlparse,tabulate,120,0.3406,False,False,5000,8,209,target,mut_6706ca197df4
0.5,sqlparse,tabulate,120,0.5819,False,False,5000,8,210,target,mut_683996bdd811
0.5,sqlparse,tabulate,120,0.4414,False,False,5000,8,211,target,mut_68ec67ac89e4
0.5,sqlparse,tabulate,120,0.3295,False,False,5000,8,212,target,mut_69467f2af28e
0.5,sqlparse,tabulate,120,0.5226,False,False,5000,8,213,target,mut_69f7a0487a31
0.5,sqlparse,tabulate,120,0.592,False,False,5000,8,214,target,mut_6aabac65417d
0.5,sqlparse,tabulate,120,0.584,False,False,5000,8,215,target,mut_6b6d9a306e87
0.5,sqlparse,tabulate,120,0.5841,False,False,5000,8,216,target,mut_6be766ffae3e
0.5,sqlparse,tabulate,120,0.3538,False,False,5000,8,217,target,mut_6c3722313f43
0.5,sqlparse,tabulate,120,0.5794,False,False,5000,8,218,target,mut_6c389af055e7
0.5,sqlparse,tabulate,120,0.4604,False,False,5000,8,219,target,mut_6ca07ddd644b
0.5,sqlparse,tabulate,120,0.5853,False,False,5000,8,220,target,mut_6dfb599fc04e
0.5,sqlparse,tabulate,120,0.5988,False,False,5000,8,221,target,mut_6ee34073c9da
0.5,sqlparse,tabulate,120,0.5927,False,False,5000,8,222,target,mut_6f1c5b362cb6
0.5,sqlparse,tabulate,120,0.3757,False,False,5000,8,223,target,mut_7206f44e82b9
0.5,sqlparse,tabulate,120,0.5939,False,False,5000,8,224,target,mut_726a1e3349be
0.5,sqlparse,tabulate,120,0.5821,False,False,5000,8,225,target,mut_728a1c133c64
0.5,sqlparse,tabulate,120,0.4859,False,False,5000,8,226,target,mut_73c5ea89e51f
0.5,sqlparse,tabulate,120,0.5636,False,False,5000,8,227,target,mut_74d7ef899586
0.5,sqlparse,tabulate,120,0.5888,False,False,5000,8,228,target,mut_75f9a0f96be0
0.5,sqlparse,tabulate,120,0.4584,False,False,5000,8,229,target,mut_771bdbf1556c
0.5,sqlparse,tabulate,120,0.5027,False,False,5000,8,230,target,mut_785ceb473257
0.5,sqlparse,tabulate,120,0.5888,False,False,5000,8,231,target,mut_78e23d7106f2
0.5,sqlparse,tabulate,120,0.5295,False,False,5000,8,232,target,mut_797997904741
0.5,sqlparse,tabulate,120,0.5261,False,False,5000,8,233,target,mut_7af923a5072e
0.5,sqlparse,tabulate,120,0.5825,False,False,5000,8,234,target,mut_7c286298a8cf
0.5,sqlparse,tabulate,120,0.5905,False,False,5000,8,235,target,mut_7c5fdede9d4c
0.5,sqlparse,tabulate,120,0.5903,False,False,5000,8,236,target,mut_7cc98fec983c
0.5,sqlparse,tabulate,120,0.5767,False,False,5000,8,237,target,mut_7d31ed51251a
0.5,sqlparse,tabulate,120,0.543,False,False,5000,8,238,target,mut_7ef06352d3a7
0.5,sqlparse,tabulate,120,0.5797,False,False,5000,8,239,target,mut_80615b5b7282
0.5,tabulate,validators,120,0.2127,False,False,5000,0,0,source,mut_363ef3f029dc
0.5,tabulate,validators,120,0.2175,False,False,5000,0,1,source,mut_375120641df2
0.5,tabulate,validators,120,0.0496,False,False,5000,0,2,source,mut_37999cf9db01
0.5,tabulate,validators,120,0.2181,False,False,5000,0,3,source,mut_37e23300dba2
0.5,tabulate,validators,120,0.2126,False,False,5000,0,4,source,mut_38324fb7a27b
0.5,tabulate,validators,120,0.2112,False,False,5000,0,5,source,mut_39025c466681
0.5,tabulate,validators,120,0.2233,False,False,5000,0,6,source,mut_39d29cc47391
0.5,tabulate,validators,120,0.2106,False,False,5000,0,7,source,mut_3bd3c269dfe5
0.5,tabulate,validators,120,0.2137,False,False,5000,0,8,source,mut_3be2be653944
0.5,tabulate,validators,120,0.6147,False,False,5000,0,9,source,mut_3cffefe36798
0.5,tabulate,validators,120,0.2676,False,False,5000,0,10,source,mut_3e06caa9cc95
0.5,tabulate,validators,120,0.4545,True,True,5000,1,11,source,mut_3ef310da54b1
0.5,tabulate,validators,120,0.5831,False,False,5000,1,12,source,mut_3efbe3e5ff36
0.5,tabulate,validators,120,0.2434,False,False,5000,1,13,source,mut_3f8a2adaee1c
0.5,tabulate,validators,120,0.2803,False,False,5000,1,14,source,mut_3fc83c229263
0.5,tabulate,validators,120,0.6186,False,False,5000,1,15,source,mut_40b111a0ea20
0.5,tabulate,validators,120,0.6154,False,False,5000,1,16,source,mut_4194c4a4dfe6
0.5,tabulate,validators,120,0.6202,False,False,5000,1,17,source,mut_41fa99991f0b
0.5,tabulate,validators,120,0.617,False,False,5000,1,18,source,mut_4384a219c955
0.5,tabulate,validators,120,0.3846,False,False,5000,1,19,source,mut_43bcabda2c1c
0.5,tabulate,validators,120,0.6245,False,False,5000,1,20,source,mut_457012a4d98c
0.5,tabulate,validators,120,0.6245,False,False,5000,1,21,source,mut_485192f8feb7
0.5,tabulate,validators,120,0.6247,False,False,5000,1,22,source,mut_4bd59480cc4f
0.5,tabulate,validators,120,0.6313,False,False,5000,1,23,source,mut_4cddc602efff
0.5,tabulate,validators,120,0.6294,False,False,5000,1,24,source,mut_4d373729c558
0.5,tabulate,validators,120,0.2973,False,False,5000,1,25,source,mut_4d3c42537ccd
0.5,tabulate,validators,120,0.6274,False,False,5000,1,26,source,mut_4f5f9a062b32
0.5,tabulate,validators,120,0.6274,False,False,5000,1,27,source,mut_50802d486d65
0.5,tabulate,validators,120,0.4548,False,False,5000,1,28,source,mut_5178b3c4bcef
0.5,tabulate,validators,120,0.6275,False,False,5000,1,29,source,mut_526f4add9f2a
0.5,tabulate,validators,120,0.6197,False,False,5000,1,30,source,mut_52744975db96
0.5,tabulate,validators,120,0.6253,False,False,5000,1,31,source,mut_52d3d84c77f0
0.5,tabulate,validators,120,0.6288,False,False,5000,1,32,source,mut_55889f174052
0.5,tabulate,validators,120,0.627,False,False,5000,1,33,source,mut_55ad4af114d8
0.5,tabulate,validators,120,0.4542,False,False,5000,1,34,source,mut_56245a077a9f
0.5,tabulate,validators,120,0.6286,False,False,5000,1,35,source,mut_562d394e9f72
0.5,tabulate,validators,120,0.4278,False,False,5000,1,36,source,mut_57d0c9cb114e
0.5,tabulate,validators,120,0.6233,False,False,5000,1,37,source,mut_58305a6f4eb2
0.5,tabulate,validators,120,0.6828,False,False,5000,1,38,source,mut_58c9743489d6
0.5,tabulate,validators,120,0.6102,False,False,5000,1,39,source,mut_5abe2e3e882c
0.5,tabulate,validators,120,0.4529,False,False,5000,1,40,source,mut_5c1b5c05a7d5
0.5,tabulate,validators,120,0.4538,False,False,5000,1,41,source,mut_5d39580f9286
0.5,tabulate,validators,120,0.6236,False,False,5000,1,42,source,mut_5e3e2fd199aa
0.5,tabulate,validators,120,0.6347,False,False,5000,1,43,source,mut_6078fe15ed24
0.5,tabulate,validators,120,0.2829,False,False,5000,1,44,source,mut_61eea6c5ca38
0.5,tabulate,validators,120,0.6255,False,False,5000,1,45,source,mut_63a7dbc5cfb4
0.5,tabulate,validators,120,0.6284,False,False,5000,1,46,source,mut_65f9a94d5de9
0.5,tabulate,validators,120,0.6282,False,False,5000,1,47,source,mut_66749e506a20
0.5,tabulate,validators,120,0.6339,False,False,5000,1,48,source,mut_66dc922fc183
0.5,tabulate,validators,120,0.2679,False,False,5000,1,49,source,mut_6706ca197df4
0.5,tabulate,validators,120,0.6308,False,False,5000,1,50,source,mut_683996bdd811
0.5,tabulate,validators,120,0.4304,False,False,5000,1,51,source,mut_68ec67ac89e4
0.5,tabulate,validators,120,0.2636,False,False,5000,1,52,source,mut_69467f2af28e
0.5,tabulate,validators,120,0.536,False,False,5000,1,53,source,mut_69f7a0487a31
0.5,tabulate,validators,120,0.4535,False,False,5000,1,54,source,mut_6aabac65417d
0.5,tabulate,validators,120,0.6371,False,False,5000,1,55,source,mut_6b6d9a306e87
0.5,tabulate,validators,120,0.6369,False,False,5000,1,56,source,mut_6be766ffae3e
0.5,tabulate,validators,120,0.2983,False,False,5000,1,57,source,mut_6c3722313f43
0.5,tabulate,validators,120,0.6284,False,False,5000,1,58,source,mut_6c389af055e7
0.5,tabulate,validators,120,0.4576,False,False,5000,1,59,source,mut_6ca07ddd644b
0.5,tabulate,validators,120,0.633,False,False,5000,1,60,source,mut_6dfb599fc04e
0.5,tabulate,validators,120,0.6486,False,False,5000,1,61,source,mut_6ee34073c9da
0.5,tabulate,validators,120,0.4656,False,False,5000,1,62,source,mut_6f1c5b362cb6
0.5,tabulate,validators,120,0.3496,False,False,5000,1,63,source,mut_7206f44e82b9
0.5,tabulate,validators,120,0.6446,False,False,5000,1,64,source,mut_726a1e3349be
0.5,tabulate,validators,120,0.6323,False,False,5000,1,65,source,mut_728a1c133c64
0.5,tabulate,validators,120,0.4796,False,False,5000,1,66,source,mut_73c5ea89e51f
0.5,tabulate,validators,120,0.6079,False,False,5000,1,67,source,mut_74d7ef899586
0.5,tabulate,validators,120,0.6469,False,False,5000,1,68,source,mut_75f9a0f96be0
0.5,tabulate,validators,120,0.473,False,False,5000,1,69,source,mut_771bdbf1556c
0.5,tabulate,validators,120,0.5203,False,False,5000,1,70,source,mut_785ceb473257
0.5,tabulate,validators,120,0.6416,False,False,5000,1,71,source,mut_78e23d7106f2
0.5,tabulate,validators,120,0.4491,False,False,5000,1,72,source,mut_797997904741
0.5,tabulate,validators,120,0.5518,False,False,5000,1,73,source,mut_7af923a5072e
0.5,tabulate,validators,120,0.6382,False,False,5000,1,74,source,mut_7c286298a8cf
0.5,tabulate,validators,120,0.6477,False,False,5000,1,75,source,mut_7c5fdede9d4c
0.5,tabulate,validators,120,0.647,False,False,5000,1,76,source,mut_7cc98fec983c
0.5,tabulate,validators,120,0.6364,False,False,5000,1,77,source,mut_7d31ed51251a
0.5,tabulate,validators,120,0.4651,False,False,5000,1,78,source,mut_7ef06352d3a7
0.5,tabulate,validators,120,0.6408,False,False,5000,1,79,source,mut_80615b5b7282
0.5,tabulate,validators,120,0.6812,False,False,5000,1,80,source,mut_811487a68c5d
0.5,tabulate,validators,120,0.6372,False,False,5000,1,81,source,mut_8181a2f82da7
0.5,tabulate,validators,120,0.6196,False,False,5000,1,82,source,mut_88b12601c6b4
0.5,tabulate,validators,120,0.6413,True,True,5000,2,83,source,mut_89568a9687b8
0.5,tabulate,validators,120,0.0653,False,False,5000,2,84,source,mut_8a98ecc1d2d4
0.5,tabulate,validators,120,0.0645,False,False,5000,2,85,source,mut_8c4aaa0e41ce
0.5,tabulate,validators,120,0.0784,False,False,5000,2,86,source,mut_8c608518a181
0.5,tabulate,validators,120,0.0662,False,False,5000,2,87,source,mut_8c786843757a
0.5,tabulate,validators,120,0.0606,False,False,5000,2,88,source,mut_8cf7bb535c6a
0.5,tabulate,validators,120,0.2256,False,False,5000,2,89,source,mut_8d903b6b05a3
0.5,tabulate,validators,120,0.0922,False,False,5000,2,90,source,mut_8f3048c9fdb7
0.5,tabulate,validators,120,0.0761,False,False,5000,2,91,source,mut_921c9bdec666
0.5,tabulate,validators,120,0.2239,False,False,5000,2,92,source,mut_92feb5abd563
0.5,tabulate,validators,120,0.0731,False,False,5000,2,93,source,mut_932e7cda0930
0.5,tabulate,validators,120,0.0752,False,False,5000,2,94,source,mut_93ab546ac587
0.5,tabulate,validators,120,0.0619,False,False,5000,2,95,source,mut_9425e56c8f32
0.5,tabulate,validators,120,0.4648,True,True,5000,3,96,source,mut_95e0ba25ca32
0.5,tabulate,validators,120,0.6318,False,False,5000,3,97,source,mut_999907b4c7a6
0.5,tabulate,validators,120,0.3875,False,False,5000,3,98,source,mut_9b7d45f02538
0.5,tabulate,validators,120,0.6316,False,False,5000,3,99,source,mut_9cb5320581a3
0.5,tabulate,validators,120,0.6358,False,False,5000,3,100,source,mut_9de10da28138
0.5,tabulate,validators,120,0.6339,False,False,5000,3,101,source,mut_9e01564fb2ab
0.5,tabulate,validators,120,0.6326,False,False,5000,3,102,source,mut_9e6ff70ad808
0.5,tabulate,validators,120,0.6199,False,False,5000,3,103,source,mut_a1a4182595b1
0.5,tabulate,validators,120,0.6321,False,False,5000,3,104,source,mut_a241047a443f
0.5,tabulate,validators,120,0.6413,False,False,5000,3,105,source,mut_a2b65cfb3d3a
0.5,tabulate,validators,120,0.6326,False,False,5000,3,106,source,mut_a63f710c92d1
0.5,tabulate,validators,120,0.6301,False,False,5000,3,107,source,mut_a67051d78031
0.5,tabulate,validators,120,0.6299,False,False,5000,3,108,source,mut_aa7f0f34b10d
0.5,tabulate,validators,120,0.3846,False,False,5000,3,109,source,mut_aafb68a62b09
0.5,tabulate,validators,120,0.2053,False,False,5000,3,110,source,mut_ab09c49fd53a
0.5,tabulate,validators,120,0.3949,False,False,5000,3,111,source,mut_ab58be0bb8c2
0.5,tabulate,validators,120,0.632,False,False,5000,3,112,source,mut_ad33877f23bb
0.5,tabulate,validators,120,0.658,False,False,5000,3,113,source,mut_ae36e3d9e7f6
0.5,tabulate,validators,120,0.6345,False,False,5000,3,114,source,mut_b07810dc98f4
0.5,tabulate,validators,120,0.6243,False,False,5000,3,115,source,mut_b0ff2a65ff0d
0.5,tabulate,validators,120,0.6297,False,False,5000,3,116,source,mut_b2a32bf545ca
0.5,tabulate,validators,120,0.6358,False,False,5000,3,117,source,mut_b5768671456c
0.5,tabulate,validators,120,0.6234,False,False,5000,3,118,source,mut_b688877f7d5c
0.5,tabulate,validators,120,0.6353,False,False,5000,3,119,source,mut_b6a2085614f1
0.5,tabulate,validators,120,0.0509,False,False,5000,3,120,target,mut_001b988525ce
0.5,tabulate,validators,120,0.0512,False,False,5000,3,121,target,mut_0050ec50d7f6
0.5,tabulate,validators,120,0.0493,False,False,5000,3,122,target,mut_0151fb65ff25
0.5,tabulate,validators,120,0.0496,False,False,5000,3,123,target,mut_01a12dc9938d
0.5,tabulate,validators,120,0.0636,False,False,5000,3,124,target,mut_01a42bc76525
0.5,tabulate,validators,120,0.0469,False,False,5000,3,125,target,mut_01b58447823e
0.5,tabulate,validators,120,0.0551,False,False,5000,3,126,target,mut_023a8f13b446
0.5,tabulate,validators,120,0.0525,False,False,5000,3,127,target,mut_026fd25fc412
0.5,tabulate,validators,120,0.0517,False,False,5000,3,128,target,mut_02c592edc150
0.5,tabulate,validators,120,0.049,False,False,5000,3,129,target,mut_03246c80d914
0.5,tabulate,validators,120,0.0485,False,False,5000,3,130,target,mut_06c55d30e1cb
0.5,tabulate,validators,120,0.0576,False,False,5000,3,131,target,mut_06ef31fddfdd
0.5,tabulate,validators,120,0.0466,False,False,5000,3,132,target,mut_07b921225588
0.5,tabulate,validators,120,0.0509,False,False,5000,3,133,target,mut_0824a54d85d5
0.5,tabulate,validators,120,0.0535,False,False,5000,3,134,target,mut_094b75585191
0.5,tabulate,validators,120,0.0464,False,False,5000,3,135,target,mut_0a400a1d1f2e
0.5,tabulate,validators,120,0.0482,False,False,5000,3,136,target,mut_0b8fa6e03d72
0.5,tabulate,validators,120,0.0597,False,False,5000,3,137,target,mut_0c8cf609b6a9
0.5,tabulate,validators,120,0.0482,False,False,5000,3,138,target,mut_0fe60d4211b3
0.5,tabulate,validators,120,0.0491,False,False,5000,3,139,target,mut_109e58907214
0.5,tabulate,validators,120,0.0465,False,False,5000,3,140,target,mut_10d02430144a
0.5,tabulate,validators,120,0.0545,False,False,5000,3,141,target,mut_1194944ee0a0
0.5,tabulate,validators,120,0.0518,False,False,5000,3,142,target,mut_126f999cbf80
0.5,tabulate,validators,120,0.0637,False,False,5000,3,143,target,mut_134c76afce8c
0.5,tabulate,validators,120,0.0445,False,False,5000,3,144,target,mut_13ffada5a316
0.5,tabulate,validators,120,0.054,False,False,5000,3,145,target,mut_141193d2b654
0.5,tabulate,validators,120,0.0451,False,False,5000,3,146,target,mut_16383dcdb31c
0.5,tabulate,validators,120,0.0578,False,False,5000,3,147,target,mut_166a946c500f
0.5,tabulate,validators,120,0.0549,False,False,5000,3,148,target,mut_1a70d67d835f
0.5,tabulate,validators,120,0.0645,False,False,5000,3,149,target,mut_1a89bab39aee
0.5,tabulate,validators,120,0.1896,False,False,5000,3,150,target,mut_1a9410854252
0.5,tabulate,validators,120,0.0466,False,False,5000,3,151,target,mut_1aa5729f476d
0.5,tabulate,validators,120,0.0481,False,False,5000,3,152,target,mut_1de5686af8b8
0.5,tabulate,validators,120,0.0547,False,False,5000,3,153,target,mut_1f45b57e6554
0.5,tabulate,validators,120,0.0472,False,False,5000,3,154,target,mut_1f47e8bb3664
0.5,tabulate,validators,120,0.0472,False,False,5000,3,155,target,mut_1f9c7d81a427
0.5,tabulate,validators,120,0.0532,False,False,5000,3,156,target,mut_20fb6937abce
0.5,tabulate,validators,120,0.0601,False,False,5000,3,157,target,mut_2317c2a229ce
0.5,tabulate,validators,120,0.0461,False,False,5000,3,158,target,mut_27ec4b9275fd
0.5,tabulate,validators,120,0.0504,False,False,5000,3,159,target,mut_285f5b886dd5
0.5,tabulate,validators,120,0.0545,False,False,5000,3,160,target,mut_289f57866ae7
0.5,tabulate,validators,120,0.0482,False,False,5000,3,161,target,mut_2901fb77a5d5
0.5,tabulate,validators,120,0.0539,False,False,5000,3,162,target,mut_29ccdf85d582
0.5,tabulate,validators,120,0.0464,False,False,5000,3,163,target,mut_2a92b8d95ee8
0.5,tabulate,validators,120,0.0571,False,False,5000,3,164,target,mut_2ad0e4dafa3b
0.5,tabulate,validators,120,0.0606,False,False,5000,3,165,target,mut_2cdea7c4328e
0.5,tabulate,validators,120,0.0473,False,False,5000,3,166,target,mut_2d0a27e2afa6
0.5,tabulate,validators,120,0.0496,False,False,5000,3,167,target,mut_2d8d84c4d455
0.5,tabulate,validators,120,0.0464,False,False,5000,3,168,target,mut_30a7d491f32f
0.5,tabulate,validators,120,0.0498,False,False,5000,3,169,target,mut_30e86d697433
0.5,tabulate,validators,120,0.05,False,False,5000,3,170,target,mut_36c2d446fe15
0.5,tabulate,validators,120,0.0456,False,False,5000,3,171,target,mut_36e292ffc3ef
0.5,tabulate,validators,120,0.0624,False,False,5000,3,172,target,mut_3774cdaf370e
0.5,tabulate,validators,120,0.0489,False,False,5000,3,173,target,mut_3928233dbdcc
0.5,tabulate,validators,120,0.0464,False,False,5000,3,174,target,mut_395f1ab98b35
0.5,tabulate,validators,120,0.0509,False,False,5000,3,175,target,mut_39be6b85e7ee
0.5,tabulate,validators,120,0.0543,False,False,5000,3,176,target,mut_3a5ca7649694
0.5,tabulate,validators,120,0.0487,False,False,5000,3,177,target,mut_3dcec3ec759c
0.5,tabulate,validators,120,0.0445,False,False,5000,3,178,target,mut_3dd0386d5f78
0.5,tabulate,validators,120,0.0596,False,False,5000,3,179,target,mut_3e4a582a3a2b
0.5,tabulate,validators,120,0.0528,False,False,5000,3,180,target,mut_3e739b7fe6fc
0.5,tabulate,validators,120,0.0606,False,False,5000,3,181,target,mut_3fd09fd69732
0.5,tabulate,validators,120,0.0509,False,False,5000,3,182,target,mut_41b88e094971
0.5,tabulate,validators,120,0.0677,False,False,5000,3,183,target,mut_428e29ee962b
0.5,tabulate,validators,120,0.0464,False,False,5000,3,184,target,mut_4426be1f5b7d
0.5,tabulate,validators,120,0.0464,False,False,5000,3,185,target,mut_44819cc538eb
0.5,tabulate,validators,120,0.054,False,False,5000,3,186,target,mut_453957b0c500
0.5,tabulate,validators,120,0.0482,False,False,5000,3,187,target,mut_4584024a2a86
0.5,tabulate,validators,120,0.05,False,False,5000,3,188,target,mut_47d744973bf5
0.5,tabulate,validators,120,0.0576,False,False,5000,3,189,target,mut_4ab43ceb3983
0.5,tabulate,validators,120,0.0509,False,False,5000,3,190,target,mut_4aed3bddcc61
0.5,tabulate,validators,120,0.05,False,False,5000,3,191,target,mut_4b34fe7f59f8
0.5,tabulate,validators,120,0.0532,False,False,5000,3,192,target,mut_4c85d54acda3
0.5,tabulate,validators,120,0.0473,False,False,5000,3,193,target,mut_4cc6f0bf5261
0.5,tabulate,validators,120,0.05,False,False,5000,3,194,target,mut_4d12f9bffa5f
0.5,tabulate,validators,120,0.0482,False,False,5000,3,195,target,mut_4d42ec13aec8
0.5,tabulate,validators,120,0.0599,False,False,5000,3,196,target,mut_4e55dc8c2d32
0.5,tabulate,validators,120,0.0493,False,False,5000,3,197,target,mut_4ed941e580f6
0.5,tabulate,validators,120,0.0464,False,False,5000,3,198,target,mut_505bd34e9c8d
0.5,tabulate,validators,120,0.1445,False,False,5000,3,199,target,mut_52c53bfdad3f
0.5,tabulate,validators,120,0.0467,False,False,5000,3,200,target,mut_533d36268a8c
0.5,tabulate,validators,120,0.0482,False,False,5000,3,201,target,mut_5492b61f4a33
0.5,tabulate,validators,120,0.0464,False,False,5000,3,202,target,mut_561578945597
0.5,tabulate,validators,120,0.0464,False,False,5000,3,203,target,mut_575f8abb0cc1
0.5,tabulate,validators,120,0.0509,False,False,5000,3,204,target,mut_59db72f424fa
0.5,tabulate,validators,120,0.0526,False,False,5000,3,205,target,mut_59e1449d4175
0.5,tabulate,validators,120,0.0532,False,False,5000,3,206,target,mut_5b96aab3b716
0.5,tabulate,validators,120,0.0623,False,False,5000,3,207,target,mut_5bb558d9b7f1
0.5,tabulate,validators,120,0.0516,False,False,5000,3,208,target,mut_5d6c202373bf
0.5,tabulate,validators,120,0.0464,False,False,5000,3,209,target,mut_5fdb6c75ba1b
0.5,tabulate,validators,120,0.0466,False,False,5000,3,210,target,mut_60097c426393
0.5,tabulate,validators,120,0.049,False,False,5000,3,211,target,mut_631b9ca41a84
0.5,tabulate,validators,120,0.0482,False,False,5000,3,212,target,mut_63364a85d8b3
0.5,tabulate,validators,120,0.0578,False,False,5000,3,213,target,mut_63f77ca240ed
0.5,tabulate,validators,120,0.0562,False,False,5000,3,214,target,mut_6543eba7d306
0.5,tabulate,validators,120,0.0464,False,False,5000,3,215,target,mut_666d29aa1353
0.5,tabulate,validators,120,0.0509,False,False,5000,3,216,target,mut_674f92c64e7a
0.5,tabulate,validators,120,0.0553,False,False,5000,3,217,target,mut_67c4217fd609
0.5,tabulate,validators,120,0.0557,False,False,5000,3,218,target,mut_680a2363c4c8
0.5,tabulate,validators,120,0.0498,False,False,5000,3,219,target,mut_6a3eb59c025d
0.5,tabulate,validators,120,0.0479,False,False,5000,3,220,target,mut_6cbf02918859
0.5,tabulate,validators,120,0.0464,False,False,5000,3,221,target,mut_6e600cedd9bc
0.5,tabulate,validators,120,0.0465,False,False,5000,3,222,target,mut_6ed5f0ff4947
0.5,tabulate,validators,120,0.0464,False,False,5000,3,223,target,mut_6f7aa3e309c5
0.5,tabulate,validators,120,0.0482,False,False,5000,3,224,target,mut_6f927eb2c6a3
0.5,tabulate,validators,120,0.1249,False,False,5000,3,225,target,mut_714e0600922e
0.5,tabulate,validators,120,0.0464,False,False,5000,3,226,target,mut_71a35d67c468
0.5,tabulate,validators,120,0.0619,False,False,5000,3,227,target,mut_72564fffeb22
0.5,tabulate,validators,120,0.0542,False,False,5000,3,228,target,mut_72e8b501e2f7
0.5,tabulate,validators,120,0.0514,False,False,5000,3,229,target,mut_731b7e032dbf
0.5,tabulate,validators,120,0.0491,False,False,5000,3,230,target,mut_73748398dc44
0.5,tabulate,validators,120,0.054,False,False,5000,3,231,target,mut_73d6163b93ca
0.5,tabulate,validators,120,0.0561,False,False,5000,3,232,target,mut_75464f8634f2
0.5,tabulate,validators,120,0.0525,False,False,5000,3,233,target,mut_75a622bca676
0.5,tabulate,validators,120,0.1249,False,False,5000,3,234,target,mut_776e97ff8166
0.5,tabulate,validators,120,0.0561,False,False,5000,3,235,target,mut_793525131c6b
0.5,tabulate,validators,120,0.0516,False,False,5000,3,236,target,mut_793ea7b426d8
0.5,tabulate,validators,120,0.0473,False,False,5000,3,237,target,mut_794b20d97c83
0.5,tabulate,validators,120,0.0549,False,False,5000,3,238,target,mut_813f338b5985
0.5,tabulate,validators,120,0.1345,False,False,5000,3,239,target,mut_81ac38131bac
0.5,validators,pathspec,120,0.0646,False,False,5000,0,0,source,mut_289f57866ae7
0.5,validators,pathspec,120,0.0221,False,False,5000,0,1,source,mut_2901fb77a5d5
0.5,validators,pathspec,120,0.0297,False,False,5000,0,2,source,mut_29ccdf85d582
0.5,validators,pathspec,120,0.0214,False,False,5000,0,3,source,mut_2a92b8d95ee8
0.5,validators,pathspec,120,0.0682,False,False,5000,0,4,source,mut_2ad0e4dafa3b
0.5,validators,pathspec,120,0.0383,False,False,5000,0,5,source,mut_2cdea7c4328e
0.5,validators,pathspec,120,0.0243,False,False,5000,0,6,source,mut_2d0a27e2afa6
0.5,validators,pathspec,120,0.0331,False,False,5000,0,7,source,mut_2d8d84c4d455
0.5,validators,pathspec,120,0.0241,False,False,5000,0,8,source,mut_30a7d491f32f
0.5,validators,pathspec,120,0.0282,False,False,5000,0,9,source,mut_30e86d697433
0.5,validators,pathspec,120,0.0277,False,False,5000,0,10,source,mut_36c2d446fe15
0.5,validators,pathspec,120,0.0808,False,False,5000,0,11,source,mut_36e292ffc3ef
0.5,validators,pathspec,120,0.0434,False,False,5000,0,12,source,mut_3774cdaf370e
0.5,validators,pathspec,120,0.0478,False,False,5000,0,13,source,mut_3928233dbdcc
0.5,validators,pathspec,120,0.0268,False,False,5000,0,14,source,mut_395f1ab98b35
0.5,validators,pathspec,120,0.0305,False,False,5000,0,15,source,mut_39be6b85e7ee
0.5,validators,pathspec,120,0.0339,False,False,5000,0,16,source,mut_3a5ca7649694
0.5,validators,pathspec,120,0.037,False,False,5000,0,17,source,mut_3dcec3ec759c
0.5,validators,pathspec,120,0.0258,False,False,5000,0,18,source,mut_3dd0386d5f78
0.5,validators,pathspec,120,0.0355,False,False,5000,0,19,source,mut_3e4a582a3a2b
0.5,validators,pathspec,120,0.0329,False,False,5000,0,20,source,mut_3e739b7fe6fc
0.5,validators,pathspec,120,0.0399,False,False,5000,0,21,source,mut_3fd09fd69732
0.5,validators,pathspec,120,0.0298,False,False,5000,0,22,source,mut_41b88e094971
0.5,validators,pathspec,120,0.0459,False,False,5000,0,23,source,mut_428e29ee962b
0.5,validators,pathspec,120,0.0263,False,False,5000,0,24,source,mut_4426be1f5b7d
0.5,validators,pathspec,120,0.0349,False,False,5000,0,25,source,mut_44819cc538eb
0.5,validators,pathspec,120,0.1019,False,False,5000,0,26,source,mut_453957b0c500
0.5,validators,pathspec,120,0.0224,False,False,5000,0,27,source,mut_4584024a2a86
0.5,validators,pathspec,120,0.0244,False,False,5000,0,28,source,mut_47d744973bf5
0.5,validators,pathspec,120,0.061,False,False,5000,0,29,source,mut_4ab43ceb3983
0.5,validators,pathspec,120,0.0358,False,False,5000,0,30,source,mut_4aed3bddcc61
0.5,validators,pathspec,120,0.0229,False,False,5000,0,31,source,mut_4b34fe7f59f8
0.5,validators,pathspec,120,0.0307,False,False,5000,0,32,source,mut_4c85d54acda3
0.5,validators,pathspec,120,0.0224,False,False,5000,0,33,source,mut_4cc6f0bf5261
0.5,validators,pathspec,120,0.0241,False,False,5000,0,34,source,mut_4d12f9bffa5f
0.5,validators,pathspec,120,0.0234,False,False,5000,0,35,source,mut_4d42ec13aec8
0.5,validators,pathspec,120,0.0365,False,False,5000,0,36,source,mut_4e55dc8c2d32
0.5,validators,pathspec,120,0.0239,False,False,5000,0,37,source,mut_4ed941e580f6
0.5,validators,pathspec,120,0.0214,False,False,5000,0,38,source,mut_505bd34e9c8d
0.5,validators,pathspec,120,0.1298,False,False,5000,0,39,source,mut_52c53bfdad3f
0.5,validators,pathspec,120,0.0558,False,False,5000,0,40,source,mut_533d36268a8c
0.5,validators,pathspec,120,0.0226,False,False,5000,0,41,source,mut_5492b61f4a33
0.5,validators,pathspec,120,0.0219,False,False,5000,0,42,source,mut_561578945597
0.5,validators,pathspec,120,0.0387,False,False,5000,0,43,source,mut_575f8abb0cc1
0.5,validators,pathspec,120,0.0277,False,False,5000,0,44,source,mut_59db72f424fa
0.5,validators,pathspec,120,0.0266,False,False,5000,0,45,source,mut_59e1449d4175
0.5,validators,pathspec,120,0.0269,False,False,5000,0,46,source,mut_5b96aab3b716
0.5,validators,pathspec,120,0.0381,False,False,5000,0,47,source,mut_5bb558d9b7f1
0.5,validators,pathspec,120,0.0393,False,False,5000,0,48,source,mut_5d6c202373bf
0.5,validators,pathspec,120,0.022,False,False,5000,0,49,source,mut_5fdb6c75ba1b
0.5,validators,pathspec,120,0.0214,False,False,5000,0,50,source,mut_60097c426393
0.5,validators,pathspec,120,0.0414,False,False,5000,0,51,source,mut_631b9ca41a84
0.5,validators,pathspec,120,0.0228,False,False,5000,0,52,source,mut_63364a85d8b3
0.5,validators,pathspec,120,0.0316,False,False,5000,0,53,source,mut_63f77ca240ed
0.5,validators,pathspec,120,0.0601,False,False,5000,0,54,source,mut_6543eba7d306
0.5,validators,pathspec,120,0.0201,False,False,5000,0,55,source,mut_666d29aa1353
0.5,validators,pathspec,120,0.0239,False,False,5000,0,56,source,mut_674f92c64e7a
0.5,validators,pathspec,120,0.0277,False,False,5000,0,57,source,mut_67c4217fd609
0.5,validators,pathspec,120,0.0289,False,False,5000,0,58,source,mut_680a2363c4c8
0.5,validators,pathspec,120,0.0246,False,False,5000,0,59,source,mut_6a3eb59c025d
0.5,validators,pathspec,120,0.061,False,False,5000,0,60,source,mut_6cbf02918859
0.5,validators,pathspec,120,0.0206,False,False,5000,0,61,source,mut_6e600cedd9bc
0.5,validators,pathspec,120,0.0216,False,False,5000,0,62,source,mut_6ed5f0ff4947
0.5,validators,pathspec,120,0.0206,False,False,5000,0,63,source,mut_6f7aa3e309c5
0.5,validators,pathspec,120,0.0222,False,False,5000,0,64,source,mut_6f927eb2c6a3
0.5,validators,pathspec,120,0.106,False,False,5000,0,65,source,mut_714e0600922e
0.5,validators,pathspec,120,0.0214,False,False,5000,0,66,source,mut_71a35d67c468
0.5,validators,pathspec,120,0.093,False,False,5000,0,67,source,mut_72564fffeb22
0.5,validators,pathspec,120,0.0384,False,False,5000,0,68,source,mut_72e8b501e2f7
0.5,validators,pathspec,120,0.0235,False,False,5000,0,69,source,mut_731b7e032dbf
0.5,validators,pathspec,120,0.035,False,False,5000,0,70,source,mut_73748398dc44
0.5,validators,pathspec,120,0.0855,False,False,5000,0,71,source,mut_73d6163b93ca
0.5,validators,pathspec,120,0.0549,False,False,5000,0,72,source,mut_75464f8634f2
0.5,validators,pathspec,120,0.0401,False,False,5000,0,73,source,mut_75a622bca676
0.5,validators,pathspec,120,0.1069,False,False,5000,0,74,source,mut_776e97ff8166
0.5,validators,pathspec,120,0.0261,False,False,5000,0,75,source,mut_793525131c6b
0.5,validators,pathspec,120,0.0293,False,False,5000,0,76,source,mut_793ea7b426d8
0.5,validators,pathspec,120,0.0183,False,False,5000,0,77,source,mut_794b20d97c83
0.5,validators,pathspec,120,0.0254,False,False,5000,0,78,source,mut_813f338b5985
0.5,validators,pathspec,120,0.1151,False,False,5000,0,79,source,mut_81ac38131bac
0.5,validators,pathspec,120,0.0272,False,False,5000,0,80,source,mut_838c3bdd1f58
0.5,validators,pathspec,120,0.0339,False,False,5000,0,81,source,mut_847b15bfdda6
0.5,validators,pathspec,120,0.0567,False,False,5000,0,82,source,mut_84e0d10594e1
0.5,validators,pathspec,120,0.0256,False,False,5000,0,83,source,mut_8581be366750
0.5,validators,pathspec,120,0.0202,False,False,5000,0,84,source,mut_86f410eb6ca3
0.5,validators,pathspec,120,0.0323,False,False,5000,0,85,source,mut_871f51c5b640
0.5,validators,pathspec,120,0.0343,False,False,5000,0,86,source,mut_8804b1d19eb6
0.5,validators,pathspec,120,0.1127,False,False,5000,0,87,source,mut_88eac4dab581
0.5,validators,pathspec,120,0.087,False,False,5000,0,88,source,mut_899c2cb44109
0.5,validators,pathspec,120,0.1203,False,False,5000,0,89,source,mut_89d3e6a3ab26
0.5,validators,pathspec,120,0.1162,False,False,5000,0,90,source,mut_89e87ebc41d2
0.5,validators,pathspec,120,0.0317,False,False,5000,0,91,source,mut_8b739a475a3c
0.5,validators,pathspec,120,0.0676,False,False,5000,0,92,source,mut_8c4a95f3d471
0.5,validators,pathspec,120,0.0306,False,False,5000,0,93,source,mut_8cb6b9beec51
0.5,validators,pathspec,120,0.0601,False,False,5000,0,94,source,mut_8e913d78891b
0.5,validators,pathspec,120,0.0203,False,False,5000,0,95,source,mut_90656d0adbc2
0.5,validators,pathspec,120,0.0384,False,False,5000,0,96,source,mut_913b26921954
0.5,validators,pathspec,120,0.0624,False,False,5000,0,97,source,mut_915efbcdbbc4
0.5,validators,pathspec,120,0.0334,False,False,5000,0,98,source,mut_919ddde49884
0.5,validators,pathspec,120,0.0377,False,False,5000,0,99,source,mut_91f5aedf3372
0.5,validators,pathspec,120,0.0342,False,False,5000,0,100,source,mut_91ffe6d6fa41
0.5,validators,pathspec,120,0.0265,False,False,5000,0,101,source,mut_92415c8ed3fa
0.5,validators,pathspec,120,0.0244,False,False,5000,0,102,source,mut_94cee2c8847e
0.5,validators,pathspec,120,0.0325,False,False,5000,0,103,source,mut_96ddf7184ca4
0.5,validators,pathspec,120,0.0318,False,False,5000,0,104,source,mut_97d1014eb70f
0.5,validators,pathspec,120,0.128,False,False,5000,0,105,source,mut_97f85571aaf2
0.5,validators,pathspec,120,0.0251,False,False,5000,0,106,source,mut_989e7c951463
0.5,validators,pathspec,120,0.0346,False,False,5000,0,107,source,mut_98aa516e39a1
0.5,validators,pathspec,120,0.0242,False,False,5000,0,108,source,mut_999c0399e544
0.5,validators,pathspec,120,0.0252,False,False,5000,0,109,source,mut_9b30abde7a51
0.5,validators,pathspec,120,0.0381,False,False,5000,0,110,source,mut_9baa8e0b1105
0.5,validators,pathspec,120,0.0201,False,False,5000,0,111,source,mut_9bfc0d74569f
0.5,validators,pathspec,120,0.0185,False,False,5000,0,112,source,mut_9c91b6447fe3
0.5,validators,pathspec,120,0.0201,False,False,5000,0,113,source,mut_9dbe121ade48
0.5,validators,pathspec,120,0.0208,False,False,5000,0,114,source,mut_9e129b50a8e1
0.5,validators,pathspec,120,0.0245,False,False,5000,0,115,source,mut_9e7665c49799
0.5,validators,pathspec,120,0.0885,False,False,5000,0,116,source,mut_9fbf777b07c4
0.5,validators,pathspec,120,0.0506,False,False,5000,0,117,source,mut_a0b9f50cf520
0.5,validators,pathspec,120,0.049,False,False,5000,0,118,source,mut_a1543330de3c
0.5,validators,pathspec,120,0.0872,False,False,5000,0,119,source,mut_a3ad2a55ddaf
0.5,validators,pathspec,120,0.2758,False,False,5000,0,120,target,mut_00c265e970ea
0.5,validators,pathspec,120,0.2574,False,False,5000,0,121,target,mut_00c48ce16a2f
0.5,validators,pathspec,120,0.2574,True,True,5000,1,122,target,mut_01295249e722
0.5,validators,pathspec,120,0.3797,False,False,5000,1,123,target,mut_042cc4aaec00
0.5,validators,pathspec,120,0.1157,False,False,5000,1,124,target,mut_0537991382a1
0.5,validators,pathspec,120,0.0492,False,False,5000,1,125,target,mut_063037d34f5c
0.5,validators,pathspec,120,0.3772,False,False,5000,1,126,target,mut_08ca2ff2fd49
0.5,validators,pathspec,120,0.0328,False,False,5000,1,127,target,mut_0c9c25505bf8
0.5,validators,pathspec,120,0.1339,False,False,5000,1,128,target,mut_0db0cae15629
0.5,validators,pathspec,120,0.0626,False,False,5000,1,129,target,mut_0df2fc80778c
0.5,validators,pathspec,120,0.059,False,False,5000,1,130,target,mut_0e1856ed9c82
0.5,validators,pathspec,120,0.0513,False,False,5000,1,131,target,mut_0e71bd8eeb9b
0.5,validators,pathspec,120,0.0718,False,False,5000,1,132,target,mut_0eae59124819
0.5,validators,pathspec,120,0.0872,False,False,5000,1,133,target,mut_103c57e8b52b
0.5,validators,pathspec,120,0.0612,False,False,5000,1,134,target,mut_105fd5984a08
0.5,validators,pathspec,120,0.0876,False,False,5000,1,135,target,mut_1077b8e04940
0.5,validators,pathspec,120,0.0329,False,False,5000,1,136,target,mut_11046ca225a1
0.5,validators,pathspec,120,0.0606,False,False,5000,1,137,target,mut_129b5a0395cd
0.5,validators,pathspec,120,0.0345,False,False,5000,1,138,target,mut_12b50720c6b0
0.5,validators,pathspec,120,0.0641,False,False,5000,1,139,target,mut_12f0655255ff
0.5,validators,pathspec,120,0.0345,False,False,5000,1,140,target,mut_13b2c5018f00
0.5,validators,pathspec,120,0.0345,False,False,5000,1,141,target,mut_16156a06d3b2
0.5,validators,pathspec,120,0.0711,False,False,5000,1,142,target,mut_16562207f831
0.5,validators,pathspec,120,0.0646,False,False,5000,1,143,target,mut_169756297ddb
0.5,validators,pathspec,120,0.074,False,False,5000,1,144,target,mut_174744bfd65b
0.5,validators,pathspec,120,0.4681,False,False,5000,1,145,target,mut_17b5b3e7586c
0.5,validators,pathspec,120,0.0937,False,False,5000,1,146,target,mut_181f3c338c4f
0.5,validators,pathspec,120,0.0504,False,False,5000,1,147,target,mut_1837836f5018
0.5,validators,pathspec,120,0.0348,False,False,5000,1,148,target,mut_1871f18e8955
0.5,validators,pathspec,120,0.0442,False,False,5000,1,149,target,mut_18b46aa31898
0.5,validators,pathspec,120,0.0711,False,False,5000,1,150,target,mut_19b3c964fc12
0.5,validators,pathspec,120,0.0539,False,False,5000,1,151,target,mut_1b180004feb5
0.5,validators,pathspec,120,0.033,False,False,5000,1,152,target,mut_1dcbe1f01b7b
0.5,validators,pathspec,120,0.033,False,False,5000,1,153,target,mut_2034d433ac40
0.5,validators,pathspec,120,0.0412,False,False,5000,1,154,target,mut_230e632c5e55
0.5,validators,pathspec,120,0.4351,False,False,5000,1,155,target,mut_247ddadc59f1
0.5,validators,pathspec,120,0.1791,False,False,5000,1,156,target,mut_24a9efd7a4ab
0.5,validators,pathspec,120,0.0336,False,False,5000,1,157,target,mut_24e47521abf2
0.5,validators,pathspec,120,0.0336,False,False,5000,1,158,target,mut_268ef88dd929
0.5,validators,pathspec,120,0.0536,False,False,5000,1,159,target,mut_26be5e5ea9b6
0.5,validators,pathspec,120,0.4786,False,False,5000,1,160,target,mut_271a88b94f2a
0.5,validators,pathspec,120,0.1599,False,False,5000,1,161,target,mut_273b59fab021
0.5,validators,pathspec,120,0.2741,False,False,5000,1,162,target,mut_27531e910b3c
0.5,validators,pathspec,120,0.0785,False,False,5000,1,163,target,mut_2772e8b27f7f
0.5,validators,pathspec,120,0.0469,False,False,5000,1,164,target,mut_29db292771c0
0.5,validators,pathspec,120,0.1731,False,False,5000,1,165,target,mut_2a46d9d58366
0.5,validators,pathspec,120,0.1344,False,False,5000,1,166,target,mut_2a4800141334
0.5,validators,pathspec,120,0.0336,False,False,5000,1,167,target,mut_2aad23831dd3
0.5,validators,pathspec,120,0.0336,False,False,5000,1,168,target,mut_2b23de3aacc0
0.5,validators,pathspec,120,0.15,False,False,5000,1,169,target,mut_2c26ae5c9de4
0.5,validators,pathspec,120,0.0874,False,False,5000,1,170,target,mut_2ddbc9596010
0.5,validators,pathspec,120,0.0995,False,False,5000,1,171,target,mut_2eb63ee45454
0.5,validators,pathspec,120,0.0434,False,False,5000,1,172,target,mut_2ec8e80960f0
0.5,validators,pathspec,120,0.0382,False,False,5000,1,173,target,mut_3082e187b8ef
0.5,validators,pathspec,120,0.033,False,False,5000,1,174,target,mut_31f518d1d40a
0.5,validators,pathspec,120,0.0434,False,False,5000,1,175,target,mut_320e16630e8d
0.5,validators,pathspec,120,0.0552,False,False,5000,1,176,target,mut_320f1bbd9777
0.5,validators,pathspec,120,0.0348,False,False,5000,1,177,target,mut_3435678f3d1f
0.5,validators,pathspec,120,0.0736,False,False,5000,1,178,target,mut_34de7097f517
0.5,validators,pathspec,120,0.0761,False,False,5000,1,179,target,mut_36ed19b50bb6
0.5,validators,pathspec,120,0.0733,False,False,5000,1,180,target,mut_38e31a877c89
0.5,validators,pathspec,120,0.0971,False,False,5000,1,181,target,mut_3d9c3b57e236
0.5,validators,pathspec,120,0.0762,False,False,5000,1,182,target,mut_3e91be117447
0.5,validators,pathspec,120,0.1179,False,False,5000,1,183,target,mut_3f8d3853760f
0.5,validators,pathspec,120,0.0382,False,False,5000,1,184,target,mut_421ebecfcd7e
0.5,validators,pathspec,120,0.0768,False,False,5000,1,185,target,mut_427622f7a299
0.5,validators,pathspec,120,0.033,False,False,5000,1,186,target,mut_431b67bbe621
0.5,validators,pathspec,120,0.033,False,False,5000,1,187,target,mut_44b56e710faf
0.5,validators,pathspec,120,0.0382,False,False,5000,1,188,target,mut_45affd13a77a
0.5,validators,pathspec,120,0.0897,False,False,5000,1,189,target,mut_471432ae8885
0.5,validators,pathspec,120,0.0917,False,False,5000,1,190,target,mut_478be483b398
0.5,validators,pathspec,120,0.0907,False,False,5000,1,191,target,mut_4895293b4211
0.5,validators,pathspec,120,0.0341,False,False,5000,1,192,target,mut_48a4dc98589d
0.5,validators,pathspec,120,0.3152,False,False,5000,1,193,target,mut_4b178ce7b1ef
0.5,validators,pathspec,120,0.0341,False,False,5000,1,194,target,mut_4b8753325a9a
0.5,validators,pathspec,120,0.055,False,False,5000,1,195,target,mut_4bd9378efc44
0.5,validators,pathspec,120,0.0446,False,False,5000,1,196,target,mut_4bebc81d0582
0.5,validators,pathspec,120,0.0514,False,False,5000,1,197,target,mut_4cf8d68b4291
0.5,validators,pathspec,120,0.1288,False,False,5000,1,198,target,mut_4d1623ec4661
0.5,validators,pathspec,120,0.0564,False,False,5000,1,199,target,mut_4e8862e3cf3a
0.5,validators,pathspec,120,0.0339,False,False,5000,1,200,target,mut_4f76f7f314d9
0.5,validators,pathspec,120,0.0887,False,False,5000,1,201,target,mut_4fdd8a6da136
0.5,validators,pathspec,120,0.0722,False,False,5000,1,202,target,mut_5089b607bf5d
0.5,validators,pathspec,120,0.0335,False,False,5000,1,203,target,mut_51b7548f6be4
0.5,validators,pathspec,120,0.0518,False,False,5000,1,204,target,mut_526e56868cea
0.5,validators,pathspec,120,0.2092,False,False,5000,1,205,target,mut_52a73d0e3ebe
0.5,validators,pathspec,120,0.0865,False,False,5000,1,206,target,mut_57980718178c
0.5,validators,pathspec,120,0.033,False,False,5000,1,207,target,mut_57b8d262b042
0.5,validators,pathspec,120,0.1812,False,False,5000,1,208,target,mut_58050a99f914
0.5,validators,pathspec,120,0.0382,False,False,5000,1,209,target,mut_581dbb890a1d
0.5,validators,pathspec,120,0.0732,False,False,5000,1,210,target,mut_586d7fb49e4c
0.5,validators,pathspec,120,0.1812,False,False,5000,1,211,target,mut_592bf6aa2871
0.5,validators,pathspec,120,0.0382,False,False,5000,1,212,target,mut_5c86363cc27b
0.5,validators,pathspec,120,0.0761,False,False,5000,1,213,target,mut_610480bcafb0
0.5,validators,pathspec,120,0.1669,False,False,5000,1,214,target,mut_61c1c1b6fb62
0.5,validators,pathspec,120,0.0636,False,False,5000,1,215,target,mut_62cc960809a5
0.5,validators,pathspec,120,0.073,False,False,5000,1,216,target,mut_62faa507b1c3
0.5,validators,pathspec,120,0.0887,False,False,5000,1,217,target,mut_63b475f1563c
0.5,validators,pathspec,120,0.2619,False,False,5000,1,218,target,mut_65cb36909e91
0.5,validators,pathspec,120,0.0917,False,False,5000,1,219,target,mut_65cf5fe0fb77
0.5,validators,pathspec,120,0.3406,False,False,5000,1,220,target,mut_664907c5da3e
0.5,validators,pathspec,120,0.6739,True,True,5000,2,221,target,mut_68c0e2f4e9c2
0.5,validators,pathspec,120,0.3966,False,False,5000,2,222,target,mut_699eece1d1ef
0.5,validators,pathspec,120,0.5392,False,False,5000,2,223,target,mut_69f3d31ece8f
0.5,validators,pathspec,120,0.3323,False,False,5000,2,224,target,mut_6bd882e7041d
0.5,validators,pathspec,120,0.5179,False,False,5000,2,225,target,mut_6ca284c6786a
0.5,validators,pathspec,120,0.5616,False,False,5000,2,226,target,mut_6e1d88e54444
0.5,validators,pathspec,120,0.3935,False,False,5000,2,227,target,mut_6e31d7e44de0
0.5,validators,pathspec,120,0.6808,True,True,5000,3,228,target,mut_6e8869a3ac2f
0.5,validators,pathspec,120,0.082,False,False,5000,3,229,target,mut_6f26d36d59d7
0.5,validators,pathspec,120,0.1074,False,False,5000,3,230,target,mut_71ead901f38b
0.5,validators,pathspec,120,0.082,False,False,5000,3,231,target,mut_726eabd9fbbd
0.5,validators,pathspec,120,0.36,False,False,5000,3,232,target,mut_728748b397c9
0.5,validators,pathspec,120,0.444,True,True,5000,4,233,target,mut_74b7d1c7be63
0.5,validators,pathspec,120,0.0833,False,False,5000,4,234,target,mut_75540a1b95e9
0.5,validators,pathspec,120,0.1566,False,False,5000,4,235,target,mut_76ffaf9691b5
0.5,validators,pathspec,120,0.0363,False,False,5000,4,236,target,mut_783a4dba2250
0.5,validators,pathspec,120,0.268,False,False,5000,4,237,target,mut_789106b2993b
0.5,validators,pathspec,120,0.4903,True,True,5000,5,238,target,mut_78c8d340d52d
0.5,validators,pathspec,120,0.4571,False,False,5000,5,239,target,mut_7aacf915363b
1.0,pathspec,pyjwt,120,0.484,False,False,5000,0,0,source,mut_271a88b94f2a
1.0,pathspec,pyjwt,120,0.1686,False,False,5000,0,1,source,mut_273b59fab021
1.0,pathspec,pyjwt,120,0.2808,False,False,5000,0,2,source,mut_27531e910b3c
1.0,pathspec,pyjwt,120,0.0182,False,False,5000,0,3,source,mut_2772e8b27f7f
1.0,pathspec,pyjwt,120,0.0565,False,False,5000,0,4,source,mut_29db292771c0
1.0,pathspec,pyjwt,120,0.2303,False,False,5000,0,5,source,mut_2a46d9d58366
1.0,pathspec,pyjwt,120,0.0779,False,False,5000,0,6,source,mut_2a4800141334
1.0,pathspec,pyjwt,120,0.1293,False,False,5000,0,7,source,mut_2aad23831dd3
1.0,pathspec,pyjwt,120,0.1293,False,False,5000,0,8,source,mut_2b23de3aacc0
1.0,pathspec,pyjwt,120,0.1012,False,False,5000,0,9,source,mut_2c26ae5c9de4
1.0,pathspec,pyjwt,120,0.042,False,False,5000,0,10,source,mut_2ddbc9596010
1.0,pathspec,pyjwt,120,0.1112,False,False,5000,0,11,source,mut_2eb63ee45454
1.0,pathspec,pyjwt,120,0.1394,False,False,5000,0,12,source,mut_2ec8e80960f0
1.0,pathspec,pyjwt,120,0.0297,False,False,5000,0,13,source,mut_3082e187b8ef
1.0,pathspec,pyjwt,120,0.0316,False,False,5000,0,14,source,mut_31f518d1d40a
1.0,pathspec,pyjwt,120,0.0359,False,False,5000,0,15,source,mut_320e16630e8d
1.0,pathspec,pyjwt,120,0.0166,False,False,5000,0,16,source,mut_320f1bbd9777
1.0,pathspec,pyjwt,120,0.1275,False,False,5000,0,17,source,mut_3435678f3d1f
1.0,pathspec,pyjwt,120,0.0243,False,False,5000,0,18,source,mut_34de7097f517
1.0,pathspec,pyjwt,120,0.1076,False,False,5000,0,19,source,mut_36ed19b50bb6
1.0,pathspec,pyjwt,120,0.1012,False,False,5000,0,20,source,mut_38e31a877c89
1.0,pathspec,pyjwt,120,0.0485,False,False,5000,0,21,source,mut_3d9c3b57e236
1.0,pathspec,pyjwt,120,0.0293,False,False,5000,0,22,source,mut_3e91be117447
1.0,pathspec,pyjwt,120,0.1498,False,False,5000,0,23,source,mut_3f8d3853760f
1.0,pathspec,pyjwt,120,0.0841,False,False,5000,0,24,source,mut_421ebecfcd7e
1.0,pathspec,pyjwt,120,0.0225,False,False,5000,0,25,source,mut_427622f7a299
1.0,pathspec,pyjwt,120,0.1275,False,False,5000,0,26,source,mut_431b67bbe621
1.0,pathspec,pyjwt,120,0.1275,False,False,5000,0,27,source,mut_44b56e710faf
1.0,pathspec,pyjwt,120,0.0841,False,False,5000,0,28,source,mut_45affd13a77a
1.0,pathspec,pyjwt,120,0.1061,False,False,5000,0,29,source,mut_471432ae8885
1.0,pathspec,pyjwt,120,0.044,False,False,5000,0,30,source,mut_478be483b398
1.0,pathspec,pyjwt,120,0.0727,False,False,5000,0,31,source,mut_4895293b4211
1.0,pathspec,pyjwt,120,0.1244,False,False,5000,0,32,source,mut_48a4dc98589d
1.0,pathspec,pyjwt,120,0.3197,False,False,5000,0,33,source,mut_4b178ce7b1ef
1.0,pathspec,pyjwt,120,0.1255,False,False,5000,0,34,source,mut_4b8753325a9a
1.0,pathspec,pyjwt,120,0.1458,False,False,5000,0,35,source,mut_4bd9378efc44
1.0,pathspec,pyjwt,120,0.1272,False,False,5000,0,36,source,mut_4bebc81d0582
1.0,pathspec,pyjwt,120,0.0631,False,False,5000,0,37,source,mut_4cf8d68b4291
1.0,pathspec,pyjwt,120,0.1516,False,False,5000,0,38,source,mut_4d1623ec4661
1.0,pathspec,pyjwt,120,0.0383,False,False,5000,0,39,source,mut_4e8862e3cf3a
1.0,pathspec,pyjwt,120,0.1255,False,False,5000,0,40,source,mut_4f76f7f314d9
1.0,pathspec,pyjwt,120,0.1376,False,False,5000,0,41,source,mut_4fdd8a6da136
1.0,pathspec,pyjwt,120,0.0183,False,False,5000,0,42,source,mut_5089b607bf5d
1.0,pathspec,pyjwt,120,0.1255,False,False,5000,0,43,source,mut_51b7548f6be4
1.0,pathspec,pyjwt,120,0.0167,False,False,5000,0,44,source,mut_526e56868cea
1.0,pathspec,pyjwt,120,0.2104,False,False,5000,0,45,source,mut_52a73d0e3ebe
1.0,pathspec,pyjwt,120,0.0388,False,False,5000,0,46,source,mut_57980718178c
1.0,pathspec,pyjwt,120,0.1251,False,False,5000,0,47,source,mut_57b8d262b042
1.0,pathspec,pyjwt,120,0.2565,False,False,5000,0,48,source,mut_58050a99f914
1.0,pathspec,pyjwt,120,0.031,False,False,5000,0,49,source,mut_581dbb890a1d
1.0,pathspec,pyjwt,120,0.1012,False,False,5000,0,50,source,mut_586d7fb49e4c
1.0,pathspec,pyjwt,120,0.2564,False,False,5000,0,51,source,mut_592bf6aa2871
1.0,pathspec,pyjwt,120,0.0902,False,False,5000,0,52,source,mut_5c86363cc27b
1.0,pathspec,pyjwt,120,0.0295,False,False,5000,0,53,source,mut_610480bcafb0
1.0,pathspec,pyjwt,120,0.1497,False,False,5000,0,54,source,mut_61c1c1b6fb62
1.0,pathspec,pyjwt,120,0.0185,False,False,5000,0,55,source,mut_62cc960809a5
1.0,pathspec,pyjwt,120,0.0594,False,False,5000,0,56,source,mut_62faa507b1c3
1.0,pathspec,pyjwt,120,0.1345,False,False,5000,0,57,source,mut_63b475f1563c
1.0,pathspec,pyjwt,120,0.2223,False,False,5000,0,58,source,mut_65cb36909e91
1.0,pathspec,pyjwt,120,0.0436,False,False,5000,0,59,source,mut_65cf5fe0fb77
1.0,pathspec,pyjwt,120,0.3453,False,False,5000,0,60,source,mut_664907c5da3e
1.0,pathspec,pyjwt,120,0.7314,False,False,5000,0,61,source,mut_68c0e2f4e9c2
1.0,pathspec,pyjwt,120,0.037,False,False,5000,0,62,source,mut_699eece1d1ef
1.0,pathspec,pyjwt,120,0.0267,False,False,5000,0,63,source,mut_69f3d31ece8f
1.0,pathspec,pyjwt,120,0.1421,False,False,5000,0,64,source,mut_6bd882e7041d
1.0,pathspec,pyjwt,120,0.1052,False,False,5000,0,65,source,mut_6ca284c6786a
1.0,pathspec,pyjwt,120,0.2593,False,False,5000,0,66,source,mut_6e1d88e54444
1.0,pathspec,pyjwt,120,0.1124,False,False,5000,0,67,source,mut_6e31d7e44de0
1.0,pathspec,pyjwt,120,0.0403,False,False,5000,0,68,source,mut_6e8869a3ac2f
1.0,pathspec,pyjwt,120,0.0167,False,False,5000,0,69,source,mut_6f26d36d59d7
1.0,pathspec,pyjwt,120,0.1389,False,False,5000,0,70,source,mut_71ead901f38b
1.0,pathspec,pyjwt,120,0.0167,False,False,5000,0,71,source,mut_726eabd9fbbd
1.0,pathspec,pyjwt,120,0.4248,False,False,5000,0,72,source,mut_728748b397c9
1.0,pathspec,pyjwt,120,0.0402,False,False,5000,0,73,source,mut_74b7d1c7be63
1.0,pathspec,pyjwt,120,0.0456,False,False,5000,0,74,source,mut_75540a1b95e9
1.0,pathspec,pyjwt,120,0.0505,False,False,5000,0,75,source,mut_76ffaf9691b5
1.0,pathspec,pyjwt,120,0.0167,False,False,5000,0,76,source,mut_783a4dba2250
1.0,pathspec,pyjwt,120,0.2879,False,False,5000,0,77,source,mut_789106b2993b
1.0,pathspec,pyjwt,120,0.5199,False,False,5000,0,78,source,mut_78c8d340d52d
1.0,pathspec,pyjwt,120,0.1229,False,False,5000,0,79,source,mut_7aacf915363b
1.0,pathspec,pyjwt,120,0.1229,False,False,5000,0,80,source,mut_7c7d5e47831b
1.0,pathspec,pyjwt,120,0.0364,False,False,5000,0,81,source,mut_7d335baf7651
1.0,pathspec,pyjwt,120,0.0156,False,False,5000,0,82,source,mut_7dde5d5f76e6
1.0,pathspec,pyjwt,120,0.0167,False,False,5000,0,83,source,mut_7df37d728be3
1.0,pathspec,pyjwt,120,0.1792,False,False,5000,0,84,source,mut_7f34ecd06216
1.0,pathspec,pyjwt,120,0.0259,False,False,5000,0,85,source,mut_7f7ae1f96c94
1.0,pathspec,pyjwt,120,0.077,False,False,5000,0,86,source,mut_7fc96ad184cc
1.0,pathspec,pyjwt,120,0.0424,False,False,5000,0,87,source,mut_80373f5711eb
1.0,pathspec,pyjwt,120,0.0156,False,False,5000,0,88,source,mut_80b7a3269452
1.0,pathspec,pyjwt,120,0.5397,False,False,5000,0,89,source,mut_823f018497ed
1.0,pathspec,pyjwt,120,0.1125,False,False,5000,0,90,source,mut_831bd74c2ac9
1.0,pathspec,pyjwt,120,0.0806,False,False,5000,0,91,source,mut_8387b0f3a73a
1.0,pathspec,pyjwt,120,0.0156,False,False,5000,0,92,source,mut_84239c3bcfc2
1.0,pathspec,pyjwt,120,0.1185,False,False,5000,0,93,source,mut_84b5132b5f1c
1.0,pathspec,pyjwt,120,0.1124,False,False,5000,0,94,source,mut_863433ea349d
1.0,pathspec,pyjwt,120,0.4827,False,False,5000,0,95,source,mut_877609ab6efc
1.0,pathspec,pyjwt,120,0.1235,False,False,5000,0,96,source,mut_8794532a3677
1.0,pathspec,pyjwt,120,0.2313,False,False,5000,0,97,source,mut_8ad340ef9307
1.0,pathspec,pyjwt,120,0.1012,False,False,5000,0,98,source,mut_8adff7d261ef
1.0,pathspec,pyjwt,120,0.0156,False,False,5000,0,99,source,mut_8b68b9e8a642
1.0,pathspec,pyjwt,120,0.0156,False,False,5000,0,100,source,mut_8bea1842d255
1.0,pathspec,pyjwt,120,0.1523,False,False,5000,0,101,source,mut_8bfa7d74872d
1.0,pathspec,pyjwt,120,0.0374,False,False,5000,0,102,source,mut_8c2cb818e766
1.0,pathspec,pyjwt,120,0.027,False,False,5000,0,103,source,mut_8ce69e99be76
1.0,pathspec,pyjwt,120,0.0308,False,False,5000,0,104,source,mut_8d4bcd0255a9
1.0,pathspec,pyjwt,120,0.0453,False,False,5000,0,105,source,mut_8f2a2ec1d415
1.0,pathspec,pyjwt,120,0.3715,False,False,5000,0,106,source,mut_9092a77d0e53
1.0,pathspec,pyjwt,120,0.042,False,False,5000,0,107,source,mut_92ab8171bb0e
1.0,pathspec,pyjwt,120,0.4778,False,False,5000,0,108,source,mut_92addc6ad1be
1.0,pathspec,pyjwt,120,0.1615,False,False,5000,0,109,source,mut_93806bd38d9c
1.0,pathspec,pyjwt,120,0.2414,False,False,5000,0,110,source,mut_94db1e9297ba
1.0,pathspec,pyjwt,120,0.12,False,False,5000,0,111,source,mut_95719d0828b4
1.0,pathspec,pyjwt,120,0.0196,False,False,5000,0,112,source,mut_957cdf409595
1.0,pathspec,pyjwt,120,0.1183,False,False,5000,0,113,source,mut_95c4e91f4b0c
1.0,pathspec,pyjwt,120,0.0508,False,False,5000,0,114,source,mut_968dbc7e9989
1.0,pathspec,pyjwt,120,0.0344,False,False,5000,0,115,source,mut_992d5f59d2f2
1.0,pathspec,pyjwt,120,0.1623,False,False,5000,0,116,source,mut_99a079868ed1
1.0,pathspec,pyjwt,120,0.0268,False,False,5000,0,117,source,mut_9a8d5937b0cd
1.0,pathspec,pyjwt,120,0.0654,False,False,5000,0,118,source,mut_9b5216ce1154
1.0,pathspec,pyjwt,120,0.2467,False,False,5000,0,119,source,mut_9b565ea83a72
1.0,pathspec,pyjwt,120,0.1632,False,False,5000,0,120,target,mut_011b7a550781
1.0,pathspec,pyjwt,120,0.1317,False,False,5000,0,121,target,mut_025a2062b2d2
1.0,pathspec,pyjwt,120,0.6681,False,False,5000,0,122,target,mut_026e41ade2dd
1.0,pathspec,pyjwt,120,0.0169,False,False,5000,0,123,target,mut_0381f7a0347f
1.0,pathspec,pyjwt,120,0.2739,False,False,5000,0,124,target,mut_03b1ed75afd5
1.0,pathspec,pyjwt,120,0.7674,False,False,5000,0,125,target,mut_03f78dc2a2db
1.0,pathspec,pyjwt,120,0.3266,False,False,5000,0,126,target,mut_04a33694e06d
1.0,pathspec,pyjwt,120,0.1297,False,False,5000,0,127,target,mut_050fe3d70850
1.0,pathspec,pyjwt,120,0.1254,False,False,5000,0,128,target,mut_060ede386488
1.0,pathspec,pyjwt,120,0.2709,False,False,5000,0,129,target,mut_06dd54e998c8
1.0,pathspec,pyjwt,120,0.208,False,False,5000,0,130,target,mut_070c03ca5de7
1.0,pathspec,pyjwt,120,0.2567,False,False,5000,0,131,target,mut_0804fc88adc6
1.0,pathspec,pyjwt,120,0.202,False,False,5000,0,132,target,mut_08fe1ef1bf4f
1.0,pathspec,pyjwt,120,0.2504,False,False,5000,0,133,target,mut_0907a581ad8d
1.0,pathspec,pyjwt,120,0.171,False,False,5000,0,134,target,mut_0918eab2bdaa
1.0,pathspec,pyjwt,120,0.22,False,False,5000,0,135,target,mut_0a03e57cdd11
1.0,pathspec,pyjwt,120,0.1919,False,False,5000,0,136,target,mut_0aaa29b41f52
1.0,pathspec,pyjwt,120,0.1359,False,False,5000,0,137,target,mut_0bd7ee82381b
1.0,pathspec,pyjwt,120,0.3493,False,False,5000,0,138,target,mut_0c6969fb1099
1.0,pathspec,pyjwt,120,0.1612,False,False,5000,0,139,target,mut_0c91a0e64c2a
1.0,pathspec,pyjwt,120,0.1578,False,False,5000,0,140,target,mut_0cecdb08dd2e
1.0,pathspec,pyjwt,120,0.2183,False,False,5000,0,141,target,mut_0ee2194957d1
1.0,pathspec,pyjwt,120,0.3756,False,False,5000,0,142,target,mut_113f413c068a
1.0,pathspec,pyjwt,120,0.1486,False,False,5000,0,143,target,mut_11df805c8ef8
1.0,pathspec,pyjwt,120,0.1534,False,False,5000,0,144,target,mut_13ece2a867ee
1.0,pathspec,pyjwt,120,0.3755,False,False,5000,0,145,target,mut_14951975b253
1.0,pathspec,pyjwt,120,0.0685,False,False,5000,0,146,target,mut_15c1b66904c3
1.0,pathspec,pyjwt,120,0.1049,False,False,5000,0,147,target,mut_16dfd19f6c76
1.0,pathspec,pyjwt,120,0.1815,False,False,5000,0,148,target,mut_17e545452c8d
1.0,pathspec,pyjwt,120,0.1002,False,False,5000,0,149,target,mut_1890c6e1fdac
1.0,pathspec,pyjwt,120,0.2034,False,False,5000,0,150,target,mut_18cb0a587d65
1.0,pathspec,pyjwt,120,0.0981,False,False,5000,0,151,target,mut_19d075f690a5
1.0,pathspec,pyjwt,120,0.1028,False,False,5000,0,152,target,mut_1a9b70488b2c
1.0,pathspec,pyjwt,120,0.1008,False,False,5000,0,153,target,mut_1ac337afbb78
1.0,pathspec,pyjwt,120,0.0971,False,False,5000,0,154,target,mut_1c9279e74dda
1.0,pathspec,pyjwt,120,0.1905,False,False,5000,0,155,target,mut_1eb770f99e5e
1.0,pathspec,pyjwt,120,0.091,False,False,5000,0,156,target,mut_1f6f654065ec
1.0,pathspec,pyjwt,120,0.0678,False,False,5000,0,157,target,mut_1fc0f1a7b7f0
1.0,pathspec,pyjwt,120,0.0393,False,False,5000,0,158,target,mut_1ffaaa54c047
1.0,pathspec,pyjwt,120,0.045,False,False,5000,0,159,target,mut_20dbd0097bff
1.0,pathspec,pyjwt,120,0.1302,False,False,5000,0,160,target,mut_20f7c2b61afd
1.0,pathspec,pyjwt,120,0.041,False,False,5000,0,161,target,mut_2166c6015c41
1.0,pathspec,pyjwt,120,0.062,False,False,5000,0,162,target,mut_216f50c9920d
1.0,pathspec,pyjwt,120,0.0421,False,False,5000,0,163,target,mut_21a6decde87b
1.0,pathspec,pyjwt,120,0.0515,False,False,5000,0,164,target,mut_24e294eb01da
1.0,pathspec,pyjwt,120,0.0588,False,False,5000,0,165,target,mut_25bea34fda06
1.0,pathspec,pyjwt,120,0.0514,False,False,5000,0,166,target,mut_2718bf1b9b0e
1.0,pathspec,pyjwt,120,0.0465,False,False,5000,0,167,target,mut_27b09d8c7689
1.0,pathspec,pyjwt,120,0.0592,False,False,5000,0,168,target,mut_28ce0d973d74
1.0,pathspec,pyjwt,120,0.0916,False,False,5000,0,169,target,mut_295bafe67e4d
1.0,pathspec,pyjwt,120,0.1121,False,False,5000,0,170,target,mut_29e99c2cf3ea
1.0,pathspec,pyjwt,120,0.1015,False,False,5000,0,171,target,mut_29f508aa9ccf
1.0,pathspec,pyjwt,120,0.103,False,False,5000,0,172,target,mut_2a9c2a8eadc8
1.0,pathspec,pyjwt,120,0.0542,False,False,5000,0,173,target,mut_2aa3b6acb4ea
1.0,pathspec,pyjwt,120,0.0368,False,False,5000,0,174,target,mut_2ac852453414
1.0,pathspec,pyjwt,120,0.0351,False,False,5000,0,175,target,mut_2c4f80427f9d
1.0,pathspec,pyjwt,120,0.0325,False,False,5000,0,176,target,mut_2d948b208be0
1.0,pathspec,pyjwt,120,0.0152,False,False,5000,0,177,target,mut_2e00b44926f6
1.0,pathspec,pyjwt,120,0.0621,False,False,5000,0,178,target,mut_2f4454f56e97
1.0,pathspec,pyjwt,120,0.0377,False,False,5000,0,179,target,mut_309ac638becc
1.0,pathspec,pyjwt,120,0.0473,False,False,5000,0,180,target,mut_30a78d5efe94
1.0,pathspec,pyjwt,120,0.1986,False,False,5000,0,181,target,mut_30eaa795a680
1.0,pathspec,pyjwt,120,0.1077,False,False,5000,0,182,target,mut_3139b2ad0144
1.0,pathspec,pyjwt,120,0.1822,False,False,5000,0,183,target,mut_36d6b2eb1dd2
1.0,pathspec,pyjwt,120,0.0565,False,False,5000,0,184,target,mut_387d51aa0576
1.0,pathspec,pyjwt,120,0.0869,False,False,5000,0,185,target,mut_3932d965394a
1.0,pathspec,pyjwt,120,0.0707,False,False,5000,0,186,target,mut_398678965686
1.0,pathspec,pyjwt,120,0.062,False,False,5000,0,187,target,mut_3a6d87727a82
1.0,pathspec,pyjwt,120,0.0667,False,False,5000,0,188,target,mut_3a88b7a8d9a4
1.0,pathspec,pyjwt,120,0.0344,False,False,5000,0,189,target,mut_3ac3cf2072b8
1.0,pathspec,pyjwt,120,0.0737,False,False,5000,0,190,target,mut_3d3a5262de4b
1.0,pathspec,pyjwt,120,0.0639,False,False,5000,0,191,target,mut_3ff1e4e04ab9
1.0,pathspec,pyjwt,120,0.3745,False,False,5000,0,192,target,mut_4113d2e10736
1.0,pathspec,pyjwt,120,0.0512,False,False,5000,0,193,target,mut_42544b670025
1.0,pathspec,pyjwt,120,0.0779,False,False,5000,0,194,target,mut_437f7cc37d8d
1.0,pathspec,pyjwt,120,0.2299,False,False,5000,0,195,target,mut_43ec0ea9735a
1.0,pathspec,pyjwt,120,0.0525,False,False,5000,0,196,target,mut_43fb88911a37
1.0,pathspec,pyjwt,120,0.1895,False,False,5000,0,197,target,mut_444f60463623
1.0,pathspec,pyjwt,120,0.0762,False,False,5000,0,198,target,mut_456cfa26be64
1.0,pathspec,pyjwt,120,0.2249,False,False,5000,0,199,target,mut_463aa218c002
1.0,pathspec,pyjwt,120,0.2726,False,False,5000,0,200,target,mut_478a55ca2b09
1.0,pathspec,pyjwt,120,0.0594,False,False,5000,0,201,target,mut_4af46cbbaec7
1.0,pathspec,pyjwt,120,0.1022,False,False,5000,0,202,target,mut_4b3bb8874283
1.0,pathspec,pyjwt,120,0.391,False,False,5000,0,203,target,mut_4c0b49a434ba
1.0,pathspec,pyjwt,120,0.1097,False,False,5000,0,204,target,mut_4ccad6da159a
1.0,pathspec,pyjwt,120,0.1011,False,False,5000,0,205,target,mut_50e475c36c0a
1.0,pathspec,pyjwt,120,0.0576,False,False,5000,0,206,target,mut_50ed11f612cc
1.0,pathspec,pyjwt,120,0.0424,False,False,5000,0,207,target,mut_51e85f42c905
1.0,pathspec,pyjwt,120,0.0566,False,False,5000,0,208,target,mut_526a13aa0926
1.0,pathspec,pyjwt,120,0.0441,False,False,5000,0,209,target,mut_52ab84aad0d4
1.0,pathspec,pyjwt,120,0.0562,False,False,5000,0,210,target,mut_52fe5bac9a7a
1.0,pathspec,pyjwt,120,0.0545,False,False,5000,0,211,target,mut_545f16e5b3df
1.0,pathspec,pyjwt,120,0.0714,False,False,5000,0,212,target,mut_547f6fbbcbe2
1.0,pathspec,pyjwt,120,0.0616,False,False,5000,0,213,target,mut_54fa426f5858
1.0,pathspec,pyjwt,120,0.0959,False,False,5000,0,214,target,mut_592ce5f61ca7
1.0,pathspec,pyjwt,120,0.0635,False,False,5000,0,215,target,mut_5a0d26c058d4
1.0,pathspec,pyjwt,120,0.0778,False,False,5000,0,216,target,mut_5b3f2d9cbf03
1.0,pathspec,pyjwt,120,0.0387,False,False,5000,0,217,target,mut_5c64ff199ac5
1.0,pathspec,pyjwt,120,0.2376,False,False,5000,0,218,target,mut_5f51c0f4a848
1.0,pathspec,pyjwt,120,0.0766,False,False,5000,0,219,target,mut_6049d17f369e
1.0,pathspec,pyjwt,120,0.072,False,False,5000,0,220,target,mut_60552fac6908
1.0,pathspec,pyjwt,120,0.0394,False,False,5000,0,221,target,mut_60d6f3cf3948
1.0,pathspec,pyjwt,120,0.079,False,False,5000,0,222,target,mut_615c8ed8414e
1.0,pathspec,pyjwt,120,0.0615,False,False,5000,0,223,target,mut_6210fdc74359
1.0,pathspec,pyjwt,120,0.0463,False,False,5000,0,224,target,mut_65dbbf1f1b00
1.0,pathspec,pyjwt,120,0.0516,False,False,5000,0,225,target,mut_67610408123d
1.0,pathspec,pyjwt,120,0.0493,False,False,5000,0,226,target,mut_6762e5978e41
1.0,pathspec,pyjwt,120,0.0564,False,False,5000,0,227,target,mut_68fb61939483
1.0,pathspec,pyjwt,120,0.3832,False,False,5000,0,228,target,mut_69f17ac7f4ff
1.0,pathspec,pyjwt,120,0.1009,False,False,5000,0,229,target,mut_6a6c014ca1f7
1.0,pathspec,pyjwt,120,0.0753,False,False,5000,0,230,target,mut_6a9275dcfc0a
1.0,pathspec,pyjwt,120,0.3729,False,False,5000,0,231,target,mut_6ad127f32aea
1.0,pathspec,pyjwt,120,0.0568,False,False,5000,0,232,target,mut_6b65c1606cb4
1.0,pathspec,pyjwt,120,0.0367,False,False,5000,0,233,target,mut_6b81d79c96be
1.0,pathspec,pyjwt,120,0.0734,False,False,5000,0,234,target,mut_6c291d41de8b
1.0,pathspec,pyjwt,120,0.3573,False,False,5000,0,235,target,mut_6d9b19e64534
1.0,pathspec,pyjwt,120,0.0373,False,False,5000,0,236,target,mut_6db4ac6d9443
1.0,pathspec,pyjwt,120,0.0674,False,False,5000,0,237,target,mut_713de7973bcf
1.0,pathspec,pyjwt,120,0.0722,False,False,5000,0,238,target,mut_73d581fb62eb
1.0,pathspec,pyjwt,120,0.2217,False,False,5000,0,239,target,mut_74f0ea6a5857
1.0,pyjwt,sqlparse,120,0.1089,False,False,5000,0,0,source,mut_20f7c2b61afd
1.0,pyjwt,sqlparse,120,0.1176,False,False,5000,0,1,source,mut_2166c6015c41
1.0,pyjwt,sqlparse,120,0.0433,False,False,5000,0,2,source,mut_216f50c9920d
1.0,pyjwt,sqlparse,120,0.1372,False,False,5000,0,3,source,mut_21a6decde87b
1.0,pyjwt,sqlparse,120,0.0325,False,False,5000,0,4,source,mut_24e294eb01da
1.0,pyjwt,sqlparse,120,0.0404,False,False,5000,0,5,source,mut_25bea34fda06
1.0,pyjwt,sqlparse,120,0.0325,False,False,5000,0,6,source,mut_2718bf1b9b0e
1.0,pyjwt,sqlparse,120,0.0611,False,False,5000,0,7,source,mut_27b09d8c7689
1.0,pyjwt,sqlparse,120,0.0405,False,False,5000,0,8,source,mut_28ce0d973d74
1.0,pyjwt,sqlparse,120,0.0524,False,False,5000,0,9,source,mut_295bafe67e4d
1.0,pyjwt,sqlparse,120,0.0972,False,False,5000,0,10,source,mut_29e99c2cf3ea
1.0,pyjwt,sqlparse,120,0.0816,False,False,5000,0,11,source,mut_29f508aa9ccf
1.0,pyjwt,sqlparse,120,0.1009,False,False,5000,0,12,source,mut_2a9c2a8eadc8
1.0,pyjwt,sqlparse,120,0.0339,False,False,5000,0,13,source,mut_2aa3b6acb4ea
1.0,pyjwt,sqlparse,120,0.0419,False,False,5000,0,14,source,mut_2ac852453414
1.0,pyjwt,sqlparse,120,0.0373,False,False,5000,0,15,source,mut_2c4f80427f9d
1.0,pyjwt,sqlparse,120,0.0354,False,False,5000,0,16,source,mut_2d948b208be0
1.0,pyjwt,sqlparse,120,0.0263,False,False,5000,0,17,source,mut_2e00b44926f6
1.0,pyjwt,sqlparse,120,0.047,False,False,5000,0,18,source,mut_2f4454f56e97
1.0,pyjwt,sqlparse,120,0.1172,False,False,5000,0,19,source,mut_309ac638becc
1.0,pyjwt,sqlparse,120,0.0319,False,False,5000,0,20,source,mut_30a78d5efe94
1.0,pyjwt,sqlparse,120,0.1529,False,False,5000,0,21,source,mut_30eaa795a680
1.0,pyjwt,sqlparse,120,0.0945,False,False,5000,0,22,source,mut_3139b2ad0144
1.0,pyjwt,sqlparse,120,0.1634,False,False,5000,0,23,source,mut_36d6b2eb1dd2
1.0,pyjwt,sqlparse,120,0.037,False,False,5000,0,24,source,mut_387d51aa0576
1.0,pyjwt,sqlparse,120,0.07,False,False,5000,0,25,source,mut_3932d965394a
1.0,pyjwt,sqlparse,120,0.0638,False,False,5000,0,26,source,mut_398678965686
1.0,pyjwt,sqlparse,120,0.0416,False,False,5000,0,27,source,mut_3a6d87727a82
1.0,pyjwt,sqlparse,120,0.047,False,False,5000,0,28,source,mut_3a88b7a8d9a4
1.0,pyjwt,sqlparse,120,0.0383,False,False,5000,0,29,source,mut_3ac3cf2072b8
1.0,pyjwt,sqlparse,120,0.058,False,False,5000,0,30,source,mut_3d3a5262de4b
1.0,pyjwt,sqlparse,120,0.0501,False,False,5000,0,31,source,mut_3ff1e4e04ab9
1.0,pyjwt,sqlparse,120,0.3751,False,False,5000,0,32,source,mut_4113d2e10736
1.0,pyjwt,sqlparse,120,0.0318,False,False,5000,0,33,source,mut_42544b670025
1.0,pyjwt,sqlparse,120,0.0729,False,False,5000,0,34,source,mut_437f7cc37d8d
1.0,pyjwt,sqlparse,120,0.072,False,False,5000,0,35,source,mut_43ec0ea9735a
1.0,pyjwt,sqlparse,120,0.0313,False,False,5000,0,36,source,mut_43fb88911a37
1.0,pyjwt,sqlparse,120,0.1686,False,False,5000,0,37,source,mut_444f60463623
1.0,pyjwt,sqlparse,120,0.0555,False,False,5000,0,38,source,mut_456cfa26be64
1.0,pyjwt,sqlparse,120,0.195,False,False,5000,0,39,source,mut_463aa218c002
1.0,pyjwt,sqlparse,120,0.1129,False,False,5000,0,40,source,mut_478a55ca2b09
1.0,pyjwt,sqlparse,120,0.0374,False,False,5000,0,41,source,mut_4af46cbbaec7
1.0,pyjwt,sqlparse,120,0.0832,False,False,5000,0,42,source,mut_4b3bb8874283
1.0,pyjwt,sqlparse,120,0.3851,False,False,5000,0,43,source,mut_4c0b49a434ba
1.0,pyjwt,sqlparse,120,0.1489,False,False,5000,0,44,source,mut_4ccad6da159a
1.0,pyjwt,sqlparse,120,0.1242,False,False,5000,0,45,source,mut_50e475c36c0a
1.0,pyjwt,sqlparse,120,0.0562,False,False,5000,0,46,source,mut_50ed11f612cc
1.0,pyjwt,sqlparse,120,0.0456,False,False,5000,0,47,source,mut_51e85f42c905
1.0,pyjwt,sqlparse,120,0.0347,False,False,5000,0,48,source,mut_526a13aa0926
1.0,pyjwt,sqlparse,120,0.0773,False,False,5000,0,49,source,mut_52ab84aad0d4
1.0,pyjwt,sqlparse,120,0.0812,False,False,5000,0,50,source,mut_52fe5bac9a7a
1.0,pyjwt,sqlparse,120,0.0563,False,False,5000,0,51,source,mut_545f16e5b3df
1.0,pyjwt,sqlparse,120,0.0487,False,False,5000,0,52,source,mut_547f6fbbcbe2
1.0,pyjwt,sqlparse,120,0.0394,False,False,5000,0,53,source,mut_54fa426f5858
1.0,pyjwt,sqlparse,120,0.123,False,False,5000,0,54,source,mut_592ce5f61ca7
1.0,pyjwt,sqlparse,120,0.0419,False,False,5000,0,55,source,mut_5a0d26c058d4
1.0,pyjwt,sqlparse,120,0.0578,False,False,5000,0,56,source,mut_5b3f2d9cbf03
1.0,pyjwt,sqlparse,120,0.0382,False,False,5000,0,57,source,mut_5c64ff199ac5
1.0,pyjwt,sqlparse,120,0.0707,False,False,5000,0,58,source,mut_5f51c0f4a848
1.0,pyjwt,sqlparse,120,0.0507,False,False,5000,0,59,source,mut_6049d17f369e
1.0,pyjwt,sqlparse,120,0.0511,False,False,5000,0,60,source,mut_60552fac6908
1.0,pyjwt,sqlparse,120,0.0432,False,False,5000,0,61,source,mut_60d6f3cf3948
1.0,pyjwt,sqlparse,120,0.0605,False,False,5000,0,62,source,mut_615c8ed8414e
1.0,pyjwt,sqlparse,120,0.0423,False,False,5000,0,63,source,mut_6210fdc74359
1.0,pyjwt,sqlparse,120,0.0236,False,False,5000,0,64,source,mut_65dbbf1f1b00
1.0,pyjwt,sqlparse,120,0.0318,False,False,5000,0,65,source,mut_67610408123d
1.0,pyjwt,sqlparse,120,0.0501,False,False,5000,0,66,source,mut_6762e5978e41
1.0,pyjwt,sqlparse,120,0.0396,False,False,5000,0,67,source,mut_68fb61939483
1.0,pyjwt,sqlparse,120,0.3802,False,False,5000,0,68,source,mut_69f17ac7f4ff
1.0,pyjwt,sqlparse,120,0.1199,False,False,5000,0,69,source,mut_6a6c014ca1f7
1.0,pyjwt,sqlparse,120,0.0503,False,False,5000,0,70,source,mut_6a9275dcfc0a
1.0,pyjwt,sqlparse,120,0.372,False,False,5000,0,71,source,mut_6ad127f32aea
1.0,pyjwt,sqlparse,120,0.0573,False,False,5000,0,72,source,mut_6b65c1606cb4
1.0,pyjwt,sqlparse,120,0.0493,False,False,5000,0,73,source,mut_6b81d79c96be
1.0,pyjwt,sqlparse,120,0.0694,False,False,5000,0,74,source,mut_6c291d41de8b
1.0,pyjwt,sqlparse,120,0.3625,False,False,5000,0,75,source,mut_6d9b19e64534
1.0,pyjwt,sqlparse,120,0.0377,False,False,5000,0,76,source,mut_6db4ac6d9443
1.0,pyjwt,sqlparse,120,0.0708,False,False,5000,0,77,source,mut_713de7973bcf
1.0,pyjwt,sqlparse,120,0.0849,False,False,5000,0,78,source,mut_73d581fb62eb
1.0,pyjwt,sqlparse,120,0.1892,False,False,5000,0,79,source,mut_74f0ea6a5857
1.0,pyjwt,sqlparse,120,0.0255,False,False,5000,0,80,source,mut_75132a62bc6b
1.0,pyjwt,sqlparse,120,0.0466,False,False,5000,0,81,source,mut_77cad84aef17
1.0,pyjwt,sqlparse,120,0.033,False,False,5000,0,82,source,mut_7ab1e2c4cebd
1.0,pyjwt,sqlparse,120,0.0329,False,False,5000,0,83,source,mut_7ba5c6c51536
1.0,pyjwt,sqlparse,120,0.0439,False,False,5000,0,84,source,mut_7d2a2aa2296a
1.0,pyjwt,sqlparse,120,0.0274,False,False,5000,0,85,source,mut_7e0fb79566f5
1.0,pyjwt,sqlparse,120,0.0471,False,False,5000,0,86,source,mut_7ebf5a9a32cb
1.0,pyjwt,sqlparse,120,0.1072,False,False,5000,0,87,source,mut_825caac7065c
1.0,pyjwt,sqlparse,120,0.0219,False,False,5000,0,88,source,mut_82b6143e3e38
1.0,pyjwt,sqlparse,120,0.0891,False,False,5000,0,89,source,mut_842476a54c3f
1.0,pyjwt,sqlparse,120,0.0371,False,False,5000,0,90,source,mut_84bb1fa4caa8
1.0,pyjwt,sqlparse,120,0.0352,False,False,5000,0,91,source,mut_8535affd9884
1.0,pyjwt,sqlparse,120,0.0491,False,False,5000,0,92,source,mut_8544af5217f4
1.0,pyjwt,sqlparse,120,0.1331,False,False,5000,0,93,source,mut_889d49387bb1
1.0,pyjwt,sqlparse,120,0.2355,False,False,5000,0,94,source,mut_8ac5a6f05c07
1.0,pyjwt,sqlparse,120,0.089,False,False,5000,0,95,source,mut_8ad55c5ff59b
1.0,pyjwt,sqlparse,120,0.0441,False,False,5000,0,96,source,mut_8bae8add8f41
1.0,pyjwt,sqlparse,120,0.0473,False,False,5000,0,97,source,mut_8c1456f5a50b
1.0,pyjwt,sqlparse,120,0.0326,False,False,5000,0,98,source,mut_8c14b909d83c
1.0,pyjwt,sqlparse,120,0.0586,False,False,5000,0,99,source,mut_8c43829c33f8
1.0,pyjwt,sqlparse,120,0.0326,False,False,5000,0,100,source,mut_8ce25f2179e0
1.0,pyjwt,sqlparse,120,0.0745,False,False,5000,0,101,source,mut_8ce3abb21a38
1.0,pyjwt,sqlparse,120,0.0476,False,False,5000,0,102,source,mut_8e964d5ee0a6
1.0,pyjwt,sqlparse,120,0.0453,False,False,5000,0,103,source,mut_8f1c5520f4e7
1.0,pyjwt,sqlparse,120,0.041,False,False,5000,0,104,source,mut_91754eb2d23a
1.0,pyjwt,sqlparse,120,0.0488,False,False,5000,0,105,source,mut_94902348009a
1.0,pyjwt,sqlparse,120,0.3634,False,False,5000,0,106,source,mut_94d69deb5717
1.0,pyjwt,sqlparse,120,0.0376,False,False,5000,0,107,source,mut_9513cd281e72
1.0,pyjwt,sqlparse,120,0.0406,False,False,5000,0,108,source,mut_95b9f7b65bf2
1.0,pyjwt,sqlparse,120,0.0436,False,False,5000,0,109,source,mut_96598a40aa63
1.0,pyjwt,sqlparse,120,0.0213,False,False,5000,0,110,source,mut_9833817576ef
1.0,pyjwt,sqlparse,120,0.038,False,False,5000,0,111,source,mut_98758a682aa5
1.0,pyjwt,sqlparse,120,0.1151,False,False,5000,0,112,source,mut_99241348fde0
1.0,pyjwt,sqlparse,120,0.043,False,False,5000,0,113,source,mut_99b158ff3585
1.0,pyjwt,sqlparse,120,0.0445,False,False,5000,0,114,source,mut_99e45368bcbd
1.0,pyjwt,sqlparse,120,0.0328,False,False,5000,0,115,source,mut_9a4cd53ededa
1.0,pyjwt,sqlparse,120,0.0328,False,False,5000,0,116,source,mut_9aa4552580b1
1.0,pyjwt,sqlparse,120,0.0807,False,False,5000,0,117,source,mut_9b272810af03
1.0,pyjwt,sqlparse,120,0.0374,False,False,5000,0,118,source,mut_9d3f3dd7d526
1.0,pyjwt,sqlparse,120,0.0666,False,False,5000,0,119,source,mut_a101ac9aae77
1.0,pyjwt,sqlparse,120,0.0952,False,False,5000,0,120,target,mut_00ed85e60cd9
1.0,pyjwt,sqlparse,120,0.2308,False,False,5000,0,121,target,mut_01607a748050
1.0,pyjwt,sqlparse,120,0.3663,False,False,5000,0,122,target,mut_0224f619e35c
1.0,pyjwt,sqlparse,120,0.1247,False,False,5000,0,123,target,mut_026a10020b80
1.0,pyjwt,sqlparse,120,0.0859,False,False,5000,0,124,target,mut_03ee991cbb0a
1.0,pyjwt,sqlparse,120,0.1793,False,False,5000,0,125,target,mut_041c3482e05a
1.0,pyjwt,sqlparse,120,0.2333,False,False,5000,0,126,target,mut_0519ce964748
1.0,pyjwt,sqlparse,120,0.2266,False,False,5000,0,127,target,mut_05241599fa24
1.0,pyjwt,sqlparse,120,0.0823,False,False,5000,0,128,target,mut_05c5864de93f
1.0,pyjwt,sqlparse,120,0.2354,False,False,5000,0,129,target,mut_0633703f54bb
1.0,pyjwt,sqlparse,120,0.0978,False,False,5000,0,130,target,mut_0703ff01c280
1.0,pyjwt,sqlparse,120,0.0948,False,False,5000,0,131,target,mut_074fa6a12d6a
1.0,pyjwt,sqlparse,120,0.1197,False,False,5000,0,132,target,mut_084ecf13d0c7
1.0,pyjwt,sqlparse,120,0.0951,False,False,5000,0,133,target,mut_08c357c96661
1.0,pyjwt,sqlparse,120,0.1278,False,False,5000,0,134,target,mut_08c54a4a1774
1.0,pyjwt,sqlparse,120,0.1183,False,False,5000,0,135,target,mut_09e56869c62d
1.0,pyjwt,sqlparse,120,0.0812,False,False,5000,0,136,target,mut_0c28fc59246d
1.0,pyjwt,sqlparse,120,0.2484,True,True,5000,1,137,target,mut_0e6f69bff32e
1.0,pyjwt,sqlparse,120,0.1153,False,False,5000,1,138,target,mut_0ea074976f45
1.0,pyjwt,sqlparse,120,0.6757,False,False,5000,1,139,target,mut_0f6ab9f1dc53
1.0,pyjwt,sqlparse,120,0.1761,False,False,5000,1,140,target,mut_1110d9c4f3a2
1.0,pyjwt,sqlparse,120,0.3585,False,False,5000,1,141,target,mut_15da8a97f30d
1.0,pyjwt,sqlparse,120,0.1439,False,False,5000,1,142,target,mut_16d5526bba24
1.0,pyjwt,sqlparse,120,0.3603,True,True,5000,2,143,target,mut_1826940fb670
1.0,pyjwt,sqlparse,120,0.0313,False,False,5000,2,144,target,mut_18a327df7dd5
1.0,pyjwt,sqlparse,120,0.0377,False,False,5000,2,145,target,mut_1a27e32fb0d9
1.0,pyjwt,sqlparse,120,0.0558,False,False,5000,2,146,target,mut_1b410076d159
1.0,pyjwt,sqlparse,120,0.0313,False,False,5000,2,147,target,mut_1c741b52e4cc
1.0,pyjwt,sqlparse,120,0.6312,False,False,5000,2,148,target,mut_1d2a4ebddef7
1.0,pyjwt,sqlparse,120,0.1944,False,False,5000,2,149,target,mut_1dd1bf505ee1
1.0,pyjwt,sqlparse,120,0.0507,False,False,5000,2,150,target,mut_1e9e58f92d3c
1.0,pyjwt,sqlparse,120,0.2984,True,True,5000,3,151,target,mut_1f2e7bf62587
1.0,pyjwt,sqlparse,120,0.0724,False,False,5000,3,152,target,mut_1fc0cbcda288
1.0,pyjwt,sqlparse,120,0.237,False,False,5000,3,153,target,mut_20eac5499782
1.0,pyjwt,sqlparse,120,0.0642,False,False,5000,3,154,target,mut_21429cd0b260
1.0,pyjwt,sqlparse,120,0.0927,False,False,5000,3,155,target,mut_217742f515df
1.0,pyjwt,sqlparse,120,0.1858,False,False,5000,3,156,target,mut_222d4967b863
1.0,pyjwt,sqlparse,120,0.5116,False,False,5000,3,157,target,mut_24e95de47642
1.0,pyjwt,sqlparse,120,0.6364,True,True,5000,4,158,target,mut_261a4ab9ed4c
1.0,pyjwt,sqlparse,120,0.6413,False,False,5000,4,159,target,mut_2634fd95f118
1.0,pyjwt,sqlparse,120,0.4471,False,False,5000,4,160,target,mut_274b3f00345f
1.0,pyjwt,sqlparse,120,0.471,False,False,5000,4,161,target,mut_295c7ad3071a
1.0,pyjwt,sqlparse,120,0.4793,False,False,5000,4,162,target,mut_2a17d702d436
1.0,pyjwt,sqlparse,120,0.4533,False,False,5000,4,163,target,mut_2c129f4e9211
1.0,pyjwt,sqlparse,120,0.4492,False,False,5000,4,164,target,mut_2c2f66af1cfb
1.0,pyjwt,sqlparse,120,0.6013,False,False,5000,4,165,target,mut_2cbae98e3519
1.0,pyjwt,sqlparse,120,0.4525,False,False,5000,4,166,target,mut_2cdbaf08089d
1.0,pyjwt,sqlparse,120,0.5776,False,False,5000,4,167,target,mut_2dee09d62d9d
1.0,pyjwt,sqlparse,120,0.4077,False,False,5000,4,168,target,mut_30086f4982b4
1.0,pyjwt,sqlparse,120,0.4383,False,False,5000,4,169,target,mut_30eea9b5f492
1.0,pyjwt,sqlparse,120,0.4331,False,False,5000,4,170,target,mut_30eec3bb4d68
1.0,pyjwt,sqlparse,120,0.4556,False,False,5000,4,171,target,mut_324c4b0e3c39
1.0,pyjwt,sqlparse,120,0.4516,False,False,5000,4,172,target,mut_33c0984d9374
1.0,pyjwt,sqlparse,120,0.436,False,False,5000,4,173,target,mut_347bd9f817e9
1.0,pyjwt,sqlparse,120,0.4626,False,False,5000,4,174,target,mut_3607818929cb
1.0,pyjwt,sqlparse,120,0.4271,False,False,5000,4,175,target,mut_362a64bf5afe
1.0,pyjwt,sqlparse,120,0.4353,False,False,5000,4,176,target,mut_3729fae7806f
1.0,pyjwt,sqlparse,120,0.4328,False,False,5000,4,177,target,mut_37cb2031b486
1.0,pyjwt,sqlparse,120,0.4452,False,False,5000,4,178,target,mut_38183bd2c1ed
1.0,pyjwt,sqlparse,120,0.6186,False,False,5000,4,179,target,mut_38763383d7b0
1.0,pyjwt,sqlparse,120,0.4103,False,False,5000,4,180,target,mut_3955a686c91d
1.0,pyjwt,sqlparse,120,0.4263,False,False,5000,4,181,target,mut_3989cb53b832
1.0,pyjwt,sqlparse,120,0.4118,False,False,5000,4,182,target,mut_39975d92d790
1.0,pyjwt,sqlparse,120,0.4135,False,False,5000,4,183,target,mut_3a92baf97f66
1.0,pyjwt,sqlparse,120,0.4212,False,False,5000,4,184,target,mut_3b88002f0733
1.0,pyjwt,sqlparse,120,0.4179,False,False,5000,4,185,target,mut_3d58a54aa20f
1.0,pyjwt,sqlparse,120,0.4419,False,False,5000,4,186,target,mut_3e04b14de979
1.0,pyjwt,sqlparse,120,0.2139,False,False,5000,4,187,target,mut_3ffd50b21960
1.0,pyjwt,sqlparse,120,0.4272,False,False,5000,4,188,target,mut_407eb9486001
1.0,pyjwt,sqlparse,120,0.4517,False,False,5000,4,189,target,mut_4324b71a987c
1.0,pyjwt,sqlparse,120,0.5924,False,False,5000,4,190,target,mut_434d19a26cdb
1.0,pyjwt,sqlparse,120,0.4532,False,False,5000,4,191,target,mut_43695e7c2f7b
1.0,pyjwt,sqlparse,120,0.4497,False,False,5000,4,192,target,mut_437302185cb1
1.0,pyjwt,sqlparse,120,0.3684,False,False,5000,4,193,target,mut_463c594b3f76
1.0,pyjwt,sqlparse,120,0.4475,False,False,5000,4,194,target,mut_48baccea58f0
1.0,pyjwt,sqlparse,120,0.6412,False,False,5000,4,195,target,mut_48fde9d2deea
1.0,pyjwt,sqlparse,120,0.4592,False,False,5000,4,196,target,mut_4b13ccc70742
1.0,pyjwt,sqlparse,120,0.456,False,False,5000,4,197,target,mut_4c09085f2073
1.0,pyjwt,sqlparse,120,0.4652,False,False,5000,4,198,target,mut_4c4e6b8ce530
1.0,pyjwt,sqlparse,120,0.4697,False,False,5000,4,199,target,mut_4ddc4cbd929b
1.0,pyjwt,sqlparse,120,0.4445,False,False,5000,4,200,target,mut_4ec1d7e52659
1.0,pyjwt,sqlparse,120,0.6436,False,False,5000,4,201,target,mut_4fea0ea939d2
1.0,pyjwt,sqlparse,120,0.6441,False,False,5000,4,202,target,mut_5058b98fc3dc
1.0,pyjwt,sqlparse,120,0.4542,False,False,5000,4,203,target,mut_50aabc4b5a25
1.0,pyjwt,sqlparse,120,0.6317,False,False,5000,4,204,target,mut_513085300da3
1.0,pyjwt,sqlparse,120,0.4504,False,False,5000,4,205,target,mut_515b7e3ac580
1.0,pyjwt,sqlparse,120,0.4286,False,False,5000,4,206,target,mut_51d953d55d3a
1.0,pyjwt,sqlparse,120,0.2131,False,False,5000,4,207,target,mut_563fc775221b
1.0,pyjwt,sqlparse,120,0.4533,False,False,5000,4,208,target,mut_565c4e576970
1.0,pyjwt,sqlparse,120,0.4614,False,False,5000,4,209,target,mut_577d92322485
1.0,pyjwt,sqlparse,120,0.6236,False,False,5000,4,210,target,mut_598fea02071b
1.0,pyjwt,sqlparse,120,0.443,False,False,5000,4,211,target,mut_59ad839eb361
1.0,pyjwt,sqlparse,120,0.4426,False,False,5000,4,212,target,mut_59d5612d680e
1.0,pyjwt,sqlparse,120,0.462,False,False,5000,4,213,target,mut_5a1265cdd7fd
1.0,pyjwt,sqlparse,120,0.4493,False,False,5000,4,214,target,mut_5a226ce8e9a0
1.0,pyjwt,sqlparse,120,0.4402,False,False,5000,4,215,target,mut_5c4e9febc1b4
1.0,pyjwt,sqlparse,120,0.4871,False,False,5000,4,216,target,mut_5c5dd82adb4a
1.0,pyjwt,sqlparse,120,0.4412,False,False,5000,4,217,target,mut_5c709acf8a71
1.0,pyjwt,sqlparse,120,0.4387,False,False,5000,4,218,target,mut_5c83645a4b40
1.0,pyjwt,sqlparse,120,0.2155,False,False,5000,4,219,target,mut_5ca66cf5e21c
1.0,pyjwt,sqlparse,120,0.4472,False,False,5000,4,220,target,mut_5e1e3f22ddce
1.0,pyjwt,sqlparse,120,0.4639,False,False,5000,4,221,target,mut_5e911c243c0e
1.0,pyjwt,sqlparse,120,0.4747,False,False,5000,4,222,target,mut_5f9ee10badbd
1.0,pyjwt,sqlparse,120,0.6517,False,False,5000,4,223,target,mut_603659d3c40d
1.0,pyjwt,sqlparse,120,0.5636,False,False,5000,4,224,target,mut_628c76f5d806
1.0,pyjwt,sqlparse,120,0.4532,False,False,5000,4,225,target,mut_683a907522ac
1.0,pyjwt,sqlparse,120,0.4532,False,False,5000,4,226,target,mut_68be773b8e4f
1.0,pyjwt,sqlparse,120,0.44,False,False,5000,4,227,target,mut_6a213918b9c2
1.0,pyjwt,sqlparse,120,0.4415,False,False,5000,4,228,target,mut_6e3d6f48ed29
1.0,pyjwt,sqlparse,120,0.4368,False,False,5000,4,229,target,mut_6e5ae450d2f4
1.0,pyjwt,sqlparse,120,0.4228,False,False,5000,4,230,target,mut_6f68b59e3602
1.0,pyjwt,sqlparse,120,0.4186,False,False,5000,4,231,target,mut_70e6e6870886
1.0,pyjwt,sqlparse,120,0.423,False,False,5000,4,232,target,mut_7180d183cdb2
1.0,pyjwt,sqlparse,120,0.4195,False,False,5000,4,233,target,mut_71b88b2cf7de
1.0,pyjwt,sqlparse,120,0.4737,False,False,5000,4,234,target,mut_71f61f9f2540
1.0,pyjwt,sqlparse,120,0.4171,False,False,5000,4,235,target,mut_731cab0bcb1e
1.0,pyjwt,sqlparse,120,0.5569,False,False,5000,4,236,target,mut_754d4bc16c13
1.0,pyjwt,sqlparse,120,0.424,False,False,5000,4,237,target,mut_76df77b21013
1.0,pyjwt,sqlparse,120,0.4202,False,False,5000,4,238,target,mut_779fd8ca5ea2
1.0,pyjwt,sqlparse,120,0.2122,False,False,5000,4,239,target,mut_78f391f3ae79
1.0,sqlparse,tabulate,120,0.046,False,False,5000,0,0,source,mut_274b3f00345f
1.0,sqlparse,tabulate,120,0.0639,False,False,5000,0,1,source,mut_295c7ad3071a
1.0,sqlparse,tabulate,120,0.0941,False,False,5000,0,2,source,mut_2a17d702d436
1.0,sqlparse,tabulate,120,0.0431,False,False,5000,0,3,source,mut_2c129f4e9211
1.0,sqlparse,tabulate,120,0.0295,False,False,5000,0,4,source,mut_2c2f66af1cfb
1.0,sqlparse,tabulate,120,0.1604,False,False,5000,0,5,source,mut_2cbae98e3519
1.0,sqlparse,tabulate,120,0.0947,False,False,5000,0,6,source,mut_2cdbaf08089d
1.0,sqlparse,tabulate,120,0.1892,False,False,5000,0,7,source,mut_2dee09d62d9d
1.0,sqlparse,tabulate,120,0.4425,False,False,5000,0,8,source,mut_30086f4982b4
1.0,sqlparse,tabulate,120,0.042,False,False,5000,0,9,source,mut_30eea9b5f492
1.0,sqlparse,tabulate,120,0.0314,False,False,5000,0,10,source,mut_30eec3bb4d68
1.0,sqlparse,tabulate,120,0.067,False,False,5000,0,11,source,mut_324c4b0e3c39
1.0,sqlparse,tabulate,120,0.0578,False,False,5000,0,12,source,mut_33c0984d9374
1.0,sqlparse,tabulate,120,0.0418,False,False,5000,0,13,source,mut_347bd9f817e9
1.0,sqlparse,tabulate,120,0.0525,False,False,5000,0,14,source,mut_3607818929cb
1.0,sqlparse,tabulate,120,0.0425,False,False,5000,0,15,source,mut_362a64bf5afe
1.0,sqlparse,tabulate,120,0.0508,False,False,5000,0,16,source,mut_3729fae7806f
1.0,sqlparse,tabulate,120,0.0528,False,False,5000,0,17,source,mut_37cb2031b486
1.0,sqlparse,tabulate,120,0.0417,False,False,5000,0,18,source,mut_38183bd2c1ed
1.0,sqlparse,tabulate,120,0.0652,False,False,5000,0,19,source,mut_38763383d7b0
1.0,sqlparse,tabulate,120,0.0444,False,False,5000,0,20,source,mut_3955a686c91d
1.0,sqlparse,tabulate,120,0.0436,False,False,5000,0,21,source,mut_3989cb53b832
1.0,sqlparse,tabulate,120,0.1989,False,False,5000,0,22,source,mut_39975d92d790
1.0,sqlparse,tabulate,120,0.0316,False,False,5000,0,23,source,mut_3a92baf97f66
1.0,sqlparse,tabulate,120,0.056,False,False,5000,0,24,source,mut_3b88002f0733
1.0,sqlparse,tabulate,120,0.0411,False,False,5000,0,25,source,mut_3d58a54aa20f
1.0,sqlparse,tabulate,120,0.0427,False,False,5000,0,26,source,mut_3e04b14de979
1.0,sqlparse,tabulate,120,0.71,True,True,5000,1,27,source,mut_3ffd50b21960
1.0,sqlparse,tabulate,120,0.189,False,False,5000,1,28,source,mut_407eb9486001
1.0,sqlparse,tabulate,120,0.027,False,False,5000,1,29,source,mut_4324b71a987c
1.0,sqlparse,tabulate,120,0.0323,False,False,5000,1,30,source,mut_434d19a26cdb
1.0,sqlparse,tabulate,120,0.5887,False,False,5000,1,31,source,mut_43695e7c2f7b
1.0,sqlparse,tabulate,120,0.0254,False,False,5000,1,32,source,mut_437302185cb1
1.0,sqlparse,tabulate,120,0.6358,False,False,5000,1,33,source,mut_463c594b3f76
1.0,sqlparse,tabulate,120,0.0255,False,False,5000,1,34,source,mut_48baccea58f0
1.0,sqlparse,tabulate,120,0.0429,False,False,5000,1,35,source,mut_48fde9d2deea
1.0,sqlparse,tabulate,120,0.034,False,False,5000,1,36,source,mut_4b13ccc70742
1.0,sqlparse,tabulate,120,0.4983,False,False,5000,1,37,source,mut_4c09085f2073
1.0,sqlparse,tabulate,120,0.0283,False,False,5000,1,38,source,mut_4c4e6b8ce530
1.0,sqlparse,tabulate,120,0.0356,False,False,5000,1,39,source,mut_4ddc4cbd929b
1.0,sqlparse,tabulate,120,0.0469,False,False,5000,1,40,source,mut_4ec1d7e52659
1.0,sqlparse,tabulate,120,0.6453,False,False,5000,1,41,source,mut_4fea0ea939d2
1.0,sqlparse,tabulate,120,0.6465,False,False,5000,1,42,source,mut_5058b98fc3dc
1.0,sqlparse,tabulate,120,0.0423,False,False,5000,1,43,source,mut_50aabc4b5a25
1.0,sqlparse,tabulate,120,0.1017,False,False,5000,1,44,source,mut_513085300da3
1.0,sqlparse,tabulate,120,0.3513,False,False,5000,1,45,source,mut_515b7e3ac580
1.0,sqlparse,tabulate,120,0.0586,False,False,5000,1,46,source,mut_51d953d55d3a
1.0,sqlparse,tabulate,120,0.6683,True,True,5000,2,47,source,mut_563fc775221b
1.0,sqlparse,tabulate,120,0.3823,False,False,5000,2,48,source,mut_565c4e576970
1.0,sqlparse,tabulate,120,0.0941,False,False,5000,2,49,source,mut_577d92322485
1.0,sqlparse,tabulate,120,0.6002,False,False,5000,2,50,source,mut_598fea02071b
1.0,sqlparse,tabulate,120,0.0447,False,False,5000,2,51,source,mut_59ad839eb361
1.0,sqlparse,tabulate,120,0.0534,False,False,5000,2,52,source,mut_59d5612d680e
1.0,sqlparse,tabulate,120,0.3689,False,False,5000,2,53,source,mut_5a1265cdd7fd
1.0,sqlparse,tabulate,120,0.3657,False,False,5000,2,54,source,mut_5a226ce8e9a0
1.0,sqlparse,tabulate,120,0.0527,False,False,5000,2,55,source,mut_5c4e9febc1b4
1.0,sqlparse,tabulate,120,0.2237,False,False,5000,2,56,source,mut_5c5dd82adb4a
1.0,sqlparse,tabulate,120,0.094,False,False,5000,2,57,source,mut_5c709acf8a71
1.0,sqlparse,tabulate,120,0.3845,False,False,5000,2,58,source,mut_5c83645a4b40
1.0,sqlparse,tabulate,120,0.1598,False,False,5000,2,59,source,mut_5ca66cf5e21c
1.0,sqlparse,tabulate,120,0.0477,False,False,5000,2,60,source,mut_5e1e3f22ddce
1.0,sqlparse,tabulate,120,0.3946,False,False,5000,2,61,source,mut_5e911c243c0e
1.0,sqlparse,tabulate,120,0.3763,False,False,5000,2,62,source,mut_5f9ee10badbd
1.0,sqlparse,tabulate,120,0.6258,False,False,5000,2,63,source,mut_603659d3c40d
1.0,sqlparse,tabulate,120,0.2925,False,False,5000,2,64,source,mut_628c76f5d806
1.0,sqlparse,tabulate,120,0.3762,False,False,5000,2,65,source,mut_683a907522ac
1.0,sqlparse,tabulate,120,0.374,False,False,5000,2,66,source,mut_68be773b8e4f
1.0,sqlparse,tabulate,120,0.1268,False,False,5000,2,67,source,mut_6a213918b9c2
1.0,sqlparse,tabulate,120,0.3746,False,False,5000,2,68,source,mut_6e3d6f48ed29
1.0,sqlparse,tabulate,120,0.1318,False,False,5000,2,69,source,mut_6e5ae450d2f4
1.0,sqlparse,tabulate,120,0.3727,False,False,5000,2,70,source,mut_6f68b59e3602
1.0,sqlparse,tabulate,120,0.3808,False,False,5000,2,71,source,mut_70e6e6870886
1.0,sqlparse,tabulate,120,0.5719,False,False,5000,2,72,source,mut_7180d183cdb2
1.0,sqlparse,tabulate,120,0.378,False,False,5000,2,73,source,mut_71b88b2cf7de
1.0,sqlparse,tabulate,120,0.1461,False,False,5000,2,74,source,mut_71f61f9f2540
1.0,sqlparse,tabulate,120,0.0459,False,False,5000,2,75,source,mut_731cab0bcb1e
1.0,sqlparse,tabulate,120,0.5426,False,False,5000,2,76,source,mut_754d4bc16c13
1.0,sqlparse,tabulate,120,0.2937,False,False,5000,2,77,source,mut_76df77b21013
1.0,sqlparse,tabulate,120,0.3725,False,False,5000,2,78,source,mut_779fd8ca5ea2
1.0,sqlparse,tabulate,120,0.164,False,False,5000,2,79,source,mut_78f391f3ae79
1.0,sqlparse,tabulate,120,0.3783,False,False,5000,2,80,source,mut_7a80661c2bdf
1.0,sqlparse,tabulate,120,0.2959,False,False,5000,2,81,source,mut_7ac454133642
1.0,sqlparse,tabulate,120,0.6092,False,False,5000,2,82,source,mut_7f1ddc9250cb
1.0,sqlparse,tabulate,120,0.0451,False,False,5000,2,83,source,mut_806afac0611b
1.0,sqlparse,tabulate,120,0.0938,False,False,5000,2,84,source,mut_807d8e804bf8
1.0,sqlparse,tabulate,120,0.3747,False,False,5000,2,85,source,mut_81b0f720b4ad
1.0,sqlparse,tabulate,120,0.0443,False,False,5000,2,86,source,mut_857cd34d9508
1.0,sqlparse,tabulate,120,0.4475,False,False,5000,2,87,source,mut_859de364d4a7
1.0,sqlparse,tabulate,120,0.4179,False,False,5000,2,88,source,mut_8732d5380027
1.0,sqlparse,tabulate,120,0.568,False,False,5000,2,89,source,mut_8a5d75cb4aec
1.0,sqlparse,tabulate,120,0.301,False,False,5000,2,90,source,mut_8afc8711c974
1.0,sqlparse,tabulate,120,0.0498,False,False,5000,2,91,source,mut_8afcbc176f7c
1.0,sqlparse,tabulate,120,0.6177,False,False,5000,2,92,source,mut_8bb6b81c5c05
1.0,sqlparse,tabulate,120,0.5476,False,False,5000,2,93,source,mut_8dec537426f2
1.0,sqlparse,tabulate,120,0.0661,False,False,5000,2,94,source,mut_8eb2650ff656
1.0,sqlparse,tabulate,120,0.6226,False,False,5000,2,95,source,mut_908604a45c2c
1.0,sqlparse,tabulate,120,0.2021,False,False,5000,2,96,source,mut_90c65e06e91d
1.0,sqlparse,tabulate,120,0.3864,False,False,5000,2,97,source,mut_930916d9cada
1.0,sqlparse,tabulate,120,0.1037,False,False,5000,2,98,source,mut_9399d7fed319
1.0,sqlparse,tabulate,120,0.6497,False,False,5000,2,99,source,mut_95b57bdb8e06
1.0,sqlparse,tabulate,120,0.1156,False,False,5000,2,100,source,mut_95f34860eb42
1.0,sqlparse,tabulate,120,0.5963,False,False,5000,2,101,source,mut_982ebface207
1.0,sqlparse,tabulate,120,0.3775,False,False,5000,2,102,source,mut_99b614a17041
1.0,sqlparse,tabulate,120,0.3747,False,False,5000,2,103,source,mut_99bbe3921446
1.0,sqlparse,tabulate,120,0.1478,False,False,5000,2,104,source,mut_9b3ec648417a
1.0,sqlparse,tabulate,120,0.3082,False,False,5000,2,105,source,mut_9bf67af918bd
1.0,sqlparse,tabulate,120,0.3719,False,False,5000,2,106,source,mut_9c15331910a5
1.0,sqlparse,tabulate,120,0.2269,False,False,5000,2,107,source,mut_9c99d9603470
1.0,sqlparse,tabulate,120,0.3964,False,False,5000,2,108,source,mut_9d8e6cc0069c
1.0,sqlparse,tabulate,120,0.6213,False,False,5000,2,109,source,mut_9f9228b8c4ec
1.0,sqlparse,tabulate,120,0.6322,False,False,5000,2,110,source,mut_a0e430d2e24c
1.0,sqlparse,tabulate,120,0.1257,False,False,5000,2,111,source,mut_a16d02f2dc00
1.0,sqlparse,tabulate,120,0.3477,False,False,5000,2,112,source,mut_a1f58669a52a
1.0,sqlparse,tabulate,120,0.5933,False,False,5000,2,113,source,mut_a21f60a5d0a2
1.0,sqlparse,tabulate,120,0.1122,False,False,5000,2,114,source,mut_a69c8d55276b
1.0,sqlparse,tabulate,120,0.3563,False,False,5000,2,115,source,mut_a8bedd912dd0
1.0,sqlparse,tabulate,120,0.046,False,False,5000,2,116,source,mut_a949d8b1dc85
1.0,sqlparse,tabulate,120,0.3568,False,False,5000,2,117,source,mut_aa28b02f08d0
1.0,sqlparse,tabulate,120,0.6056,False,False,5000,2,118,source,mut_aa2b8a0635bf
1.0,sqlparse,tabulate,120,0.5941,False,False,5000,2,119,source,mut_aaeb7748441b
1.0,sqlparse,tabulate,120,0.7244,False,False,5000,2,120,target,mut_01ff1dcdaf8f
1.0,sqlparse,tabulate,120,0.244,False,False,5000,2,121,target,mut_030f8643f53d
1.0,sqlparse,tabulate,120,0.2313,False,False,5000,2,122,target,mut_0418ca7582e6
1.0,sqlparse,tabulate,120,0.2313,False,False,5000,2,123,target,mut_064986125f71
1.0,sqlparse,tabulate,120,0.2586,False,False,5000,2,124,target,mut_080e4fcfb8a7
1.0,sqlparse,tabulate,120,0.2518,False,False,5000,2,125,target,mut_085d658cb5db
1.0,sqlparse,tabulate,120,0.0999,False,False,5000,2,126,target,mut_099834607006
1.0,sqlparse,tabulate,120,0.1255,False,False,5000,2,127,target,mut_0a099168b515
1.0,sqlparse,tabulate,120,0.0876,False,False,5000,2,128,target,mut_0e0deaefa0bc
1.0,sqlparse,tabulate,120,0.1123,False,False,5000,2,129,target,mut_0f07e7c4eca1
1.0,sqlparse,tabulate,120,0.0973,False,False,5000,2,130,target,mut_0f5523b9c786
1.0,sqlparse,tabulate,120,0.0624,False,False,5000,2,131,target,mut_0f846223248f
1.0,sqlparse,tabulate,120,0.0578,False,False,5000,2,132,target,mut_10790f95463d
1.0,sqlparse,tabulate,120,0.0604,False,False,5000,2,133,target,mut_10a084bd1391
1.0,sqlparse,tabulate,120,0.0894,False,False,5000,2,134,target,mut_1330de122069
1.0,sqlparse,tabulate,120,0.1158,False,False,5000,2,135,target,mut_13e43bd30215
1.0,sqlparse,tabulate,120,0.0856,False,False,5000,2,136,target,mut_14b738b2f366
1.0,sqlparse,tabulate,120,0.1716,False,False,5000,2,137,target,mut_16107d20d4f6
1.0,sqlparse,tabulate,120,0.078,False,False,5000,2,138,target,mut_180689350b61
1.0,sqlparse,tabulate,120,0.0768,False,False,5000,2,139,target,mut_1869f40a11fe
1.0,sqlparse,tabulate,120,0.1245,False,False,5000,2,140,target,mut_18772feacc7e
1.0,sqlparse,tabulate,120,0.0583,False,False,5000,2,141,target,mut_1bda071a6f7d
1.0,sqlparse,tabulate,120,0.0648,False,False,5000,2,142,target,mut_1cadb3e755b1
1.0,sqlparse,tabulate,120,0.0746,False,False,5000,2,143,target,mut_1e27d8008c13
1.0,sqlparse,tabulate,120,0.0805,False,False,5000,2,144,target,mut_242a460375e2
1.0,sqlparse,tabulate,120,0.0701,False,False,5000,2,145,target,mut_2648b8dfc8ed
1.0,sqlparse,tabulate,120,0.0765,False,False,5000,2,146,target,mut_284c0fbe9e56
1.0,sqlparse,tabulate,120,0.0855,False,False,5000,2,147,target,mut_28b6393a4993
1.0,sqlparse,tabulate,120,0.3442,False,False,5000,2,148,target,mut_2939aef51aa6
1.0,sqlparse,tabulate,120,0.5908,False,False,5000,2,149,target,mut_2979613d9f2b
1.0,sqlparse,tabulate,120,0.1053,False,False,5000,2,150,target,mut_298287932461
1.0,sqlparse,tabulate,120,0.0562,False,False,5000,2,151,target,mut_2a5743e6e9db
1.0,sqlparse,tabulate,120,0.0659,False,False,5000,2,152,target,mut_2b05b1e50571
1.0,sqlparse,tabulate,120,0.0588,False,False,5000,2,153,target,mut_2c3cc24849a0
1.0,sqlparse,tabulate,120,0.0625,False,False,5000,2,154,target,mut_2d8272190c42
1.0,sqlparse,tabulate,120,0.0628,False,False,5000,2,155,target,mut_2f34020fb58d
1.0,sqlparse,tabulate,120,0.0758,False,False,5000,2,156,target,mut_2fda078ae429
1.0,sqlparse,tabulate,120,0.0683,False,False,5000,2,157,target,mut_3174687b1191
1.0,sqlparse,tabulate,120,0.0708,False,False,5000,2,158,target,mut_32c633b81087
1.0,sqlparse,tabulate,120,0.0923,False,False,5000,2,159,target,mut_3330b13319e9
1.0,sqlparse,tabulate,120,0.0671,False,False,5000,2,160,target,mut_363ef3f029dc
1.0,sqlparse,tabulate,120,0.0648,False,False,5000,2,161,target,mut_375120641df2
1.0,sqlparse,tabulate,120,0.0683,False,False,5000,2,162,target,mut_37999cf9db01
1.0,sqlparse,tabulate,120,0.0762,False,False,5000,2,163,target,mut_37e23300dba2
1.0,sqlparse,tabulate,120,0.0699,False,False,5000,2,164,target,mut_38324fb7a27b
1.0,sqlparse,tabulate,120,0.0604,False,False,5000,2,165,target,mut_39025c466681
1.0,sqlparse,tabulate,120,0.0777,False,False,5000,2,166,target,mut_39d29cc47391
1.0,sqlparse,tabulate,120,0.0599,False,False,5000,2,167,target,mut_3bd3c269dfe5
1.0,sqlparse,tabulate,120,0.0676,False,False,5000,2,168,target,mut_3be2be653944
1.0,sqlparse,tabulate,120,0.7305,False,False,5000,2,169,target,mut_3cffefe36798
1.0,sqlparse,tabulate,120,0.1002,False,False,5000,2,170,target,mut_3e06caa9cc95
1.0,sqlparse,tabulate,120,0.5284,False,False,5000,2,171,target,mut_3ef310da54b1
1.0,sqlparse,tabulate,120,0.0597,False,False,5000,2,172,target,mut_3efbe3e5ff36
1.0,sqlparse,tabulate,120,0.7451,False,False,5000,2,173,target,mut_3f8a2adaee1c
1.0,sqlparse,tabulate,120,0.668,True,True,5000,3,174,target,mut_3fc83c229263
1.0,sqlparse,tabulate,120,0.6706,False,False,5000,3,175,target,mut_40b111a0ea20
1.0,sqlparse,tabulate,120,0.6673,False,False,5000,3,176,target,mut_4194c4a4dfe6
1.0,sqlparse,tabulate,120,0.6722,False,False,5000,3,177,target,mut_41fa99991f0b
1.0,sqlparse,tabulate,120,0.6689,False,False,5000,3,178,target,mut_4384a219c955
1.0,sqlparse,tabulate,120,0.401,False,False,5000,3,179,target,mut_43bcabda2c1c
1.0,sqlparse,tabulate,120,0.6768,False,False,5000,3,180,target,mut_457012a4d98c
1.0,sqlparse,tabulate,120,0.6766,False,False,5000,3,181,target,mut_485192f8feb7
1.0,sqlparse,tabulate,120,0.675,False,False,5000,3,182,target,mut_4bd59480cc4f
1.0,sqlparse,tabulate,120,0.6809,False,False,5000,3,183,target,mut_4cddc602efff
1.0,sqlparse,tabulate,120,0.6714,False,False,5000,3,184,target,mut_4d373729c558
1.0,sqlparse,tabulate,120,0.3388,False,False,5000,3,185,target,mut_4d3c42537ccd
1.0,sqlparse,tabulate,120,0.6609,False,False,5000,3,186,target,mut_4f5f9a062b32
1.0,sqlparse,tabulate,120,0.6608,False,False,5000,3,187,target,mut_50802d486d65
1.0,sqlparse,tabulate,120,0.5362,False,False,5000,3,188,target,mut_5178b3c4bcef
1.0,sqlparse,tabulate,120,0.6608,False,False,5000,3,189,target,mut_526f4add9f2a
1.0,sqlparse,tabulate,120,0.6365,False,False,5000,3,190,target,mut_52744975db96
1.0,sqlparse,tabulate,120,0.644,False,False,5000,3,191,target,mut_52d3d84c77f0
1.0,sqlparse,tabulate,120,0.6456,False,False,5000,3,192,target,mut_55889f174052
1.0,sqlparse,tabulate,120,0.6465,False,False,5000,3,193,target,mut_55ad4af114d8
1.0,sqlparse,tabulate,120,0.5165,False,False,5000,3,194,target,mut_56245a077a9f
1.0,sqlparse,tabulate,120,0.647,False,False,5000,3,195,target,mut_562d394e9f72
1.0,sqlparse,tabulate,120,0.4455,False,False,5000,3,196,target,mut_57d0c9cb114e
1.0,sqlparse,tabulate,120,0.6314,False,False,5000,3,197,target,mut_58305a6f4eb2
1.0,sqlparse,tabulate,120,0.677,False,False,5000,3,198,target,mut_58c9743489d6
1.0,sqlparse,tabulate,120,0.6407,False,False,5000,3,199,target,mut_5abe2e3e882c
1.0,sqlparse,tabulate,120,0.5195,False,False,5000,3,200,target,mut_5c1b5c05a7d5
1.0,sqlparse,tabulate,120,0.5005,False,False,5000,3,201,target,mut_5d39580f9286
1.0,sqlparse,tabulate,120,0.6647,False,False,5000,3,202,target,mut_5e3e2fd199aa
1.0,sqlparse,tabulate,120,0.6702,False,False,5000,3,203,target,mut_6078fe15ed24
1.0,sqlparse,tabulate,120,0.3022,False,False,5000,3,204,target,mut_61eea6c5ca38
1.0,sqlparse,tabulate,120,0.6811,False,False,5000,3,205,target,mut_63a7dbc5cfb4
1.0,sqlparse,tabulate,120,0.6845,False,False,5000,3,206,target,mut_65f9a94d5de9
1.0,sqlparse,tabulate,120,0.6781,False,False,5000,3,207,target,mut_66749e506a20
1.0,sqlparse,tabulate,120,0.6823,False,False,5000,3,208,target,mut_66dc922fc183
1.0,sqlparse,tabulate,120,0.2572,False,False,5000,3,209,target,mut_6706ca197df4
1.0,sqlparse,tabulate,120,0.6814,False,False,5000,3,210,target,mut_683996bdd811
1.0,sqlparse,tabulate,120,0.4548,False,False,5000,3,211,target,mut_68ec67ac89e4
1.0,sqlparse,tabulate,120,0.2424,False,False,5000,3,212,target,mut_69467f2af28e
1.0,sqlparse,tabulate,120,0.5539,False,False,5000,3,213,target,mut_69f7a0487a31
1.0,sqlparse,tabulate,120,0.5505,False,False,5000,3,214,target,mut_6aabac65417d
1.0,sqlparse,tabulate,120,0.6824,False,False,5000,3,215,target,mut_6b6d9a306e87
1.0,sqlparse,tabulate,120,0.6822,False,False,5000,3,216,target,mut_6be766ffae3e
1.0,sqlparse,tabulate,120,0.2843,False,False,5000,3,217,target,mut_6c3722313f43
1.0,sqlparse,tabulate,120,0.6742,False,False,5000,3,218,target,mut_6c389af055e7
1.0,sqlparse,tabulate,120,0.4818,False,False,5000,3,219,target,mut_6ca07ddd644b
1.0,sqlparse,tabulate,120,0.6787,False,False,5000,3,220,target,mut_6dfb599fc04e
1.0,sqlparse,tabulate,120,0.6943,False,False,5000,3,221,target,mut_6ee34073c9da
1.0,sqlparse,tabulate,120,0.563,False,False,5000,3,222,target,mut_6f1c5b362cb6
1.0,sqlparse,tabulate,120,0.382,False,False,5000,3,223,target,mut_7206f44e82b9
1.0,sqlparse,tabulate,120,0.6885,False,False,5000,3,224,target,mut_726a1e3349be
1.0,sqlparse,tabulate,120,0.6753,False,False,5000,3,225,target,mut_728a1c133c64
1.0,sqlparse,tabulate,120,0.4866,False,False,5000,3,226,target,mut_73c5ea89e51f
1.0,sqlparse,tabulate,120,0.6516,False,False,5000,3,227,target,mut_74d7ef899586
1.0,sqlparse,tabulate,120,0.6775,False,False,5000,3,228,target,mut_75f9a0f96be0
1.0,sqlparse,tabulate,120,0.5005,False,False,5000,3,229,target,mut_771bdbf1556c
1.0,sqlparse,tabulate,120,0.5505,False,False,5000,3,230,target,mut_785ceb473257
1.0,sqlparse,tabulate,120,0.6797,False,False,5000,3,231,target,mut_78e23d7106f2
1.0,sqlparse,tabulate,120,0.536,False,False,5000,3,232,target,mut_797997904741
1.0,sqlparse,tabulate,120,0.5744,False,False,5000,3,233,target,mut_7af923a5072e
1.0,sqlparse,tabulate,120,0.6702,False,False,5000,3,234,target,mut_7c286298a8cf
1.0,sqlparse,tabulate,120,0.6799,False,False,5000,3,235,target,mut_7c5fdede9d4c
1.0,sqlparse,tabulate,120,0.6789,False,False,5000,3,236,target,mut_7cc98fec983c
1.0,sqlparse,tabulate,120,0.6535,False,False,5000,3,237,target,mut_7d31ed51251a
1.0,sqlparse,tabulate,120,0.524,False,False,5000,3,238,target,mut_7ef06352d3a7
1.0,sqlparse,tabulate,120,0.6563,False,False,5000,3,239,target,mut_80615b5b7282
1.0,tabulate,validators,120,0.2127,False,False,5000,0,0,source,mut_363ef3f029dc
1.0,tabulate,validators,120,0.2175,False,False,5000,0,1,source,mut_375120641df2
1.0,tabulate,validators,120,0.0496,False,False,5000,0,2,source,mut_37999cf9db01
1.0,tabulate,validators,120,0.2181,False,False,5000,0,3,source,mut_37e23300dba2
1.0,tabulate,validators,120,0.2126,False,False,5000,0,4,source,mut_38324fb7a27b
1.0,tabulate,validators,120,0.2112,False,False,5000,0,5,source,mut_39025c466681
1.0,tabulate,validators,120,0.2233,False,False,5000,0,6,source,mut_39d29cc47391
1.0,tabulate,validators,120,0.2106,False,False,5000,0,7,source,mut_3bd3c269dfe5
1.0,tabulate,validators,120,0.2137,False,False,5000,0,8,source,mut_3be2be653944
1.0,tabulate,validators,120,0.6147,False,False,5000,0,9,source,mut_3cffefe36798
1.0,tabulate,validators,120,0.2676,False,False,5000,0,10,source,mut_3e06caa9cc95
1.0,tabulate,validators,120,0.4545,False,False,5000,0,11,source,mut_3ef310da54b1
1.0,tabulate,validators,120,0.2165,False,False,5000,0,12,source,mut_3efbe3e5ff36
1.0,tabulate,validators,120,0.6172,True,True,5000,1,13,source,mut_3f8a2adaee1c
1.0,tabulate,validators,120,0.2647,False,False,5000,1,14,source,mut_3fc83c229263
1.0,tabulate,validators,120,0.6783,False,False,5000,1,15,source,mut_40b111a0ea20
1.0,tabulate,validators,120,0.6746,False,False,5000,1,16,source,mut_4194c4a4dfe6
1.0,tabulate,validators,120,0.6801,True,True,5000,2,17,source,mut_41fa99991f0b
1.0,tabulate,validators,120,0.0515,False,False,5000,2,18,source,mut_4384a219c955
1.0,tabulate,validators,120,0.4832,False,False,5000,2,19,source,mut_43bcabda2c1c
1.0,tabulate,validators,120,0.0515,False,False,5000,2,20,source,mut_457012a4d98c
1.0,tabulate,validators,120,0.0517,False,False,5000,2,21,source,mut_485192f8feb7
1.0,tabulate,validators,120,0.0721,False,False,5000,2,22,source,mut_4bd59480cc4f
1.0,tabulate,validators,120,0.0831,False,False,5000,2,23,source,mut_4cddc602efff
1.0,tabulate,validators,120,0.0901,False,False,5000,2,24,source,mut_4d373729c558
1.0,tabulate,validators,120,0.5654,False,False,5000,2,25,source,mut_4d3c42537ccd
1.0,tabulate,validators,120,0.0729,False,False,5000,2,26,source,mut_4f5f9a062b32
1.0,tabulate,validators,120,0.0729,False,False,5000,2,27,source,mut_50802d486d65
1.0,tabulate,validators,120,0.0884,False,False,5000,2,28,source,mut_5178b3c4bcef
1.0,tabulate,validators,120,0.0729,True,True,5000,3,29,source,mut_526f4add9f2a
1.0,tabulate,validators,120,0.0397,False,False,5000,3,30,source,mut_52744975db96
1.0,tabulate,validators,120,0.0286,False,False,5000,3,31,source,mut_52d3d84c77f0
1.0,tabulate,validators,120,0.0286,False,False,5000,3,32,source,mut_55889f174052
1.0,tabulate,validators,120,0.0259,False,False,5000,3,33,source,mut_55ad4af114d8
1.0,tabulate,validators,120,0.0393,False,False,5000,3,34,source,mut_56245a077a9f
1.0,tabulate,validators,120,0.0258,False,False,5000,3,35,source,mut_562d394e9f72
1.0,tabulate,validators,120,0.3992,False,False,5000,3,36,source,mut_57d0c9cb114e
1.0,tabulate,validators,120,0.026,False,False,5000,3,37,source,mut_58305a6f4eb2
1.0,tabulate,validators,120,0.1447,False,False,5000,3,38,source,mut_58c9743489d6
1.0,tabulate,validators,120,0.0588,False,False,5000,3,39,source,mut_5abe2e3e882c
1.0,tabulate,validators,120,0.0184,False,False,5000,3,40,source,mut_5c1b5c05a7d5
1.0,tabulate,validators,120,0.3167,False,False,5000,3,41,source,mut_5d39580f9286
1.0,tabulate,validators,120,0.028,False,False,5000,3,42,source,mut_5e3e2fd199aa
1.0,tabulate,validators,120,0.028,False,False,5000,3,43,source,mut_6078fe15ed24
1.0,tabulate,validators,120,0.6992,True,True,5000,4,44,source,mut_61eea6c5ca38
1.0,tabulate,validators,120,0.6771,False,False,5000,4,45,source,mut_63a7dbc5cfb4
1.0,tabulate,validators,120,0.678,False,False,5000,4,46,source,mut_65f9a94d5de9
1.0,tabulate,validators,120,0.6745,False,False,5000,4,47,source,mut_66749e506a20
1.0,tabulate,validators,120,0.6781,False,False,5000,4,48,source,mut_66dc922fc183
1.0,tabulate,validators,120,0.2401,False,False,5000,4,49,source,mut_6706ca197df4
1.0,tabulate,validators,120,0.686,False,False,5000,4,50,source,mut_683996bdd811
1.0,tabulate,validators,120,0.4459,False,False,5000,4,51,source,mut_68ec67ac89e4
1.0,tabulate,validators,120,0.2278,False,False,5000,4,52,source,mut_69467f2af28e
1.0,tabulate,validators,120,0.5483,False,False,5000,4,53,source,mut_69f7a0487a31
1.0,tabulate,validators,120,0.0978,False,False,5000,4,54,source,mut_6aabac65417d
1.0,tabulate,validators,120,0.691,False,False,5000,4,55,source,mut_6b6d9a306e87
1.0,tabulate,validators,120,0.691,False,False,5000,4,56,source,mut_6be766ffae3e
1.0,tabulate,validators,120,0.2644,False,False,5000,4,57,source,mut_6c3722313f43
1.0,tabulate,validators,120,0.6813,False,False,5000,4,58,source,mut_6c389af055e7
1.0,tabulate,validators,120,0.4955,False,False,5000,4,59,source,mut_6ca07ddd644b
1.0,tabulate,validators,120,0.6909,False,False,5000,4,60,source,mut_6dfb599fc04e
1.0,tabulate,validators,120,0.7072,False,False,5000,4,61,source,mut_6ee34073c9da
1.0,tabulate,validators,120,0.0886,False,False,5000,4,62,source,mut_6f1c5b362cb6
1.0,tabulate,validators,120,0.3806,False,False,5000,4,63,source,mut_7206f44e82b9
1.0,tabulate,validators,120,0.7032,False,False,5000,4,64,source,mut_726a1e3349be
1.0,tabulate,validators,120,0.6891,False,False,5000,4,65,source,mut_728a1c133c64
1.0,tabulate,validators,120,0.4899,False,False,5000,4,66,source,mut_73c5ea89e51f
1.0,tabulate,validators,120,0.6626,False,False,5000,4,67,source,mut_74d7ef899586
1.0,tabulate,validators,120,0.6999,False,False,5000,4,68,source,mut_75f9a0f96be0
1.0,tabulate,validators,120,0.5123,False,False,5000,4,69,source,mut_771bdbf1556c
1.0,tabulate,validators,120,0.5594,False,False,5000,4,70,source,mut_785ceb473257
1.0,tabulate,validators,120,0.6984,False,False,5000,4,71,source,mut_78e23d7106f2
1.0,tabulate,validators,120,0.1164,False,False,5000,4,72,source,mut_797997904741
1.0,tabulate,validators,120,0.5878,False,False,5000,4,73,source,mut_7af923a5072e
1.0,tabulate,validators,120,0.6899,False,False,5000,4,74,source,mut_7c286298a8cf
1.0,tabulate,validators,120,0.7005,False,False,5000,4,75,source,mut_7c5fdede9d4c
1.0,tabulate,validators,120,0.7003,False,False,5000,4,76,source,mut_7cc98fec983c
1.0,tabulate,validators,120,0.6841,False,False,5000,4,77,source,mut_7d31ed51251a
1.0,tabulate,validators,120,0.09,False,False,5000,4,78,source,mut_7ef06352d3a7
1.0,tabulate,validators,120,0.6881,False,False,5000,4,79,source,mut_80615b5b7282
1.0,tabulate,validators,120,0.689,False,False,5000,4,80,source,mut_811487a68c5d
1.0,tabulate,validators,120,0.6828,False,False,5000,4,81,source,mut_8181a2f82da7
1.0,tabulate,validators,120,0.6646,False,False,5000,4,82,source,mut_88b12601c6b4
1.0,tabulate,validators,120,0.688,False,False,5000,4,83,source,mut_89568a9687b8
1.0,tabulate,validators,120,0.6814,False,False,5000,4,84,source,mut_8a98ecc1d2d4
1.0,tabulate,validators,120,0.6805,False,False,5000,4,85,source,mut_8c4aaa0e41ce
1.0,tabulate,validators,120,0.6728,False,False,5000,4,86,source,mut_8c608518a181
1.0,tabulate,validators,120,0.6788,False,False,5000,4,87,source,mut_8c786843757a
1.0,tabulate,validators,120,0.6824,False,False,5000,4,88,source,mut_8cf7bb535c6a
1.0,tabulate,validators,120,0.5758,False,False,5000,4,89,source,mut_8d903b6b05a3
1.0,tabulate,validators,120,0.1096,False,False,5000,4,90,source,mut_8f3048c9fdb7
1.0,tabulate,validators,120,0.6761,False,False,5000,4,91,source,mut_921c9bdec666
1.0,tabulate,validators,120,0.5684,False,False,5000,4,92,source,mut_92feb5abd563
1.0,tabulate,validators,120,0.6804,False,False,5000,4,93,source,mut_932e7cda0930
1.0,tabulate,validators,120,0.6772,False,False,5000,4,94,source,mut_93ab546ac587
1.0,tabulate,validators,120,0.6873,False,False,5000,4,95,source,mut_9425e56c8f32
1.0,tabulate,validators,120,0.4258,False,False,5000,4,96,source,mut_95e0ba25ca32
1.0,tabulate,validators,120,0.6965,False,False,5000,4,97,source,mut_999907b4c7a6
1.0,tabulate,validators,120,0.3986,False,False,5000,4,98,source,mut_9b7d45f02538
1.0,tabulate,validators,120,0.7049,False,False,5000,4,99,source,mut_9cb5320581a3
1.0,tabulate,validators,120,0.7102,False,False,5000,4,100,source,mut_9de10da28138
1.0,tabulate,validators,120,0.708,False,False,5000,4,101,source,mut_9e01564fb2ab
1.0,tabulate,validators,120,0.7063,False,False,5000,4,102,source,mut_9e6ff70ad808
1.0,tabulate,validators,120,0.6819,False,False,5000,4,103,source,mut_a1a4182595b1
1.0,tabulate,validators,120,0.7045,False,False,5000,4,104,source,mut_a241047a443f
1.0,tabulate,validators,120,0.7137,False,False,5000,4,105,source,mut_a2b65cfb3d3a
1.0,tabulate,validators,120,0.7053,False,False,5000,4,106,source,mut_a63f710c92d1
1.0,tabulate,validators,120,0.6986,False,False,5000,4,107,source,mut_a67051d78031
1.0,tabulate,validators,120,0.6988,False,False,5000,4,108,source,mut_aa7f0f34b10d
1.0,tabulate,validators,120,0.4182,False,False,5000,4,109,source,mut_aafb68a62b09
1.0,tabulate,validators,120,0.0929,False,False,5000,4,110,source,mut_ab09c49fd53a
1.0,tabulate,validators,120,0.4278,False,False,5000,4,111,source,mut_ab58be0bb8c2
1.0,tabulate,validators,120,0.7064,False,False,5000,4,112,source,mut_ad33877f23bb
1.0,tabulate,validators,120,0.7158,False,False,5000,4,113,source,mut_ae36e3d9e7f6
1.0,tabulate,validators,120,0.7095,False,False,5000,4,114,source,mut_b07810dc98f4
1.0,tabulate,validators,120,0.697,False,False,5000,4,115,source,mut_b0ff2a65ff0d
1.0,tabulate,validators,120,0.7039,False,False,5000,4,116,source,mut_b2a32bf545ca
1.0,tabulate,validators,120,0.7109,False,False,5000,4,117,source,mut_b5768671456c
1.0,tabulate,validators,120,0.6971,False,False,5000,4,118,source,mut_b688877f7d5c
1.0,tabulate,validators,120,0.7109,False,False,5000,4,119,source,mut_b6a2085614f1
1.0,tabulate,validators,120,0.0445,False,False,5000,4,120,target,mut_001b988525ce
1.0,tabulate,validators,120,0.0444,False,False,5000,4,121,target,mut_0050ec50d7f6
1.0,tabulate,validators,120,0.0427,False,False,5000,4,122,target,mut_0151fb65ff25
1.0,tabulate,validators,120,0.0427,False,False,5000,4,123,target,mut_01a12dc9938d
1.0,tabulate,validators,120,0.0573,False,False,5000,4,124,target,mut_01a42bc76525
1.0,tabulate,validators,120,0.0399,False,False,5000,4,125,target,mut_01b58447823e
1.0,tabulate,validators,120,0.0483,False,False,5000,4,126,target,mut_023a8f13b446
1.0,tabulate,validators,120,0.0457,False,False,5000,4,127,target,mut_026fd25fc412
1.0,tabulate,validators,120,0.045,False,False,5000,4,128,target,mut_02c592edc150
1.0,tabulate,validators,120,0.042,False,False,5000,4,129,target,mut_03246c80d914
1.0,tabulate,validators,120,0.0416,False,False,5000,4,130,target,mut_06c55d30e1cb
1.0,tabulate,validators,120,0.05,False,False,5000,4,131,target,mut_06ef31fddfdd
1.0,tabulate,validators,120,0.0397,False,False,5000,4,132,target,mut_07b921225588
1.0,tabulate,validators,120,0.0445,False,False,5000,4,133,target,mut_0824a54d85d5
1.0,tabulate,validators,120,0.0481,False,False,5000,4,134,target,mut_094b75585191
1.0,tabulate,validators,120,0.0398,False,False,5000,4,135,target,mut_0a400a1d1f2e
1.0,tabulate,validators,120,0.0419,False,False,5000,4,136,target,mut_0b8fa6e03d72
1.0,tabulate,validators,120,0.0541,False,False,5000,4,137,target,mut_0c8cf609b6a9
1.0,tabulate,validators,120,0.0419,False,False,5000,4,138,target,mut_0fe60d4211b3
1.0,tabulate,validators,120,0.0428,False,False,5000,4,139,target,mut_109e58907214
1.0,tabulate,validators,120,0.0398,False,False,5000,4,140,target,mut_10d02430144a
1.0,tabulate,validators,120,0.0476,False,False,5000,4,141,target,mut_1194944ee0a0
1.0,tabulate,validators,120,0.0454,False,False,5000,4,142,target,mut_126f999cbf80
1.0,tabulate,validators,120,0.0574,False,False,5000,4,143,target,mut_134c76afce8c
1.0,tabulate,validators,120,0.0376,False,False,5000,4,144,target,mut_13ffada5a316
1.0,tabulate,validators,120,0.049,False,False,5000,4,145,target,mut_141193d2b654
1.0,tabulate,validators,120,0.0392,False,False,5000,4,146,target,mut_16383dcdb31c
1.0,tabulate,validators,120,0.0513,False,False,5000,4,147,target,mut_166a946c500f
1.0,tabulate,validators,120,0.0485,False,False,5000,4,148,target,mut_1a70d67d835f
1.0,tabulate,validators,120,0.0592,False,False,5000,4,149,target,mut_1a89bab39aee
1.0,tabulate,validators,120,0.1842,False,False,5000,4,150,target,mut_1a9410854252
1.0,tabulate,validators,120,0.0398,False,False,5000,4,151,target,mut_1aa5729f476d
1.0,tabulate,validators,120,0.0417,False,False,5000,4,152,target,mut_1de5686af8b8
1.0,tabulate,validators,120,0.0484,False,False,5000,4,153,target,mut_1f45b57e6554
1.0,tabulate,validators,120,0.0406,False,False,5000,4,154,target,mut_1f47e8bb3664
1.0,tabulate,validators,120,0.0406,False,False,5000,4,155,target,mut_1f9c7d81a427
1.0,tabulate,validators,120,0.0468,False,False,5000,4,156,target,mut_20fb6937abce
1.0,tabulate,validators,120,0.0554,False,False,5000,4,157,target,mut_2317c2a229ce
1.0,tabulate,validators,120,0.0394,False,False,5000,4,158,target,mut_27ec4b9275fd
1.0,tabulate,validators,120,0.0439,False,False,5000,4,159,target,mut_285f5b886dd5
1.0,tabulate,validators,120,0.0479,False,False,5000,4,160,target,mut_289f57866ae7
1.0,tabulate,validators,120,0.0418,False,False,5000,4,161,target,mut_2901fb77a5d5
1.0,tabulate,validators,120,0.0481,False,False,5000,4,162,target,mut_29ccdf85d582
1.0,tabulate,validators,120,0.0398,False,False,5000,4,163,target,mut_2a92b8d95ee8
1.0,tabulate,validators,120,0.0503,False,False,5000,4,164,target,mut_2ad0e4dafa3b
1.0,tabulate,validators,120,0.0541,False,False,5000,4,165,target,mut_2cdea7c4328e
1.0,tabulate,validators,120,0.0408,False,False,5000,4,166,target,mut_2d0a27e2afa6
1.0,tabulate,validators,120,0.0431,False,False,5000,4,167,target,mut_2d8d84c4d455
1.0,tabulate,validators,120,0.04,False,False,5000,4,168,target,mut_30a7d491f32f
1.0,tabulate,validators,120,0.0435,False,False,5000,4,169,target,mut_30e86d697433
1.0,tabulate,validators,120,0.0438,False,False,5000,4,170,target,mut_36c2d446fe15
1.0,tabulate,validators,120,0.0389,False,False,5000,4,171,target,mut_36e292ffc3ef
1.0,tabulate,validators,120,0.0558,False,False,5000,4,172,target,mut_3774cdaf370e
1.0,tabulate,validators,120,0.0425,False,False,5000,4,173,target,mut_3928233dbdcc
1.0,tabulate,validators,120,0.0401,False,False,5000,4,174,target,mut_395f1ab98b35
1.0,tabulate,validators,120,0.0448,False,False,5000,4,175,target,mut_39be6b85e7ee
1.0,tabulate,validators,120,0.049,False,False,5000,4,176,target,mut_3a5ca7649694
1.0,tabulate,validators,120,0.0423,False,False,5000,4,177,target,mut_3dcec3ec759c
1.0,tabulate,validators,120,0.0379,False,False,5000,4,178,target,mut_3dd0386d5f78
1.0,tabulate,validators,120,0.0533,False,False,5000,4,179,target,mut_3e4a582a3a2b
1.0,tabulate,validators,120,0.0468,False,False,5000,4,180,target,mut_3e739b7fe6fc
1.0,tabulate,validators,120,0.0542,False,False,5000,4,181,target,mut_3fd09fd69732
1.0,tabulate,validators,120,0.045,False,False,5000,4,182,target,mut_41b88e094971
1.0,tabulate,validators,120,0.0617,False,False,5000,4,183,target,mut_428e29ee962b
1.0,tabulate,validators,120,0.0402,False,False,5000,4,184,target,mut_4426be1f5b7d
1.0,tabulate,validators,120,0.0403,False,False,5000,4,185,target,mut_44819cc538eb
1.0,tabulate,validators,120,0.0494,False,False,5000,4,186,target,mut_453957b0c500
1.0,tabulate,validators,120,0.0423,False,False,5000,4,187,target,mut_4584024a2a86
1.0,tabulate,validators,120,0.044,False,False,5000,4,188,target,mut_47d744973bf5
1.0,tabulate,validators,120,0.0526,False,False,5000,4,189,target,mut_4ab43ceb3983
1.0,tabulate,validators,120,0.0444,False,False,5000,4,190,target,mut_4aed3bddcc61
1.0,tabulate,validators,120,0.0318,False,False,5000,4,191,target,mut_4b34fe7f59f8
1.0,tabulate,validators,120,0.0347,False,False,5000,4,192,target,mut_4c85d54acda3
1.0,tabulate,validators,120,0.029,False,False,5000,4,193,target,mut_4cc6f0bf5261
1.0,tabulate,validators,120,0.0319,False,False,5000,4,194,target,mut_4d12f9bffa5f
1.0,tabulate,validators,120,0.0298,False,False,5000,4,195,target,mut_4d42ec13aec8
1.0,tabulate,validators,120,0.0413,False,False,5000,4,196,target,mut_4e55dc8c2d32
1.0,tabulate,validators,120,0.0297,False,False,5000,4,197,target,mut_4ed941e580f6
1.0,tabulate,validators,120,0.0323,False,False,5000,4,198,target,mut_505bd34e9c8d
1.0,tabulate,validators,120,0.1327,False,False,5000,4,199,target,mut_52c53bfdad3f
1.0,tabulate,validators,120,0.0298,False,False,5000,4,200,target,mut_533d36268a8c
1.0,tabulate,validators,120,0.0321,False,False,5000,4,201,target,mut_5492b61f4a33
1.0,tabulate,validators,120,0.0291,False,False,5000,4,202,target,mut_561578945597
1.0,tabulate,validators,120,0.0292,False,False,5000,4,203,target,mut_575f8abb0cc1
1.0,tabulate,validators,120,0.0383,False,False,5000,4,204,target,mut_59db72f424fa
1.0,tabulate,validators,120,0.0405,False,False,5000,4,205,target,mut_59e1449d4175
1.0,tabulate,validators,120,0.041,False,False,5000,4,206,target,mut_5b96aab3b716
1.0,tabulate,validators,120,0.0485,False,False,5000,4,207,target,mut_5bb558d9b7f1
1.0,tabulate,validators,120,0.041,False,False,5000,4,208,target,mut_5d6c202373bf
1.0,tabulate,validators,120,0.035,False,False,5000,4,209,target,mut_5fdb6c75ba1b
1.0,tabulate,validators,120,0.035,False,False,5000,4,210,target,mut_60097c426393
1.0,tabulate,validators,120,0.0372,False,False,5000,4,211,target,mut_631b9ca41a84
1.0,tabulate,validators,120,0.0362,False,False,5000,4,212,target,mut_63364a85d8b3
1.0,tabulate,validators,120,0.0468,False,False,5000,4,213,target,mut_63f77ca240ed
1.0,tabulate,validators,120,0.0452,False,False,5000,4,214,target,mut_6543eba7d306
1.0,tabulate,validators,120,0.0349,False,False,5000,4,215,target,mut_666d29aa1353
1.0,tabulate,validators,120,0.0391,False,False,5000,4,216,target,mut_674f92c64e7a
1.0,tabulate,validators,120,0.0431,False,False,5000,4,217,target,mut_67c4217fd609
1.0,tabulate,validators,120,0.0428,False,False,5000,4,218,target,mut_680a2363c4c8
1.0,tabulate,validators,120,0.0386,False,False,5000,4,219,target,mut_6a3eb59c025d
1.0,tabulate,validators,120,0.0365,False,False,5000,4,220,target,mut_6cbf02918859
1.0,tabulate,validators,120,0.0349,False,False,5000,4,221,target,mut_6e600cedd9bc
1.0,tabulate,validators,120,0.0356,False,False,5000,4,222,target,mut_6ed5f0ff4947
1.0,tabulate,validators,120,0.0349,False,False,5000,4,223,target,mut_6f7aa3e309c5
1.0,tabulate,validators,120,0.0362,False,False,5000,4,224,target,mut_6f927eb2c6a3
1.0,tabulate,validators,120,0.116,False,False,5000,4,225,target,mut_714e0600922e
1.0,tabulate,validators,120,0.0352,False,False,5000,4,226,target,mut_71a35d67c468
1.0,tabulate,validators,120,0.0499,False,False,5000,4,227,target,mut_72564fffeb22
1.0,tabulate,validators,120,0.0439,False,False,5000,4,228,target,mut_72e8b501e2f7
1.0,tabulate,validators,120,0.0393,False,False,5000,4,229,target,mut_731b7e032dbf
1.0,tabulate,validators,120,0.038,False,False,5000,4,230,target,mut_73748398dc44
1.0,tabulate,validators,120,0.0417,False,False,5000,4,231,target,mut_73d6163b93ca
1.0,tabulate,validators,120,0.0456,False,False,5000,4,232,target,mut_75464f8634f2
1.0,tabulate,validators,120,0.0421,False,False,5000,4,233,target,mut_75a622bca676
1.0,tabulate,validators,120,0.1153,False,False,5000,4,234,target,mut_776e97ff8166
1.0,tabulate,validators,120,0.0421,False,False,5000,4,235,target,mut_793525131c6b
1.0,tabulate,validators,120,0.0408,False,False,5000,4,236,target,mut_793ea7b426d8
1.0,tabulate,validators,120,0.0362,False,False,5000,4,237,target,mut_794b20d97c83
1.0,tabulate,validators,120,0.0442,False,False,5000,4,238,target,mut_813f338b5985
1.0,tabulate,validators,120,0.1281,False,False,5000,4,239,target,mut_81ac38131bac
1.0,validators,pathspec,120,0.0646,False,False,5000,0,0,source,mut_289f57866ae7
1.0,validators,pathspec,120,0.0221,False,False,5000,0,1,source,mut_2901fb77a5d5
1.0,validators,pathspec,120,0.0297,False,False,5000,0,2,source,mut_29ccdf85d582
1.0,validators,pathspec,120,0.0214,False,False,5000,0,3,source,mut_2a92b8d95ee8
1.0,validators,pathspec,120,0.0682,False,False,5000,0,4,source,mut_2ad0e4dafa3b
1.0,validators,pathspec,120,0.0383,False,False,5000,0,5,source,mut_2cdea7c4328e
1.0,validators,pathspec,120,0.0243,False,False,5000,0,6,source,mut_2d0a27e2afa6
1.0,validators,pathspec,120,0.0331,False,False,5000,0,7,source,mut_2d8d84c4d455
1.0,validators,pathspec,120,0.0241,False,False,5000,0,8,source,mut_30a7d491f32f
1.0,validators,pathspec,120,0.0282,False,False,5000,0,9,source,mut_30e86d697433
1.0,validators,pathspec,120,0.0277,False,False,5000,0,10,source,mut_36c2d446fe15
1.0,validators,pathspec,120,0.0808,False,False,5000,0,11,source,mut_36e292ffc3ef
1.0,validators,pathspec,120,0.0434,False,False,5000,0,12,source,mut_3774cdaf370e
1.0,validators,pathspec,120,0.0478,False,False,5000,0,13,source,mut_3928233dbdcc
1.0,validators,pathspec,120,0.0268,False,False,5000,0,14,source,mut_395f1ab98b35
1.0,validators,pathspec,120,0.0305,False,False,5000,0,15,source,mut_39be6b85e7ee
1.0,validators,pathspec,120,0.0339,False,False,5000,0,16,source,mut_3a5ca7649694
1.0,validators,pathspec,120,0.037,False,False,5000,0,17,source,mut_3dcec3ec759c
1.0,validators,pathspec,120,0.0258,False,False,5000,0,18,source,mut_3dd0386d5f78
1.0,validators,pathspec,120,0.0355,False,False,5000,0,19,source,mut_3e4a582a3a2b
1.0,validators,pathspec,120,0.0329,False,False,5000,0,20,source,mut_3e739b7fe6fc
1.0,validators,pathspec,120,0.0399,False,False,5000,0,21,source,mut_3fd09fd69732
1.0,validators,pathspec,120,0.0298,False,False,5000,0,22,source,mut_41b88e094971
1.0,validators,pathspec,120,0.0459,False,False,5000,0,23,source,mut_428e29ee962b
1.0,validators,pathspec,120,0.0263,False,False,5000,0,24,source,mut_4426be1f5b7d
1.0,validators,pathspec,120,0.0349,False,False,5000,0,25,source,mut_44819cc538eb
1.0,validators,pathspec,120,0.1019,False,False,5000,0,26,source,mut_453957b0c500
1.0,validators,pathspec,120,0.0224,False,False,5000,0,27,source,mut_4584024a2a86
1.0,validators,pathspec,120,0.0244,False,False,5000,0,28,source,mut_47d744973bf5
1.0,validators,pathspec,120,0.061,False,False,5000,0,29,source,mut_4ab43ceb3983
1.0,validators,pathspec,120,0.0358,False,False,5000,0,30,source,mut_4aed3bddcc61
1.0,validators,pathspec,120,0.0229,False,False,5000,0,31,source,mut_4b34fe7f59f8
1.0,validators,pathspec,120,0.0307,False,False,5000,0,32,source,mut_4c85d54acda3
1.0,validators,pathspec,120,0.0224,False,False,5000,0,33,source,mut_4cc6f0bf5261
1.0,validators,pathspec,120,0.0241,False,False,5000,0,34,source,mut_4d12f9bffa5f
1.0,validators,pathspec,120,0.0234,False,False,5000,0,35,source,mut_4d42ec13aec8
1.0,validators,pathspec,120,0.0365,False,False,5000,0,36,source,mut_4e55dc8c2d32
1.0,validators,pathspec,120,0.0239,False,False,5000,0,37,source,mut_4ed941e580f6
1.0,validators,pathspec,120,0.0214,False,False,5000,0,38,source,mut_505bd34e9c8d
1.0,validators,pathspec,120,0.1298,False,False,5000,0,39,source,mut_52c53bfdad3f
1.0,validators,pathspec,120,0.0558,False,False,5000,0,40,source,mut_533d36268a8c
1.0,validators,pathspec,120,0.0226,False,False,5000,0,41,source,mut_5492b61f4a33
1.0,validators,pathspec,120,0.0219,False,False,5000,0,42,source,mut_561578945597
1.0,validators,pathspec,120,0.0387,False,False,5000,0,43,source,mut_575f8abb0cc1
1.0,validators,pathspec,120,0.0277,False,False,5000,0,44,source,mut_59db72f424fa
1.0,validators,pathspec,120,0.0266,False,False,5000,0,45,source,mut_59e1449d4175
1.0,validators,pathspec,120,0.0269,False,False,5000,0,46,source,mut_5b96aab3b716
1.0,validators,pathspec,120,0.0381,False,False,5000,0,47,source,mut_5bb558d9b7f1
1.0,validators,pathspec,120,0.0393,False,False,5000,0,48,source,mut_5d6c202373bf
1.0,validators,pathspec,120,0.022,False,False,5000,0,49,source,mut_5fdb6c75ba1b
1.0,validators,pathspec,120,0.0214,False,False,5000,0,50,source,mut_60097c426393
1.0,validators,pathspec,120,0.0414,False,False,5000,0,51,source,mut_631b9ca41a84
1.0,validators,pathspec,120,0.0228,False,False,5000,0,52,source,mut_63364a85d8b3
1.0,validators,pathspec,120,0.0316,False,False,5000,0,53,source,mut_63f77ca240ed
1.0,validators,pathspec,120,0.0601,False,False,5000,0,54,source,mut_6543eba7d306
1.0,validators,pathspec,120,0.0201,False,False,5000,0,55,source,mut_666d29aa1353
1.0,validators,pathspec,120,0.0239,False,False,5000,0,56,source,mut_674f92c64e7a
1.0,validators,pathspec,120,0.0277,False,False,5000,0,57,source,mut_67c4217fd609
1.0,validators,pathspec,120,0.0289,False,False,5000,0,58,source,mut_680a2363c4c8
1.0,validators,pathspec,120,0.0246,False,False,5000,0,59,source,mut_6a3eb59c025d
1.0,validators,pathspec,120,0.061,False,False,5000,0,60,source,mut_6cbf02918859
1.0,validators,pathspec,120,0.0206,False,False,5000,0,61,source,mut_6e600cedd9bc
1.0,validators,pathspec,120,0.0216,False,False,5000,0,62,source,mut_6ed5f0ff4947
1.0,validators,pathspec,120,0.0206,False,False,5000,0,63,source,mut_6f7aa3e309c5
1.0,validators,pathspec,120,0.0222,False,False,5000,0,64,source,mut_6f927eb2c6a3
1.0,validators,pathspec,120,0.106,False,False,5000,0,65,source,mut_714e0600922e
1.0,validators,pathspec,120,0.0214,False,False,5000,0,66,source,mut_71a35d67c468
1.0,validators,pathspec,120,0.093,False,False,5000,0,67,source,mut_72564fffeb22
1.0,validators,pathspec,120,0.0384,False,False,5000,0,68,source,mut_72e8b501e2f7
1.0,validators,pathspec,120,0.0235,False,False,5000,0,69,source,mut_731b7e032dbf
1.0,validators,pathspec,120,0.035,False,False,5000,0,70,source,mut_73748398dc44
1.0,validators,pathspec,120,0.0855,False,False,5000,0,71,source,mut_73d6163b93ca
1.0,validators,pathspec,120,0.0549,False,False,5000,0,72,source,mut_75464f8634f2
1.0,validators,pathspec,120,0.0401,False,False,5000,0,73,source,mut_75a622bca676
1.0,validators,pathspec,120,0.1069,False,False,5000,0,74,source,mut_776e97ff8166
1.0,validators,pathspec,120,0.0261,False,False,5000,0,75,source,mut_793525131c6b
1.0,validators,pathspec,120,0.0293,False,False,5000,0,76,source,mut_793ea7b426d8
1.0,validators,pathspec,120,0.0183,False,False,5000,0,77,source,mut_794b20d97c83
1.0,validators,pathspec,120,0.0254,False,False,5000,0,78,source,mut_813f338b5985
1.0,validators,pathspec,120,0.1151,False,False,5000,0,79,source,mut_81ac38131bac
1.0,validators,pathspec,120,0.0272,False,False,5000,0,80,source,mut_838c3bdd1f58
1.0,validators,pathspec,120,0.0339,False,False,5000,0,81,source,mut_847b15bfdda6
1.0,validators,pathspec,120,0.0567,False,False,5000,0,82,source,mut_84e0d10594e1
1.0,validators,pathspec,120,0.0256,False,False,5000,0,83,source,mut_8581be366750
1.0,validators,pathspec,120,0.0202,False,False,5000,0,84,source,mut_86f410eb6ca3
1.0,validators,pathspec,120,0.0323,False,False,5000,0,85,source,mut_871f51c5b640
1.0,validators,pathspec,120,0.0343,False,False,5000,0,86,source,mut_8804b1d19eb6
1.0,validators,pathspec,120,0.1127,False,False,5000,0,87,source,mut_88eac4dab581
1.0,validators,pathspec,120,0.087,False,False,5000,0,88,source,mut_899c2cb44109
1.0,validators,pathspec,120,0.1203,False,False,5000,0,89,source,mut_89d3e6a3ab26
1.0,validators,pathspec,120,0.1162,False,False,5000,0,90,source,mut_89e87ebc41d2
1.0,validators,pathspec,120,0.0317,False,False,5000,0,91,source,mut_8b739a475a3c
1.0,validators,pathspec,120,0.0676,False,False,5000,0,92,source,mut_8c4a95f3d471
1.0,validators,pathspec,120,0.0306,False,False,5000,0,93,source,mut_8cb6b9beec51
1.0,validators,pathspec,120,0.0601,False,False,5000,0,94,source,mut_8e913d78891b
1.0,validators,pathspec,120,0.0203,False,False,5000,0,95,source,mut_90656d0adbc2
1.0,validators,pathspec,120,0.0384,False,False,5000,0,96,source,mut_913b26921954
1.0,validators,pathspec,120,0.0624,False,False,5000,0,97,source,mut_915efbcdbbc4
1.0,validators,pathspec,120,0.0334,False,False,5000,0,98,source,mut_919ddde49884
1.0,validators,pathspec,120,0.0377,False,False,5000,0,99,source,mut_91f5aedf3372
1.0,validators,pathspec,120,0.0342,False,False,5000,0,100,source,mut_91ffe6d6fa41
1.0,validators,pathspec,120,0.0265,False,False,5000,0,101,source,mut_92415c8ed3fa
1.0,validators,pathspec,120,0.0244,False,False,5000,0,102,source,mut_94cee2c8847e
1.0,validators,pathspec,120,0.0325,False,False,5000,0,103,source,mut_96ddf7184ca4
1.0,validators,pathspec,120,0.0318,False,False,5000,0,104,source,mut_97d1014eb70f
1.0,validators,pathspec,120,0.128,False,False,5000,0,105,source,mut_97f85571aaf2
1.0,validators,pathspec,120,0.0251,False,False,5000,0,106,source,mut_989e7c951463
1.0,validators,pathspec,120,0.0346,False,False,5000,0,107,source,mut_98aa516e39a1
1.0,validators,pathspec,120,0.0242,False,False,5000,0,108,source,mut_999c0399e544
1.0,validators,pathspec,120,0.0252,False,False,5000,0,109,source,mut_9b30abde7a51
1.0,validators,pathspec,120,0.0381,False,False,5000,0,110,source,mut_9baa8e0b1105
1.0,validators,pathspec,120,0.0201,False,False,5000,0,111,source,mut_9bfc0d74569f
1.0,validators,pathspec,120,0.0185,False,False,5000,0,112,source,mut_9c91b6447fe3
1.0,validators,pathspec,120,0.0201,False,False,5000,0,113,source,mut_9dbe121ade48
1.0,validators,pathspec,120,0.0208,False,False,5000,0,114,source,mut_9e129b50a8e1
1.0,validators,pathspec,120,0.0245,False,False,5000,0,115,source,mut_9e7665c49799
1.0,validators,pathspec,120,0.0885,False,False,5000,0,116,source,mut_9fbf777b07c4
1.0,validators,pathspec,120,0.0506,False,False,5000,0,117,source,mut_a0b9f50cf520
1.0,validators,pathspec,120,0.049,False,False,5000,0,118,source,mut_a1543330de3c
1.0,validators,pathspec,120,0.0872,False,False,5000,0,119,source,mut_a3ad2a55ddaf
1.0,validators,pathspec,120,0.2758,False,False,5000,0,120,target,mut_00c265e970ea
1.0,validators,pathspec,120,0.2574,False,False,5000,0,121,target,mut_00c48ce16a2f
1.0,validators,pathspec,120,0.2574,False,False,5000,0,122,target,mut_01295249e722
1.0,validators,pathspec,120,0.4294,True,True,5000,1,123,target,mut_042cc4aaec00
1.0,validators,pathspec,120,0.5391,False,False,5000,1,124,target,mut_0537991382a1
1.0,validators,pathspec,120,0.0687,False,False,5000,1,125,target,mut_063037d34f5c
1.0,validators,pathspec,120,0.1282,False,False,5000,1,126,target,mut_08ca2ff2fd49
1.0,validators,pathspec,120,0.5872,False,False,5000,1,127,target,mut_0c9c25505bf8
1.0,validators,pathspec,120,0.1752,False,False,5000,1,128,target,mut_0db0cae15629
1.0,validators,pathspec,120,0.0766,False,False,5000,1,129,target,mut_0df2fc80778c
1.0,validators,pathspec,120,0.3894,False,False,5000,1,130,target,mut_0e1856ed9c82
1.0,validators,pathspec,120,0.0706,False,False,5000,1,131,target,mut_0e71bd8eeb9b
1.0,validators,pathspec,120,0.2381,False,False,5000,1,132,target,mut_0eae59124819
1.0,validators,pathspec,120,0.5316,False,False,5000,1,133,target,mut_103c57e8b52b
1.0,validators,pathspec,120,0.0856,False,False,5000,1,134,target,mut_105fd5984a08
1.0,validators,pathspec,120,0.0323,False,False,5000,1,135,target,mut_1077b8e04940
1.0,validators,pathspec,120,0.7924,False,False,5000,1,136,target,mut_11046ca225a1
1.0,validators,pathspec,120,0.3445,False,False,5000,1,137,target,mut_129b5a0395cd
1.0,validators,pathspec,120,0.5404,False,False,5000,1,138,target,mut_12b50720c6b0
1.0,validators,pathspec,120,0.0753,False,False,5000,1,139,target,mut_12f0655255ff
1.0,validators,pathspec,120,0.7901,False,False,5000,1,140,target,mut_13b2c5018f00
1.0,validators,pathspec,120,0.7924,False,False,5000,1,141,target,mut_16156a06d3b2
1.0,validators,pathspec,120,0.338,False,False,5000,1,142,target,mut_16562207f831
1.0,validators,pathspec,120,0.0767,False,False,5000,1,143,target,mut_169756297ddb
1.0,validators,pathspec,120,0.6656,False,False,5000,1,144,target,mut_174744bfd65b
1.0,validators,pathspec,120,0.252,False,False,5000,1,145,target,mut_17b5b3e7586c
1.0,validators,pathspec,120,0.5233,False,False,5000,1,146,target,mut_181f3c338c4f
1.0,validators,pathspec,120,0.3514,False,False,5000,1,147,target,mut_1837836f5018
1.0,validators,pathspec,120,0.7924,False,False,5000,1,148,target,mut_1871f18e8955
1.0,validators,pathspec,120,0.0698,False,False,5000,1,149,target,mut_18b46aa31898
1.0,validators,pathspec,120,0.0365,False,False,5000,1,150,target,mut_19b3c964fc12
1.0,validators,pathspec,120,0.7899,False,False,5000,1,151,target,mut_1b180004feb5
1.0,validators,pathspec,120,0.7901,False,False,5000,1,152,target,mut_1dcbe1f01b7b
1.0,validators,pathspec,120,0.7901,False,False,5000,1,153,target,mut_2034d433ac40
1.0,validators,pathspec,120,0.7863,True,True,5000,2,154,target,mut_230e632c5e55
1.0,validators,pathspec,120,0.3693,False,False,5000,2,155,target,mut_247ddadc59f1
1.0,validators,pathspec,120,0.1948,False,False,5000,2,156,target,mut_24a9efd7a4ab
1.0,validators,pathspec,120,0.1841,False,False,5000,2,157,target,mut_24e47521abf2
1.0,validators,pathspec,120,0.1842,False,False,5000,2,158,target,mut_268ef88dd929
1.0,validators,pathspec,120,0.0467,False,False,5000,2,159,target,mut_26be5e5ea9b6
1.0,validators,pathspec,120,0.4236,False,False,5000,2,160,target,mut_271a88b94f2a
1.0,validators,pathspec,120,0.1752,False,False,5000,2,161,target,mut_273b59fab021
1.0,validators,pathspec,120,0.2851,False,False,5000,2,162,target,mut_27531e910b3c
1.0,validators,pathspec,120,0.0664,False,False,5000,2,163,target,mut_2772e8b27f7f
1.0,validators,pathspec,120,0.0596,False,False,5000,2,164,target,mut_29db292771c0
1.0,validators,pathspec,120,0.1855,False,False,5000,2,165,target,mut_2a46d9d58366
1.0,validators,pathspec,120,0.1702,False,False,5000,2,166,target,mut_2a4800141334
1.0,validators,pathspec,120,0.0317,False,False,5000,2,167,target,mut_2aad23831dd3
1.0,validators,pathspec,120,0.0317,False,False,5000,2,168,target,mut_2b23de3aacc0
1.0,validators,pathspec,120,0.1823,False,False,5000,2,169,target,mut_2c26ae5c9de4
1.0,validators,pathspec,120,0.135,False,False,5000,2,170,target,mut_2ddbc9596010
1.0,validators,pathspec,120,0.068,False,False,5000,2,171,target,mut_2eb63ee45454
1.0,validators,pathspec,120,0.0413,False,False,5000,2,172,target,mut_2ec8e80960f0
1.0,validators,pathspec,120,0.1167,False,False,5000,2,173,target,mut_3082e187b8ef
1.0,validators,pathspec,120,0.0607,False,False,5000,2,174,target,mut_31f518d1d40a
1.0,validators,pathspec,120,0.0658,False,False,5000,2,175,target,mut_320e16630e8d
1.0,validators,pathspec,120,0.0467,False,False,5000,2,176,target,mut_320f1bbd9777
1.0,validators,pathspec,120,0.0308,False,False,5000,2,177,target,mut_3435678f3d1f
1.0,validators,pathspec,120,0.0915,False,False,5000,2,178,target,mut_34de7097f517
1.0,validators,pathspec,120,0.055,False,False,5000,2,179,target,mut_36ed19b50bb6
1.0,validators,pathspec,120,0.0516,False,False,5000,2,180,target,mut_38e31a877c89
1.0,validators,pathspec,120,0.1122,False,False,5000,2,181,target,mut_3d9c3b57e236
1.0,validators,pathspec,120,0.0953,False,False,5000,2,182,target,mut_3e91be117447
1.0,validators,pathspec,120,0.151,False,False,5000,2,183,target,mut_3f8d3853760f
1.0,validators,pathspec,120,0.0278,False,False,5000,2,184,target,mut_421ebecfcd7e
1.0,validators,pathspec,120,0.0707,False,False,5000,2,185,target,mut_427622f7a299
1.0,validators,pathspec,120,0.0308,False,False,5000,2,186,target,mut_431b67bbe621
1.0,validators,pathspec,120,0.0308,False,False,5000,2,187,target,mut_44b56e710faf
1.0,validators,pathspec,120,0.0278,False,False,5000,2,188,target,mut_45affd13a77a
1.0,validators,pathspec,120,0.0691,False,False,5000,2,189,target,mut_471432ae8885
1.0,validators,pathspec,120,0.1088,False,False,5000,2,190,target,mut_478be483b398
1.0,validators,pathspec,120,0.0652,False,False,5000,2,191,target,mut_4895293b4211
1.0,validators,pathspec,120,0.0306,False,False,5000,2,192,target,mut_48a4dc98589d
1.0,validators,pathspec,120,0.3151,False,False,5000,2,193,target,mut_4b178ce7b1ef
1.0,validators,pathspec,120,0.0307,False,False,5000,2,194,target,mut_4b8753325a9a
1.0,validators,pathspec,120,0.0502,False,False,5000,2,195,target,mut_4bd9378efc44
1.0,validators,pathspec,120,0.0401,False,False,5000,2,196,target,mut_4bebc81d0582
1.0,validators,pathspec,120,0.0591,False,False,5000,2,197,target,mut_4cf8d68b4291
1.0,validators,pathspec,120,0.1386,False,False,5000,2,198,target,mut_4d1623ec4661
1.0,validators,pathspec,120,0.0541,False,False,5000,2,199,target,mut_4e8862e3cf3a
1.0,validators,pathspec,120,0.0311,False,False,5000,2,200,target,mut_4f76f7f314d9
1.0,validators,pathspec,120,0.0658,False,False,5000,2,201,target,mut_4fdd8a6da136
1.0,validators,pathspec,120,0.0671,False,False,5000,2,202,target,mut_5089b607bf5d
1.0,validators,pathspec,120,0.0312,False,False,5000,2,203,target,mut_51b7548f6be4
1.0,validators,pathspec,120,0.0167,False,False,5000,2,204,target,mut_526e56868cea
1.0,validators,pathspec,120,0.2272,False,False,5000,2,205,target,mut_52a73d0e3ebe
1.0,validators,pathspec,120,0.1065,False,False,5000,2,206,target,mut_57980718178c
1.0,validators,pathspec,120,0.0307,False,False,5000,2,207,target,mut_57b8d262b042
1.0,validators,pathspec,120,0.1841,False,False,5000,2,208,target,mut_58050a99f914
1.0,validators,pathspec,120,0.0648,False,False,5000,2,209,target,mut_581dbb890a1d
1.0,validators,pathspec,120,0.0666,False,False,5000,2,210,target,mut_586d7fb49e4c
1.0,validators,pathspec,120,0.1837,False,False,5000,2,211,target,mut_592bf6aa2871
1.0,validators,pathspec,120,0.0359,False,False,5000,2,212,target,mut_5c86363cc27b
1.0,validators,pathspec,120,0.0984,False,False,5000,2,213,target,mut_610480bcafb0
1.0,validators,pathspec,120,0.2069,False,False,5000,2,214,target,mut_61c1c1b6fb62
1.0,validators,pathspec,120,0.0495,False,False,5000,2,215,target,mut_62cc960809a5
1.0,validators,pathspec,120,0.1445,False,False,5000,2,216,target,mut_62faa507b1c3
1.0,validators,pathspec,120,0.0966,False,False,5000,2,217,target,mut_63b475f1563c
1.0,validators,pathspec,120,0.2914,False,False,5000,2,218,target,mut_65cb36909e91
1.0,validators,pathspec,120,0.1121,False,False,5000,2,219,target,mut_65cf5fe0fb77
1.0,validators,pathspec,120,0.3334,False,False,5000,2,220,target,mut_664907c5da3e
1.0,validators,pathspec,120,0.6947,False,False,5000,2,221,target,mut_68c0e2f4e9c2
1.0,validators,pathspec,120,0.053,False,False,5000,2,222,target,mut_699eece1d1ef
1.0,validators,pathspec,120,0.0616,False,False,5000,2,223,target,mut_69f3d31ece8f
1.0,validators,pathspec,120,0.1607,False,False,5000,2,224,target,mut_6bd882e7041d
1.0,validators,pathspec,120,0.1248,False,False,5000,2,225,target,mut_6ca284c6786a
1.0,validators,pathspec,120,0.2631,False,False,5000,2,226,target,mut_6e1d88e54444
1.0,validators,pathspec,120,0.0736,False,False,5000,2,227,target,mut_6e31d7e44de0
1.0,validators,pathspec,120,0.0665,False,False,5000,2,228,target,mut_6e8869a3ac2f
1.0,validators,pathspec,120,0.0329,False,False,5000,2,229,target,mut_6f26d36d59d7
1.0,validators,pathspec,120,0.0418,False,False,5000,2,230,target,mut_71ead901f38b
1.0,validators,pathspec,120,0.0329,False,False,5000,2,231,target,mut_726eabd9fbbd
1.0,validators,pathspec,120,0.3864,False,False,5000,2,232,target,mut_728748b397c9
1.0,validators,pathspec,120,0.11,False,False,5000,2,233,target,mut_74b7d1c7be63
1.0,validators,pathspec,120,0.0799,False,False,5000,2,234,target,mut_75540a1b95e9
1.0,validators,pathspec,120,0.1158,False,False,5000,2,235,target,mut_76ffaf9691b5
1.0,validators,pathspec,120,0.0329,False,False,5000,2,236,target,mut_783a4dba2250
1.0,validators,pathspec,120,0.2982,False,False,5000,2,237,target,mut_789106b2993b
1.0,validators,pathspec,120,0.5242,False,False,5000,2,238,target,mut_78c8d340d52d
1.0,validators,pathspec,120,0.0319,False,False,5000,2,239,target,mut_7aacf915363b
2.0,pathspec,pyjwt,120,0.484,False,False,5000,0,0,source,mut_271a88b94f2a
2.0,pathspec,pyjwt,120,0.1686,False,False,5000,0,1,source,mut_273b59fab021
2.0,pathspec,pyjwt,120,0.2808,False,False,5000,0,2,source,mut_27531e910b3c
2.0,pathspec,pyjwt,120,0.0182,False,False,5000,0,3,source,mut_2772e8b27f7f
2.0,pathspec,pyjwt,120,0.0565,False,False,5000,0,4,source,mut_29db292771c0
2.0,pathspec,pyjwt,120,0.2303,False,False,5000,0,5,source,mut_2a46d9d58366
2.0,pathspec,pyjwt,120,0.0779,False,False,5000,0,6,source,mut_2a4800141334
2.0,pathspec,pyjwt,120,0.1293,False,False,5000,0,7,source,mut_2aad23831dd3
2.0,pathspec,pyjwt,120,0.1293,False,False,5000,0,8,source,mut_2b23de3aacc0
2.0,pathspec,pyjwt,120,0.1012,False,False,5000,0,9,source,mut_2c26ae5c9de4
2.0,pathspec,pyjwt,120,0.042,False,False,5000,0,10,source,mut_2ddbc9596010
2.0,pathspec,pyjwt,120,0.1112,False,False,5000,0,11,source,mut_2eb63ee45454
2.0,pathspec,pyjwt,120,0.1394,False,False,5000,0,12,source,mut_2ec8e80960f0
2.0,pathspec,pyjwt,120,0.0297,False,False,5000,0,13,source,mut_3082e187b8ef
2.0,pathspec,pyjwt,120,0.0316,False,False,5000,0,14,source,mut_31f518d1d40a
2.0,pathspec,pyjwt,120,0.0359,False,False,5000,0,15,source,mut_320e16630e8d
2.0,pathspec,pyjwt,120,0.0166,False,False,5000,0,16,source,mut_320f1bbd9777
2.0,pathspec,pyjwt,120,0.1275,False,False,5000,0,17,source,mut_3435678f3d1f
2.0,pathspec,pyjwt,120,0.0243,False,False,5000,0,18,source,mut_34de7097f517
2.0,pathspec,pyjwt,120,0.1076,False,False,5000,0,19,source,mut_36ed19b50bb6
2.0,pathspec,pyjwt,120,0.1012,False,False,5000,0,20,source,mut_38e31a877c89
2.0,pathspec,pyjwt,120,0.0485,False,False,5000,0,21,source,mut_3d9c3b57e236
2.0,pathspec,pyjwt,120,0.0293,False,False,5000,0,22,source,mut_3e91be117447
2.0,pathspec,pyjwt,120,0.1498,False,False,5000,0,23,source,mut_3f8d3853760f
2.0,pathspec,pyjwt,120,0.0841,False,False,5000,0,24,source,mut_421ebecfcd7e
2.0,pathspec,pyjwt,120,0.0225,False,False,5000,0,25,source,mut_427622f7a299
2.0,pathspec,pyjwt,120,0.1275,False,False,5000,0,26,source,mut_431b67bbe621
2.0,pathspec,pyjwt,120,0.1275,False,False,5000,0,27,source,mut_44b56e710faf
2.0,pathspec,pyjwt,120,0.0841,False,False,5000,0,28,source,mut_45affd13a77a
2.0,pathspec,pyjwt,120,0.1061,False,False,5000,0,29,source,mut_471432ae8885
2.0,pathspec,pyjwt,120,0.044,False,False,5000,0,30,source,mut_478be483b398
2.0,pathspec,pyjwt,120,0.0727,False,False,5000,0,31,source,mut_4895293b4211
2.0,pathspec,pyjwt,120,0.1244,False,False,5000,0,32,source,mut_48a4dc98589d
2.0,pathspec,pyjwt,120,0.3197,False,False,5000,0,33,source,mut_4b178ce7b1ef
2.0,pathspec,pyjwt,120,0.1255,False,False,5000,0,34,source,mut_4b8753325a9a
2.0,pathspec,pyjwt,120,0.1458,False,False,5000,0,35,source,mut_4bd9378efc44
2.0,pathspec,pyjwt,120,0.1272,False,False,5000,0,36,source,mut_4bebc81d0582
2.0,pathspec,pyjwt,120,0.0631,False,False,5000,0,37,source,mut_4cf8d68b4291
2.0,pathspec,pyjwt,120,0.1516,False,False,5000,0,38,source,mut_4d1623ec4661
2.0,pathspec,pyjwt,120,0.0383,False,False,5000,0,39,source,mut_4e8862e3cf3a
2.0,pathspec,pyjwt,120,0.1255,False,False,5000,0,40,source,mut_4f76f7f314d9
2.0,pathspec,pyjwt,120,0.1376,False,False,5000,0,41,source,mut_4fdd8a6da136
2.0,pathspec,pyjwt,120,0.0183,False,False,5000,0,42,source,mut_5089b607bf5d
2.0,pathspec,pyjwt,120,0.1255,False,False,5000,0,43,source,mut_51b7548f6be4
2.0,pathspec,pyjwt,120,0.0167,False,False,5000,0,44,source,mut_526e56868cea
2.0,pathspec,pyjwt,120,0.2104,False,False,5000,0,45,source,mut_52a73d0e3ebe
2.0,pathspec,pyjwt,120,0.0388,False,False,5000,0,46,source,mut_57980718178c
2.0,pathspec,pyjwt,120,0.1251,False,False,5000,0,47,source,mut_57b8d262b042
2.0,pathspec,pyjwt,120,0.2565,False,False,5000,0,48,source,mut_58050a99f914
2.0,pathspec,pyjwt,120,0.031,False,False,5000,0,49,source,mut_581dbb890a1d
2.0,pathspec,pyjwt,120,0.1012,False,False,5000,0,50,source,mut_586d7fb49e4c
2.0,pathspec,pyjwt,120,0.2564,False,False,5000,0,51,source,mut_592bf6aa2871
2.0,pathspec,pyjwt,120,0.0902,False,False,5000,0,52,source,mut_5c86363cc27b
2.0,pathspec,pyjwt,120,0.0295,False,False,5000,0,53,source,mut_610480bcafb0
2.0,pathspec,pyjwt,120,0.1497,False,False,5000,0,54,source,mut_61c1c1b6fb62
2.0,pathspec,pyjwt,120,0.0185,False,False,5000,0,55,source,mut_62cc960809a5
2.0,pathspec,pyjwt,120,0.0594,False,False,5000,0,56,source,mut_62faa507b1c3
2.0,pathspec,pyjwt,120,0.1345,False,False,5000,0,57,source,mut_63b475f1563c
2.0,pathspec,pyjwt,120,0.2223,False,False,5000,0,58,source,mut_65cb36909e91
2.0,pathspec,pyjwt,120,0.0436,False,False,5000,0,59,source,mut_65cf5fe0fb77
2.0,pathspec,pyjwt,120,0.3453,False,False,5000,0,60,source,mut_664907c5da3e
2.0,pathspec,pyjwt,120,0.7314,False,False,5000,0,61,source,mut_68c0e2f4e9c2
2.0,pathspec,pyjwt,120,0.037,False,False,5000,0,62,source,mut_699eece1d1ef
2.0,pathspec,pyjwt,120,0.0267,False,False,5000,0,63,source,mut_69f3d31ece8f
2.0,pathspec,pyjwt,120,0.1421,False,False,5000,0,64,source,mut_6bd882e7041d
2.0,pathspec,pyjwt,120,0.1052,False,False,5000,0,65,source,mut_6ca284c6786a
2.0,pathspec,pyjwt,120,0.2593,False,False,5000,0,66,source,mut_6e1d88e54444
2.0,pathspec,pyjwt,120,0.1124,False,False,5000,0,67,source,mut_6e31d7e44de0
2.0,pathspec,pyjwt,120,0.0403,False,False,5000,0,68,source,mut_6e8869a3ac2f
2.0,pathspec,pyjwt,120,0.0167,False,False,5000,0,69,source,mut_6f26d36d59d7
2.0,pathspec,pyjwt,120,0.1389,False,False,5000,0,70,source,mut_71ead901f38b
2.0,pathspec,pyjwt,120,0.0167,False,False,5000,0,71,source,mut_726eabd9fbbd
2.0,pathspec,pyjwt,120,0.4248,False,False,5000,0,72,source,mut_728748b397c9
2.0,pathspec,pyjwt,120,0.0402,False,False,5000,0,73,source,mut_74b7d1c7be63
2.0,pathspec,pyjwt,120,0.0456,False,False,5000,0,74,source,mut_75540a1b95e9
2.0,pathspec,pyjwt,120,0.0505,False,False,5000,0,75,source,mut_76ffaf9691b5
2.0,pathspec,pyjwt,120,0.0167,False,False,5000,0,76,source,mut_783a4dba2250
2.0,pathspec,pyjwt,120,0.2879,False,False,5000,0,77,source,mut_789106b2993b
2.0,pathspec,pyjwt,120,0.5199,False,False,5000,0,78,source,mut_78c8d340d52d
2.0,pathspec,pyjwt,120,0.1229,False,False,5000,0,79,source,mut_7aacf915363b
2.0,pathspec,pyjwt,120,0.1229,False,False,5000,0,80,source,mut_7c7d5e47831b
2.0,pathspec,pyjwt,120,0.0364,False,False,5000,0,81,source,mut_7d335baf7651
2.0,pathspec,pyjwt,120,0.0156,False,False,5000,0,82,source,mut_7dde5d5f76e6
2.0,pathspec,pyjwt,120,0.0167,False,False,5000,0,83,source,mut_7df37d728be3
2.0,pathspec,pyjwt,120,0.1792,False,False,5000,0,84,source,mut_7f34ecd06216
2.0,pathspec,pyjwt,120,0.0259,False,False,5000,0,85,source,mut_7f7ae1f96c94
2.0,pathspec,pyjwt,120,0.077,False,False,5000,0,86,source,mut_7fc96ad184cc
2.0,pathspec,pyjwt,120,0.0424,False,False,5000,0,87,source,mut_80373f5711eb
2.0,pathspec,pyjwt,120,0.0156,False,False,5000,0,88,source,mut_80b7a3269452
2.0,pathspec,pyjwt,120,0.5397,False,False,5000,0,89,source,mut_823f018497ed
2.0,pathspec,pyjwt,120,0.1125,False,False,5000,0,90,source,mut_831bd74c2ac9
2.0,pathspec,pyjwt,120,0.0806,False,False,5000,0,91,source,mut_8387b0f3a73a
2.0,pathspec,pyjwt,120,0.0156,False,False,5000,0,92,source,mut_84239c3bcfc2
2.0,pathspec,pyjwt,120,0.1185,False,False,5000,0,93,source,mut_84b5132b5f1c
2.0,pathspec,pyjwt,120,0.1124,False,False,5000,0,94,source,mut_863433ea349d
2.0,pathspec,pyjwt,120,0.4827,False,False,5000,0,95,source,mut_877609ab6efc
2.0,pathspec,pyjwt,120,0.1235,False,False,5000,0,96,source,mut_8794532a3677
2.0,pathspec,pyjwt,120,0.2313,False,False,5000,0,97,source,mut_8ad340ef9307
2.0,pathspec,pyjwt,120,0.1012,False,False,5000,0,98,source,mut_8adff7d261ef
2.0,pathspec,pyjwt,120,0.0156,False,False,5000,0,99,source,mut_8b68b9e8a642
2.0,pathspec,pyjwt,120,0.0156,False,False,5000,0,100,source,mut_8bea1842d255
2.0,pathspec,pyjwt,120,0.1523,False,False,5000,0,101,source,mut_8bfa7d74872d
2.0,pathspec,pyjwt,120,0.0374,False,False,5000,0,102,source,mut_8c2cb818e766
2.0,pathspec,pyjwt,120,0.027,False,False,5000,0,103,source,mut_8ce69e99be76
2.0,pathspec,pyjwt,120,0.0308,False,False,5000,0,104,source,mut_8d4bcd0255a9
2.0,pathspec,pyjwt,120,0.0453,False,False,5000,0,105,source,mut_8f2a2ec1d415
2.0,pathspec,pyjwt,120,0.3715,False,False,5000,0,106,source,mut_9092a77d0e53
2.0,pathspec,pyjwt,120,0.042,False,False,5000,0,107,source,mut_92ab8171bb0e
2.0,pathspec,pyjwt,120,0.4778,False,False,5000,0,108,source,mut_92addc6ad1be
2.0,pathspec,pyjwt,120,0.1615,False,False,5000,0,109,source,mut_93806bd38d9c
2.0,pathspec,pyjwt,120,0.2414,False,False,5000,0,110,source,mut_94db1e9297ba
2.0,pathspec,pyjwt,120,0.12,False,False,5000,0,111,source,mut_95719d0828b4
2.0,pathspec,pyjwt,120,0.0196,False,False,5000,0,112,source,mut_957cdf409595
2.0,pathspec,pyjwt,120,0.1183,False,False,5000,0,113,source,mut_95c4e91f4b0c
2.0,pathspec,pyjwt,120,0.0508,False,False,5000,0,114,source,mut_968dbc7e9989
2.0,pathspec,pyjwt,120,0.0344,False,False,5000,0,115,source,mut_992d5f59d2f2
2.0,pathspec,pyjwt,120,0.1623,False,False,5000,0,116,source,mut_99a079868ed1
2.0,pathspec,pyjwt,120,0.0268,False,False,5000,0,117,source,mut_9a8d5937b0cd
2.0,pathspec,pyjwt,120,0.0654,False,False,5000,0,118,source,mut_9b5216ce1154
2.0,pathspec,pyjwt,120,0.2467,False,False,5000,0,119,source,mut_9b565ea83a72
2.0,pathspec,pyjwt,120,0.1632,False,False,5000,0,120,target,mut_011b7a550781
2.0,pathspec,pyjwt,120,0.1317,False,False,5000,0,121,target,mut_025a2062b2d2
2.0,pathspec,pyjwt,120,0.6681,False,False,5000,0,122,target,mut_026e41ade2dd
2.0,pathspec,pyjwt,120,0.0169,False,False,5000,0,123,target,mut_0381f7a0347f
2.0,pathspec,pyjwt,120,0.2739,False,False,5000,0,124,target,mut_03b1ed75afd5
2.0,pathspec,pyjwt,120,0.7674,False,False,5000,0,125,target,mut_03f78dc2a2db
2.0,pathspec,pyjwt,120,0.3266,False,False,5000,0,126,target,mut_04a33694e06d
2.0,pathspec,pyjwt,120,0.1297,False,False,5000,0,127,target,mut_050fe3d70850
2.0,pathspec,pyjwt,120,0.1254,False,False,5000,0,128,target,mut_060ede386488
2.0,pathspec,pyjwt,120,0.2709,False,False,5000,0,129,target,mut_06dd54e998c8
2.0,pathspec,pyjwt,120,0.208,False,False,5000,0,130,target,mut_070c03ca5de7
2.0,pathspec,pyjwt,120,0.2567,False,False,5000,0,131,target,mut_0804fc88adc6
2.0,pathspec,pyjwt,120,0.202,False,False,5000,0,132,target,mut_08fe1ef1bf4f
2.0,pathspec,pyjwt,120,0.2504,False,False,5000,0,133,target,mut_0907a581ad8d
2.0,pathspec,pyjwt,120,0.171,False,False,5000,0,134,target,mut_0918eab2bdaa
2.0,pathspec,pyjwt,120,0.22,False,False,5000,0,135,target,mut_0a03e57cdd11
2.0,pathspec,pyjwt,120,0.1919,False,False,5000,0,136,target,mut_0aaa29b41f52
2.0,pathspec,pyjwt,120,0.1359,False,False,5000,0,137,target,mut_0bd7ee82381b
2.0,pathspec,pyjwt,120,0.3493,False,False,5000,0,138,target,mut_0c6969fb1099
2.0,pathspec,pyjwt,120,0.1612,False,False,5000,0,139,target,mut_0c91a0e64c2a
2.0,pathspec,pyjwt,120,0.1578,False,False,5000,0,140,target,mut_0cecdb08dd2e
2.0,pathspec,pyjwt,120,0.2183,False,False,5000,0,141,target,mut_0ee2194957d1
2.0,pathspec,pyjwt,120,0.3756,False,False,5000,0,142,target,mut_113f413c068a
2.0,pathspec,pyjwt,120,0.1486,False,False,5000,0,143,target,mut_11df805c8ef8
2.0,pathspec,pyjwt,120,0.1534,False,False,5000,0,144,target,mut_13ece2a867ee
2.0,pathspec,pyjwt,120,0.3755,False,False,5000,0,145,target,mut_14951975b253
2.0,pathspec,pyjwt,120,0.0685,False,False,5000,0,146,target,mut_15c1b66904c3
2.0,pathspec,pyjwt,120,0.1049,False,False,5000,0,147,target,mut_16dfd19f6c76
2.0,pathspec,pyjwt,120,0.1815,False,False,5000,0,148,target,mut_17e545452c8d
2.0,pathspec,pyjwt,120,0.1002,False,False,5000,0,149,target,mut_1890c6e1fdac
2.0,pathspec,pyjwt,120,0.2034,False,False,5000,0,150,target,mut_18cb0a587d65
2.0,pathspec,pyjwt,120,0.0981,False,False,5000,0,151,target,mut_19d075f690a5
2.0,pathspec,pyjwt,120,0.1028,False,False,5000,0,152,target,mut_1a9b70488b2c
2.0,pathspec,pyjwt,120,0.1008,False,False,5000,0,153,target,mut_1ac337afbb78
2.0,pathspec,pyjwt,120,0.0971,False,False,5000,0,154,target,mut_1c9279e74dda
2.0,pathspec,pyjwt,120,0.1905,False,False,5000,0,155,target,mut_1eb770f99e5e
2.0,pathspec,pyjwt,120,0.091,False,False,5000,0,156,target,mut_1f6f654065ec
2.0,pathspec,pyjwt,120,0.0678,False,False,5000,0,157,target,mut_1fc0f1a7b7f0
2.0,pathspec,pyjwt,120,0.0393,False,False,5000,0,158,target,mut_1ffaaa54c047
2.0,pathspec,pyjwt,120,0.045,False,False,5000,0,159,target,mut_20dbd0097bff
2.0,pathspec,pyjwt,120,0.1302,False,False,5000,0,160,target,mut_20f7c2b61afd
2.0,pathspec,pyjwt,120,0.041,False,False,5000,0,161,target,mut_2166c6015c41
2.0,pathspec,pyjwt,120,0.062,False,False,5000,0,162,target,mut_216f50c9920d
2.0,pathspec,pyjwt,120,0.0421,False,False,5000,0,163,target,mut_21a6decde87b
2.0,pathspec,pyjwt,120,0.0515,False,False,5000,0,164,target,mut_24e294eb01da
2.0,pathspec,pyjwt,120,0.0588,False,False,5000,0,165,target,mut_25bea34fda06
2.0,pathspec,pyjwt,120,0.0514,False,False,5000,0,166,target,mut_2718bf1b9b0e
2.0,pathspec,pyjwt,120,0.0465,False,False,5000,0,167,target,mut_27b09d8c7689
2.0,pathspec,pyjwt,120,0.0592,False,False,5000,0,168,target,mut_28ce0d973d74
2.0,pathspec,pyjwt,120,0.0916,False,False,5000,0,169,target,mut_295bafe67e4d
2.0,pathspec,pyjwt,120,0.1121,False,False,5000,0,170,target,mut_29e99c2cf3ea
2.0,pathspec,pyjwt,120,0.1015,False,False,5000,0,171,target,mut_29f508aa9ccf
2.0,pathspec,pyjwt,120,0.103,False,False,5000,0,172,target,mut_2a9c2a8eadc8
2.0,pathspec,pyjwt,120,0.0542,False,False,5000,0,173,target,mut_2aa3b6acb4ea
2.0,pathspec,pyjwt,120,0.0368,False,False,5000,0,174,target,mut_2ac852453414
2.0,pathspec,pyjwt,120,0.0351,False,False,5000,0,175,target,mut_2c4f80427f9d
2.0,pathspec,pyjwt,120,0.0325,False,False,5000,0,176,target,mut_2d948b208be0
2.0,pathspec,pyjwt,120,0.0152,False,False,5000,0,177,target,mut_2e00b44926f6
2.0,pathspec,pyjwt,120,0.0621,False,False,5000,0,178,target,mut_2f4454f56e97
2.0,pathspec,pyjwt,120,0.0377,False,False,5000,0,179,target,mut_309ac638becc
2.0,pathspec,pyjwt,120,0.0473,False,False,5000,0,180,target,mut_30a78d5efe94
2.0,pathspec,pyjwt,120,0.1986,False,False,5000,0,181,target,mut_30eaa795a680
2.0,pathspec,pyjwt,120,0.1077,False,False,5000,0,182,target,mut_3139b2ad0144
2.0,pathspec,pyjwt,120,0.1822,False,False,5000,0,183,target,mut_36d6b2eb1dd2
2.0,pathspec,pyjwt,120,0.0565,False,False,5000,0,184,target,mut_387d51aa0576
2.0,pathspec,pyjwt,120,0.0869,False,False,5000,0,185,target,mut_3932d965394a
2.0,pathspec,pyjwt,120,0.0707,False,False,5000,0,186,target,mut_398678965686
2.0,pathspec,pyjwt,120,0.062,False,False,5000,0,187,target,mut_3a6d87727a82
2.0,pathspec,pyjwt,120,0.0667,False,False,5000,0,188,target,mut_3a88b7a8d9a4
2.0,pathspec,pyjwt,120,0.0344,False,False,5000,0,189,target,mut_3ac3cf2072b8
2.0,pathspec,pyjwt,120,0.0737,False,False,5000,0,190,target,mut_3d3a5262de4b
2.0,pathspec,pyjwt,120,0.0639,False,False,5000,0,191,target,mut_3ff1e4e04ab9
2.0,pathspec,pyjwt,120,0.3745,False,False,5000,0,192,target,mut_4113d2e10736
2.0,pathspec,pyjwt,120,0.0512,False,False,5000,0,193,target,mut_42544b670025
2.0,pathspec,pyjwt,120,0.0779,False,False,5000,0,194,target,mut_437f7cc37d8d
2.0,pathspec,pyjwt,120,0.2299,False,False,5000,0,195,target,mut_43ec0ea9735a
2.0,pathspec,pyjwt,120,0.0525,False,False,5000,0,196,target,mut_43fb88911a37
2.0,pathspec,pyjwt,120,0.1895,False,False,5000,0,197,target,mut_444f60463623
2.0,pathspec,pyjwt,120,0.0762,False,False,5000,0,198,target,mut_456cfa26be64
2.0,pathspec,pyjwt,120,0.2249,False,False,5000,0,199,target,mut_463aa218c002
2.0,pathspec,pyjwt,120,0.2726,False,False,5000,0,200,target,mut_478a55ca2b09
2.0,pathspec,pyjwt,120,0.0594,False,False,5000,0,201,target,mut_4af46cbbaec7
2.0,pathspec,pyjwt,120,0.1022,False,False,5000,0,202,target,mut_4b3bb8874283
2.0,pathspec,pyjwt,120,0.391,False,False,5000,0,203,target,mut_4c0b49a434ba
2.0,pathspec,pyjwt,120,0.1097,False,False,5000,0,204,target,mut_4ccad6da159a
2.0,pathspec,pyjwt,120,0.1011,False,False,5000,0,205,target,mut_50e475c36c0a
2.0,pathspec,pyjwt,120,0.0576,False,False,5000,0,206,target,mut_50ed11f612cc
2.0,pathspec,pyjwt,120,0.0424,False,False,5000,0,207,target,mut_51e85f42c905
2.0,pathspec,pyjwt,120,0.0566,False,False,5000,0,208,target,mut_526a13aa0926
2.0,pathspec,pyjwt,120,0.0441,False,False,5000,0,209,target,mut_52ab84aad0d4
2.0,pathspec,pyjwt,120,0.0562,False,False,5000,0,210,target,mut_52fe5bac9a7a
2.0,pathspec,pyjwt,120,0.0545,False,False,5000,0,211,target,mut_545f16e5b3df
2.0,pathspec,pyjwt,120,0.0714,False,False,5000,0,212,target,mut_547f6fbbcbe2
2.0,pathspec,pyjwt,120,0.0616,False,False,5000,0,213,target,mut_54fa426f5858
2.0,pathspec,pyjwt,120,0.0959,False,False,5000,0,214,target,mut_592ce5f61ca7
2.0,pathspec,pyjwt,120,0.0635,False,False,5000,0,215,target,mut_5a0d26c058d4
2.0,pathspec,pyjwt,120,0.0778,False,False,5000,0,216,target,mut_5b3f2d9cbf03
2.0,pathspec,pyjwt,120,0.0387,False,False,5000,0,217,target,mut_5c64ff199ac5
2.0,pathspec,pyjwt,120,0.2376,False,False,5000,0,218,target,mut_5f51c0f4a848
2.0,pathspec,pyjwt,120,0.0766,False,False,5000,0,219,target,mut_6049d17f369e
2.0,pathspec,pyjwt,120,0.072,False,False,5000,0,220,target,mut_60552fac6908
2.0,pathspec,pyjwt,120,0.0394,False,False,5000,0,221,target,mut_60d6f3cf3948
2.0,pathspec,pyjwt,120,0.079,False,False,5000,0,222,target,mut_615c8ed8414e
2.0,pathspec,pyjwt,120,0.0615,False,False,5000,0,223,target,mut_6210fdc74359
2.0,pathspec,pyjwt,120,0.0463,False,False,5000,0,224,target,mut_65dbbf1f1b00
2.0,pathspec,pyjwt,120,0.0516,False,False,5000,0,225,target,mut_67610408123d
2.0,pathspec,pyjwt,120,0.0493,False,False,5000,0,226,target,mut_6762e5978e41
2.0,pathspec,pyjwt,120,0.0564,False,False,5000,0,227,target,mut_68fb61939483
2.0,pathspec,pyjwt,120,0.3832,False,False,5000,0,228,target,mut_69f17ac7f4ff
2.0,pathspec,pyjwt,120,0.1009,False,False,5000,0,229,target,mut_6a6c014ca1f7
2.0,pathspec,pyjwt,120,0.0753,False,False,5000,0,230,target,mut_6a9275dcfc0a
2.0,pathspec,pyjwt,120,0.3729,False,False,5000,0,231,target,mut_6ad127f32aea
2.0,pathspec,pyjwt,120,0.0568,False,False,5000,0,232,target,mut_6b65c1606cb4
2.0,pathspec,pyjwt,120,0.0367,False,False,5000,0,233,target,mut_6b81d79c96be
2.0,pathspec,pyjwt,120,0.0734,False,False,5000,0,234,target,mut_6c291d41de8b
2.0,pathspec,pyjwt,120,0.3573,False,False,5000,0,235,target,mut_6d9b19e64534
2.0,pathspec,pyjwt,120,0.0373,False,False,5000,0,236,target,mut_6db4ac6d9443
2.0,pathspec,pyjwt,120,0.0674,False,False,5000,0,237,target,mut_713de7973bcf
2.0,pathspec,pyjwt,120,0.0722,False,False,5000,0,238,target,mut_73d581fb62eb
2.0,pathspec,pyjwt,120,0.2217,False,False,5000,0,239,target,mut_74f0ea6a5857
2.0,pyjwt,sqlparse,120,0.1089,False,False,5000,0,0,source,mut_20f7c2b61afd
2.0,pyjwt,sqlparse,120,0.1176,False,False,5000,0,1,source,mut_2166c6015c41
2.0,pyjwt,sqlparse,120,0.0433,False,False,5000,0,2,source,mut_216f50c9920d
2.0,pyjwt,sqlparse,120,0.1372,False,False,5000,0,3,source,mut_21a6decde87b
2.0,pyjwt,sqlparse,120,0.0325,False,False,5000,0,4,source,mut_24e294eb01da
2.0,pyjwt,sqlparse,120,0.0404,False,False,5000,0,5,source,mut_25bea34fda06
2.0,pyjwt,sqlparse,120,0.0325,False,False,5000,0,6,source,mut_2718bf1b9b0e
2.0,pyjwt,sqlparse,120,0.0611,False,False,5000,0,7,source,mut_27b09d8c7689
2.0,pyjwt,sqlparse,120,0.0405,False,False,5000,0,8,source,mut_28ce0d973d74
2.0,pyjwt,sqlparse,120,0.0524,False,False,5000,0,9,source,mut_295bafe67e4d
2.0,pyjwt,sqlparse,120,0.0972,False,False,5000,0,10,source,mut_29e99c2cf3ea
2.0,pyjwt,sqlparse,120,0.0816,False,False,5000,0,11,source,mut_29f508aa9ccf
2.0,pyjwt,sqlparse,120,0.1009,False,False,5000,0,12,source,mut_2a9c2a8eadc8
2.0,pyjwt,sqlparse,120,0.0339,False,False,5000,0,13,source,mut_2aa3b6acb4ea
2.0,pyjwt,sqlparse,120,0.0419,False,False,5000,0,14,source,mut_2ac852453414
2.0,pyjwt,sqlparse,120,0.0373,False,False,5000,0,15,source,mut_2c4f80427f9d
2.0,pyjwt,sqlparse,120,0.0354,False,False,5000,0,16,source,mut_2d948b208be0
2.0,pyjwt,sqlparse,120,0.0263,False,False,5000,0,17,source,mut_2e00b44926f6
2.0,pyjwt,sqlparse,120,0.047,False,False,5000,0,18,source,mut_2f4454f56e97
2.0,pyjwt,sqlparse,120,0.1172,False,False,5000,0,19,source,mut_309ac638becc
2.0,pyjwt,sqlparse,120,0.0319,False,False,5000,0,20,source,mut_30a78d5efe94
2.0,pyjwt,sqlparse,120,0.1529,False,False,5000,0,21,source,mut_30eaa795a680
2.0,pyjwt,sqlparse,120,0.0945,False,False,5000,0,22,source,mut_3139b2ad0144
2.0,pyjwt,sqlparse,120,0.1634,False,False,5000,0,23,source,mut_36d6b2eb1dd2
2.0,pyjwt,sqlparse,120,0.037,False,False,5000,0,24,source,mut_387d51aa0576
2.0,pyjwt,sqlparse,120,0.07,False,False,5000,0,25,source,mut_3932d965394a
2.0,pyjwt,sqlparse,120,0.0638,False,False,5000,0,26,source,mut_398678965686
2.0,pyjwt,sqlparse,120,0.0416,False,False,5000,0,27,source,mut_3a6d87727a82
2.0,pyjwt,sqlparse,120,0.047,False,False,5000,0,28,source,mut_3a88b7a8d9a4
2.0,pyjwt,sqlparse,120,0.0383,False,False,5000,0,29,source,mut_3ac3cf2072b8
2.0,pyjwt,sqlparse,120,0.058,False,False,5000,0,30,source,mut_3d3a5262de4b
2.0,pyjwt,sqlparse,120,0.0501,False,False,5000,0,31,source,mut_3ff1e4e04ab9
2.0,pyjwt,sqlparse,120,0.3751,False,False,5000,0,32,source,mut_4113d2e10736
2.0,pyjwt,sqlparse,120,0.0318,False,False,5000,0,33,source,mut_42544b670025
2.0,pyjwt,sqlparse,120,0.0729,False,False,5000,0,34,source,mut_437f7cc37d8d
2.0,pyjwt,sqlparse,120,0.072,False,False,5000,0,35,source,mut_43ec0ea9735a
2.0,pyjwt,sqlparse,120,0.0313,False,False,5000,0,36,source,mut_43fb88911a37
2.0,pyjwt,sqlparse,120,0.1686,False,False,5000,0,37,source,mut_444f60463623
2.0,pyjwt,sqlparse,120,0.0555,False,False,5000,0,38,source,mut_456cfa26be64
2.0,pyjwt,sqlparse,120,0.195,False,False,5000,0,39,source,mut_463aa218c002
2.0,pyjwt,sqlparse,120,0.1129,False,False,5000,0,40,source,mut_478a55ca2b09
2.0,pyjwt,sqlparse,120,0.0374,False,False,5000,0,41,source,mut_4af46cbbaec7
2.0,pyjwt,sqlparse,120,0.0832,False,False,5000,0,42,source,mut_4b3bb8874283
2.0,pyjwt,sqlparse,120,0.3851,False,False,5000,0,43,source,mut_4c0b49a434ba
2.0,pyjwt,sqlparse,120,0.1489,False,False,5000,0,44,source,mut_4ccad6da159a
2.0,pyjwt,sqlparse,120,0.1242,False,False,5000,0,45,source,mut_50e475c36c0a
2.0,pyjwt,sqlparse,120,0.0562,False,False,5000,0,46,source,mut_50ed11f612cc
2.0,pyjwt,sqlparse,120,0.0456,False,False,5000,0,47,source,mut_51e85f42c905
2.0,pyjwt,sqlparse,120,0.0347,False,False,5000,0,48,source,mut_526a13aa0926
2.0,pyjwt,sqlparse,120,0.0773,False,False,5000,0,49,source,mut_52ab84aad0d4
2.0,pyjwt,sqlparse,120,0.0812,False,False,5000,0,50,source,mut_52fe5bac9a7a
2.0,pyjwt,sqlparse,120,0.0563,False,False,5000,0,51,source,mut_545f16e5b3df
2.0,pyjwt,sqlparse,120,0.0487,False,False,5000,0,52,source,mut_547f6fbbcbe2
2.0,pyjwt,sqlparse,120,0.0394,False,False,5000,0,53,source,mut_54fa426f5858
2.0,pyjwt,sqlparse,120,0.123,False,False,5000,0,54,source,mut_592ce5f61ca7
2.0,pyjwt,sqlparse,120,0.0419,False,False,5000,0,55,source,mut_5a0d26c058d4
2.0,pyjwt,sqlparse,120,0.0578,False,False,5000,0,56,source,mut_5b3f2d9cbf03
2.0,pyjwt,sqlparse,120,0.0382,False,False,5000,0,57,source,mut_5c64ff199ac5
2.0,pyjwt,sqlparse,120,0.0707,False,False,5000,0,58,source,mut_5f51c0f4a848
2.0,pyjwt,sqlparse,120,0.0507,False,False,5000,0,59,source,mut_6049d17f369e
2.0,pyjwt,sqlparse,120,0.0511,False,False,5000,0,60,source,mut_60552fac6908
2.0,pyjwt,sqlparse,120,0.0432,False,False,5000,0,61,source,mut_60d6f3cf3948
2.0,pyjwt,sqlparse,120,0.0605,False,False,5000,0,62,source,mut_615c8ed8414e
2.0,pyjwt,sqlparse,120,0.0423,False,False,5000,0,63,source,mut_6210fdc74359
2.0,pyjwt,sqlparse,120,0.0236,False,False,5000,0,64,source,mut_65dbbf1f1b00
2.0,pyjwt,sqlparse,120,0.0318,False,False,5000,0,65,source,mut_67610408123d
2.0,pyjwt,sqlparse,120,0.0501,False,False,5000,0,66,source,mut_6762e5978e41
2.0,pyjwt,sqlparse,120,0.0396,False,False,5000,0,67,source,mut_68fb61939483
2.0,pyjwt,sqlparse,120,0.3802,False,False,5000,0,68,source,mut_69f17ac7f4ff
2.0,pyjwt,sqlparse,120,0.1199,False,False,5000,0,69,source,mut_6a6c014ca1f7
2.0,pyjwt,sqlparse,120,0.0503,False,False,5000,0,70,source,mut_6a9275dcfc0a
2.0,pyjwt,sqlparse,120,0.372,False,False,5000,0,71,source,mut_6ad127f32aea
2.0,pyjwt,sqlparse,120,0.0573,False,False,5000,0,72,source,mut_6b65c1606cb4
2.0,pyjwt,sqlparse,120,0.0493,False,False,5000,0,73,source,mut_6b81d79c96be
2.0,pyjwt,sqlparse,120,0.0694,False,False,5000,0,74,source,mut_6c291d41de8b
2.0,pyjwt,sqlparse,120,0.3625,False,False,5000,0,75,source,mut_6d9b19e64534
2.0,pyjwt,sqlparse,120,0.0377,False,False,5000,0,76,source,mut_6db4ac6d9443
2.0,pyjwt,sqlparse,120,0.0708,False,False,5000,0,77,source,mut_713de7973bcf
2.0,pyjwt,sqlparse,120,0.0849,False,False,5000,0,78,source,mut_73d581fb62eb
2.0,pyjwt,sqlparse,120,0.1892,False,False,5000,0,79,source,mut_74f0ea6a5857
2.0,pyjwt,sqlparse,120,0.0255,False,False,5000,0,80,source,mut_75132a62bc6b
2.0,pyjwt,sqlparse,120,0.0466,False,False,5000,0,81,source,mut_77cad84aef17
2.0,pyjwt,sqlparse,120,0.033,False,False,5000,0,82,source,mut_7ab1e2c4cebd
2.0,pyjwt,sqlparse,120,0.0329,False,False,5000,0,83,source,mut_7ba5c6c51536
2.0,pyjwt,sqlparse,120,0.0439,False,False,5000,0,84,source,mut_7d2a2aa2296a
2.0,pyjwt,sqlparse,120,0.0274,False,False,5000,0,85,source,mut_7e0fb79566f5
2.0,pyjwt,sqlparse,120,0.0471,False,False,5000,0,86,source,mut_7ebf5a9a32cb
2.0,pyjwt,sqlparse,120,0.1072,False,False,5000,0,87,source,mut_825caac7065c
2.0,pyjwt,sqlparse,120,0.0219,False,False,5000,0,88,source,mut_82b6143e3e38
2.0,pyjwt,sqlparse,120,0.0891,False,False,5000,0,89,source,mut_842476a54c3f
2.0,pyjwt,sqlparse,120,0.0371,False,False,5000,0,90,source,mut_84bb1fa4caa8
2.0,pyjwt,sqlparse,120,0.0352,False,False,5000,0,91,source,mut_8535affd9884
2.0,pyjwt,sqlparse,120,0.0491,False,False,5000,0,92,source,mut_8544af5217f4
2.0,pyjwt,sqlparse,120,0.1331,False,False,5000,0,93,source,mut_889d49387bb1
2.0,pyjwt,sqlparse,120,0.2355,False,False,5000,0,94,source,mut_8ac5a6f05c07
2.0,pyjwt,sqlparse,120,0.089,False,False,5000,0,95,source,mut_8ad55c5ff59b
2.0,pyjwt,sqlparse,120,0.0441,False,False,5000,0,96,source,mut_8bae8add8f41
2.0,pyjwt,sqlparse,120,0.0473,False,False,5000,0,97,source,mut_8c1456f5a50b
2.0,pyjwt,sqlparse,120,0.0326,False,False,5000,0,98,source,mut_8c14b909d83c
2.0,pyjwt,sqlparse,120,0.0586,False,False,5000,0,99,source,mut_8c43829c33f8
2.0,pyjwt,sqlparse,120,0.0326,False,False,5000,0,100,source,mut_8ce25f2179e0
2.0,pyjwt,sqlparse,120,0.0745,False,False,5000,0,101,source,mut_8ce3abb21a38
2.0,pyjwt,sqlparse,120,0.0476,False,False,5000,0,102,source,mut_8e964d5ee0a6
2.0,pyjwt,sqlparse,120,0.0453,False,False,5000,0,103,source,mut_8f1c5520f4e7
2.0,pyjwt,sqlparse,120,0.041,False,False,5000,0,104,source,mut_91754eb2d23a
2.0,pyjwt,sqlparse,120,0.0488,False,False,5000,0,105,source,mut_94902348009a
2.0,pyjwt,sqlparse,120,0.3634,False,False,5000,0,106,source,mut_94d69deb5717
2.0,pyjwt,sqlparse,120,0.0376,False,False,5000,0,107,source,mut_9513cd281e72
2.0,pyjwt,sqlparse,120,0.0406,False,False,5000,0,108,source,mut_95b9f7b65bf2
2.0,pyjwt,sqlparse,120,0.0436,False,False,5000,0,109,source,mut_96598a40aa63
2.0,pyjwt,sqlparse,120,0.0213,False,False,5000,0,110,source,mut_9833817576ef
2.0,pyjwt,sqlparse,120,0.038,False,False,5000,0,111,source,mut_98758a682aa5
2.0,pyjwt,sqlparse,120,0.1151,False,False,5000,0,112,source,mut_99241348fde0
2.0,pyjwt,sqlparse,120,0.043,False,False,5000,0,113,source,mut_99b158ff3585
2.0,pyjwt,sqlparse,120,0.0445,False,False,5000,0,114,source,mut_99e45368bcbd
2.0,pyjwt,sqlparse,120,0.0328,False,False,5000,0,115,source,mut_9a4cd53ededa
2.0,pyjwt,sqlparse,120,0.0328,False,False,5000,0,116,source,mut_9aa4552580b1
2.0,pyjwt,sqlparse,120,0.0807,False,False,5000,0,117,source,mut_9b272810af03
2.0,pyjwt,sqlparse,120,0.0374,False,False,5000,0,118,source,mut_9d3f3dd7d526
2.0,pyjwt,sqlparse,120,0.0666,False,False,5000,0,119,source,mut_a101ac9aae77
2.0,pyjwt,sqlparse,120,0.0952,False,False,5000,0,120,target,mut_00ed85e60cd9
2.0,pyjwt,sqlparse,120,0.2308,False,False,5000,0,121,target,mut_01607a748050
2.0,pyjwt,sqlparse,120,0.3663,False,False,5000,0,122,target,mut_0224f619e35c
2.0,pyjwt,sqlparse,120,0.1247,False,False,5000,0,123,target,mut_026a10020b80
2.0,pyjwt,sqlparse,120,0.0859,False,False,5000,0,124,target,mut_03ee991cbb0a
2.0,pyjwt,sqlparse,120,0.1793,False,False,5000,0,125,target,mut_041c3482e05a
2.0,pyjwt,sqlparse,120,0.2333,False,False,5000,0,126,target,mut_0519ce964748
2.0,pyjwt,sqlparse,120,0.2266,False,False,5000,0,127,target,mut_05241599fa24
2.0,pyjwt,sqlparse,120,0.0823,False,False,5000,0,128,target,mut_05c5864de93f
2.0,pyjwt,sqlparse,120,0.2354,False,False,5000,0,129,target,mut_0633703f54bb
2.0,pyjwt,sqlparse,120,0.0978,False,False,5000,0,130,target,mut_0703ff01c280
2.0,pyjwt,sqlparse,120,0.0948,False,False,5000,0,131,target,mut_074fa6a12d6a
2.0,pyjwt,sqlparse,120,0.1197,False,False,5000,0,132,target,mut_084ecf13d0c7
2.0,pyjwt,sqlparse,120,0.0951,False,False,5000,0,133,target,mut_08c357c96661
2.0,pyjwt,sqlparse,120,0.1278,False,False,5000,0,134,target,mut_08c54a4a1774
2.0,pyjwt,sqlparse,120,0.1183,False,False,5000,0,135,target,mut_09e56869c62d
2.0,pyjwt,sqlparse,120,0.0812,False,False,5000,0,136,target,mut_0c28fc59246d
2.0,pyjwt,sqlparse,120,0.2484,False,False,5000,0,137,target,mut_0e6f69bff32e
2.0,pyjwt,sqlparse,120,0.3223,False,False,5000,0,138,target,mut_0ea074976f45
2.0,pyjwt,sqlparse,120,0.5905,False,False,5000,0,139,target,mut_0f6ab9f1dc53
2.0,pyjwt,sqlparse,120,0.1251,False,False,5000,0,140,target,mut_1110d9c4f3a2
2.0,pyjwt,sqlparse,120,0.3014,False,False,5000,0,141,target,mut_15da8a97f30d
2.0,pyjwt,sqlparse,120,0.0961,False,False,5000,0,142,target,mut_16d5526bba24
2.0,pyjwt,sqlparse,120,0.2011,True,True,5000,1,143,target,mut_1826940fb670
2.0,pyjwt,sqlparse,120,0.0313,False,False,5000,1,144,target,mut_18a327df7dd5
2.0,pyjwt,sqlparse,120,0.0377,False,False,5000,1,145,target,mut_1a27e32fb0d9
2.0,pyjwt,sqlparse,120,0.0558,False,False,5000,1,146,target,mut_1b410076d159
2.0,pyjwt,sqlparse,120,0.0313,False,False,5000,1,147,target,mut_1c741b52e4cc
2.0,pyjwt,sqlparse,120,0.6312,False,False,5000,1,148,target,mut_1d2a4ebddef7
2.0,pyjwt,sqlparse,120,0.1944,False,False,5000,1,149,target,mut_1dd1bf505ee1
2.0,pyjwt,sqlparse,120,0.0507,False,False,5000,1,150,target,mut_1e9e58f92d3c
2.0,pyjwt,sqlparse,120,0.2984,False,False,5000,1,151,target,mut_1f2e7bf62587
2.0,pyjwt,sqlparse,120,0.1937,False,False,5000,1,152,target,mut_1fc0cbcda288
2.0,pyjwt,sqlparse,120,0.0792,False,False,5000,1,153,target,mut_20eac5499782
2.0,pyjwt,sqlparse,120,0.0332,False,False,5000,1,154,target,mut_21429cd0b260
2.0,pyjwt,sqlparse,120,0.2031,False,False,5000,1,155,target,mut_217742f515df
2.0,pyjwt,sqlparse,120,0.2099,False,False,5000,1,156,target,mut_222d4967b863
2.0,pyjwt,sqlparse,120,0.7186,True,True,5000,2,157,target,mut_24e95de47642
2.0,pyjwt,sqlparse,120,0.5729,False,False,5000,2,158,target,mut_261a4ab9ed4c
2.0,pyjwt,sqlparse,120,0.3172,False,False,5000,2,159,target,mut_2634fd95f118
2.0,pyjwt,sqlparse,120,0.0915,False,False,5000,2,160,target,mut_274b3f00345f
2.0,pyjwt,sqlparse,120,0.1173,False,False,5000,2,161,target,mut_295c7ad3071a
2.0,pyjwt,sqlparse,120,0.1316,False,False,5000,2,162,target,mut_2a17d702d436
2.0,pyjwt,sqlparse,120,0.0933,False,False,5000,2,163,target,mut_2c129f4e9211
2.0,pyjwt,sqlparse,120,0.0946,False,False,5000,2,164,target,mut_2c2f66af1cfb
2.0,pyjwt,sqlparse,120,0.6388,False,False,5000,2,165,target,mut_2cbae98e3519
2.0,pyjwt,sqlparse,120,0.1398,False,False,5000,2,166,target,mut_2cdbaf08089d
2.0,pyjwt,sqlparse,120,0.6013,False,False,5000,2,167,target,mut_2dee09d62d9d
2.0,pyjwt,sqlparse,120,0.4428,False,False,5000,2,168,target,mut_30086f4982b4
2.0,pyjwt,sqlparse,120,0.0905,False,False,5000,2,169,target,mut_30eea9b5f492
2.0,pyjwt,sqlparse,120,0.0974,False,False,5000,2,170,target,mut_30eec3bb4d68
2.0,pyjwt,sqlparse,120,0.115,False,False,5000,2,171,target,mut_324c4b0e3c39
2.0,pyjwt,sqlparse,120,0.0929,False,False,5000,2,172,target,mut_33c0984d9374
2.0,pyjwt,sqlparse,120,0.0917,False,False,5000,2,173,target,mut_347bd9f817e9
2.0,pyjwt,sqlparse,120,0.1032,False,False,5000,2,174,target,mut_3607818929cb
2.0,pyjwt,sqlparse,120,0.1076,False,False,5000,2,175,target,mut_362a64bf5afe
2.0,pyjwt,sqlparse,120,0.1032,False,False,5000,2,176,target,mut_3729fae7806f
2.0,pyjwt,sqlparse,120,0.1045,False,False,5000,2,177,target,mut_37cb2031b486
2.0,pyjwt,sqlparse,120,0.0913,False,False,5000,2,178,target,mut_38183bd2c1ed
2.0,pyjwt,sqlparse,120,0.3906,False,False,5000,2,179,target,mut_38763383d7b0
2.0,pyjwt,sqlparse,120,0.0911,False,False,5000,2,180,target,mut_3955a686c91d
2.0,pyjwt,sqlparse,120,0.0921,False,False,5000,2,181,target,mut_3989cb53b832
2.0,pyjwt,sqlparse,120,0.2347,False,False,5000,2,182,target,mut_39975d92d790
2.0,pyjwt,sqlparse,120,0.0983,False,False,5000,2,183,target,mut_3a92baf97f66
2.0,pyjwt,sqlparse,120,0.1059,False,False,5000,2,184,target,mut_3b88002f0733
2.0,pyjwt,sqlparse,120,0.0893,False,False,5000,2,185,target,mut_3d58a54aa20f
2.0,pyjwt,sqlparse,120,0.0926,False,False,5000,2,186,target,mut_3e04b14de979
2.0,pyjwt,sqlparse,120,0.4126,False,False,5000,2,187,target,mut_3ffd50b21960
2.0,pyjwt,sqlparse,120,0.2168,False,False,5000,2,188,target,mut_407eb9486001
2.0,pyjwt,sqlparse,120,0.0901,False,False,5000,2,189,target,mut_4324b71a987c
2.0,pyjwt,sqlparse,120,0.3315,False,False,5000,2,190,target,mut_434d19a26cdb
2.0,pyjwt,sqlparse,120,0.1119,False,False,5000,2,191,target,mut_43695e7c2f7b
2.0,pyjwt,sqlparse,120,0.0966,False,False,5000,2,192,target,mut_437302185cb1
2.0,pyjwt,sqlparse,120,0.619,False,False,5000,2,193,target,mut_463c594b3f76
2.0,pyjwt,sqlparse,120,0.0958,False,False,5000,2,194,target,mut_48baccea58f0
2.0,pyjwt,sqlparse,120,0.2951,False,False,5000,2,195,target,mut_48fde9d2deea
2.0,pyjwt,sqlparse,120,0.0994,False,False,5000,2,196,target,mut_4b13ccc70742
2.0,pyjwt,sqlparse,120,0.3541,False,False,5000,2,197,target,mut_4c09085f2073
2.0,pyjwt,sqlparse,120,0.0886,False,False,5000,2,198,target,mut_4c4e6b8ce530
2.0,pyjwt,sqlparse,120,0.103,False,False,5000,2,199,target,mut_4ddc4cbd929b
2.0,pyjwt,sqlparse,120,0.1101,False,False,5000,2,200,target,mut_4ec1d7e52659
2.0,pyjwt,sqlparse,120,0.6553,False,False,5000,2,201,target,mut_4fea0ea939d2
2.0,pyjwt,sqlparse,120,0.6562,False,False,5000,2,202,target,mut_5058b98fc3dc
2.0,pyjwt,sqlparse,120,0.1087,False,False,5000,2,203,target,mut_50aabc4b5a25
2.0,pyjwt,sqlparse,120,0.4959,False,False,5000,2,204,target,mut_513085300da3
2.0,pyjwt,sqlparse,120,0.3702,False,False,5000,2,205,target,mut_515b7e3ac580
2.0,pyjwt,sqlparse,120,0.1008,False,False,5000,2,206,target,mut_51d953d55d3a
2.0,pyjwt,sqlparse,120,0.3403,False,False,5000,2,207,target,mut_563fc775221b
2.0,pyjwt,sqlparse,120,0.0949,False,False,5000,2,208,target,mut_565c4e576970
2.0,pyjwt,sqlparse,120,0.0987,False,False,5000,2,209,target,mut_577d92322485
2.0,pyjwt,sqlparse,120,0.6333,False,False,5000,2,210,target,mut_598fea02071b
2.0,pyjwt,sqlparse,120,0.0941,False,False,5000,2,211,target,mut_59ad839eb361
2.0,pyjwt,sqlparse,120,0.1018,False,False,5000,2,212,target,mut_59d5612d680e
2.0,pyjwt,sqlparse,120,0.1039,False,False,5000,2,213,target,mut_5a1265cdd7fd
2.0,pyjwt,sqlparse,120,0.1082,False,False,5000,2,214,target,mut_5a226ce8e9a0
2.0,pyjwt,sqlparse,120,0.1003,False,False,5000,2,215,target,mut_5c4e9febc1b4
2.0,pyjwt,sqlparse,120,0.2248,False,False,5000,2,216,target,mut_5c5dd82adb4a
2.0,pyjwt,sqlparse,120,0.1361,False,False,5000,2,217,target,mut_5c709acf8a71
2.0,pyjwt,sqlparse,120,0.0915,False,False,5000,2,218,target,mut_5c83645a4b40
2.0,pyjwt,sqlparse,120,0.4191,False,False,5000,2,219,target,mut_5ca66cf5e21c
2.0,pyjwt,sqlparse,120,0.0959,False,False,5000,2,220,target,mut_5e1e3f22ddce
2.0,pyjwt,sqlparse,120,0.0947,False,False,5000,2,221,target,mut_5e911c243c0e
2.0,pyjwt,sqlparse,120,0.0974,False,False,5000,2,222,target,mut_5f9ee10badbd
2.0,pyjwt,sqlparse,120,0.6794,False,False,5000,2,223,target,mut_603659d3c40d
2.0,pyjwt,sqlparse,120,0.5185,False,False,5000,2,224,target,mut_628c76f5d806
2.0,pyjwt,sqlparse,120,0.0991,False,False,5000,2,225,target,mut_683a907522ac
2.0,pyjwt,sqlparse,120,0.0991,False,False,5000,2,226,target,mut_68be773b8e4f
2.0,pyjwt,sqlparse,120,0.1651,False,False,5000,2,227,target,mut_6a213918b9c2
2.0,pyjwt,sqlparse,120,0.1523,False,False,5000,2,228,target,mut_6e3d6f48ed29
2.0,pyjwt,sqlparse,120,0.1701,False,False,5000,2,229,target,mut_6e5ae450d2f4
2.0,pyjwt,sqlparse,120,0.1095,False,False,5000,2,230,target,mut_6f68b59e3602
2.0,pyjwt,sqlparse,120,0.1011,False,False,5000,2,231,target,mut_70e6e6870886
2.0,pyjwt,sqlparse,120,0.1097,False,False,5000,2,232,target,mut_7180d183cdb2
2.0,pyjwt,sqlparse,120,0.0958,False,False,5000,2,233,target,mut_71b88b2cf7de
2.0,pyjwt,sqlparse,120,0.1212,False,False,5000,2,234,target,mut_71f61f9f2540
2.0,pyjwt,sqlparse,120,0.1022,False,False,5000,2,235,target,mut_731cab0bcb1e
2.0,pyjwt,sqlparse,120,0.4183,False,False,5000,2,236,target,mut_754d4bc16c13
2.0,pyjwt,sqlparse,120,0.0972,False,False,5000,2,237,target,mut_76df77b21013
2.0,pyjwt,sqlparse,120,0.095,False,False,5000,2,238,target,mut_779fd8ca5ea2
2.0,pyjwt,sqlparse,120,0.4139,False,False,5000,2,239,target,mut_78f391f3ae79
2.0,sqlparse,tabulate,120,0.046,False,False,5000,0,0,source,mut_274b3f00345f
2.0,sqlparse,tabulate,120,0.0639,False,False,5000,0,1,source,mut_295c7ad3071a
2.0,sqlparse,tabulate,120,0.0941,False,False,5000,0,2,source,mut_2a17d702d436
2.0,sqlparse,tabulate,120,0.0431,False,False,5000,0,3,source,mut_2c129f4e9211
2.0,sqlparse,tabulate,120,0.0295,False,False,5000,0,4,source,mut_2c2f66af1cfb
2.0,sqlparse,tabulate,120,0.1604,False,False,5000,0,5,source,mut_2cbae98e3519
2.0,sqlparse,tabulate,120,0.0947,False,False,5000,0,6,source,mut_2cdbaf08089d
2.0,sqlparse,tabulate,120,0.1892,False,False,5000,0,7,source,mut_2dee09d62d9d
2.0,sqlparse,tabulate,120,0.4425,False,False,5000,0,8,source,mut_30086f4982b4
2.0,sqlparse,tabulate,120,0.042,False,False,5000,0,9,source,mut_30eea9b5f492
2.0,sqlparse,tabulate,120,0.0314,False,False,5000,0,10,source,mut_30eec3bb4d68
2.0,sqlparse,tabulate,120,0.067,False,False,5000,0,11,source,mut_324c4b0e3c39
2.0,sqlparse,tabulate,120,0.0578,False,False,5000,0,12,source,mut_33c0984d9374
2.0,sqlparse,tabulate,120,0.0418,False,False,5000,0,13,source,mut_347bd9f817e9
2.0,sqlparse,tabulate,120,0.0525,False,False,5000,0,14,source,mut_3607818929cb
2.0,sqlparse,tabulate,120,0.0425,False,False,5000,0,15,source,mut_362a64bf5afe
2.0,sqlparse,tabulate,120,0.0508,False,False,5000,0,16,source,mut_3729fae7806f
2.0,sqlparse,tabulate,120,0.0528,False,False,5000,0,17,source,mut_37cb2031b486
2.0,sqlparse,tabulate,120,0.0417,False,False,5000,0,18,source,mut_38183bd2c1ed
2.0,sqlparse,tabulate,120,0.0652,False,False,5000,0,19,source,mut_38763383d7b0
2.0,sqlparse,tabulate,120,0.0444,False,False,5000,0,20,source,mut_3955a686c91d
2.0,sqlparse,tabulate,120,0.0436,False,False,5000,0,21,source,mut_3989cb53b832
2.0,sqlparse,tabulate,120,0.1989,False,False,5000,0,22,source,mut_39975d92d790
2.0,sqlparse,tabulate,120,0.0316,False,False,5000,0,23,source,mut_3a92baf97f66
2.0,sqlparse,tabulate,120,0.056,False,False,5000,0,24,source,mut_3b88002f0733
2.0,sqlparse,tabulate,120,0.0411,False,False,5000,0,25,source,mut_3d58a54aa20f
2.0,sqlparse,tabulate,120,0.0427,False,False,5000,0,26,source,mut_3e04b14de979
2.0,sqlparse,tabulate,120,0.71,False,False,5000,0,27,source,mut_3ffd50b21960
2.0,sqlparse,tabulate,120,0.1819,False,False,5000,0,28,source,mut_407eb9486001
2.0,sqlparse,tabulate,120,0.0395,False,False,5000,0,29,source,mut_4324b71a987c
2.0,sqlparse,tabulate,120,0.0847,False,False,5000,0,30,source,mut_434d19a26cdb
2.0,sqlparse,tabulate,120,0.052,False,False,5000,0,31,source,mut_43695e7c2f7b
2.0,sqlparse,tabulate,120,0.0395,False,False,5000,0,32,source,mut_437302185cb1
2.0,sqlparse,tabulate,120,0.6337,False,False,5000,0,33,source,mut_463c594b3f76
2.0,sqlparse,tabulate,120,0.0394,False,False,5000,0,34,source,mut_48baccea58f0
2.0,sqlparse,tabulate,120,0.0846,False,False,5000,0,35,source,mut_48fde9d2deea
2.0,sqlparse,tabulate,120,0.0466,False,False,5000,0,36,source,mut_4b13ccc70742
2.0,sqlparse,tabulate,120,0.3367,True,True,5000,1,37,source,mut_4c09085f2073
2.0,sqlparse,tabulate,120,0.1379,False,False,5000,1,38,source,mut_4c4e6b8ce530
2.0,sqlparse,tabulate,120,0.1432,False,False,5000,1,39,source,mut_4ddc4cbd929b
2.0,sqlparse,tabulate,120,0.149,False,False,5000,1,40,source,mut_4ec1d7e52659
2.0,sqlparse,tabulate,120,0.4816,False,False,5000,1,41,source,mut_4fea0ea939d2
2.0,sqlparse,tabulate,120,0.4823,False,False,5000,1,42,source,mut_5058b98fc3dc
2.0,sqlparse,tabulate,120,0.105,False,False,5000,1,43,source,mut_50aabc4b5a25
2.0,sqlparse,tabulate,120,0.482,False,False,5000,1,44,source,mut_513085300da3
2.0,sqlparse,tabulate,120,0.3415,False,False,5000,1,45,source,mut_515b7e3ac580
2.0,sqlparse,tabulate,120,0.2542,False,False,5000,1,46,source,mut_51d953d55d3a
2.0,sqlparse,tabulate,120,0.4077,False,False,5000,1,47,source,mut_563fc775221b
2.0,sqlparse,tabulate,120,0.1754,False,False,5000,1,48,source,mut_565c4e576970
2.0,sqlparse,tabulate,120,0.1506,False,False,5000,1,49,source,mut_577d92322485
2.0,sqlparse,tabulate,120,0.4743,False,False,5000,1,50,source,mut_598fea02071b
2.0,sqlparse,tabulate,120,0.3035,False,False,5000,1,51,source,mut_59ad839eb361
2.0,sqlparse,tabulate,120,0.304,True,True,5000,2,52,source,mut_59d5612d680e
2.0,sqlparse,tabulate,120,0.0496,False,False,5000,2,53,source,mut_5a1265cdd7fd
2.0,sqlparse,tabulate,120,0.0384,False,False,5000,2,54,source,mut_5a226ce8e9a0
2.0,sqlparse,tabulate,120,0.0555,False,False,5000,2,55,source,mut_5c4e9febc1b4
2.0,sqlparse,tabulate,120,0.1906,False,False,5000,2,56,source,mut_5c5dd82adb4a
2.0,sqlparse,tabulate,120,0.0991,False,False,5000,2,57,source,mut_5c709acf8a71
2.0,sqlparse,tabulate,120,0.0403,False,False,5000,2,58,source,mut_5c83645a4b40
2.0,sqlparse,tabulate,120,0.6995,False,False,5000,2,59,source,mut_5ca66cf5e21c
2.0,sqlparse,tabulate,120,0.0528,False,False,5000,2,60,source,mut_5e1e3f22ddce
2.0,sqlparse,tabulate,120,0.0426,False,False,5000,2,61,source,mut_5e911c243c0e
2.0,sqlparse,tabulate,120,0.0432,False,False,5000,2,62,source,mut_5f9ee10badbd
2.0,sqlparse,tabulate,120,0.0899,False,False,5000,2,63,source,mut_603659d3c40d
2.0,sqlparse,tabulate,120,0.0742,False,False,5000,2,64,source,mut_628c76f5d806
2.0,sqlparse,tabulate,120,0.0438,False,False,5000,2,65,source,mut_683a907522ac
2.0,sqlparse,tabulate,120,0.0397,False,False,5000,2,66,source,mut_68be773b8e4f
2.0,sqlparse,tabulate,120,0.1101,False,False,5000,2,67,source,mut_6a213918b9c2
2.0,sqlparse,tabulate,120,0.1008,False,False,5000,2,68,source,mut_6e3d6f48ed29
2.0,sqlparse,tabulate,120,0.1373,False,False,5000,2,69,source,mut_6e5ae450d2f4
2.0,sqlparse,tabulate,120,0.0376,False,False,5000,2,70,source,mut_6f68b59e3602
2.0,sqlparse,tabulate,120,0.0456,False,False,5000,2,71,source,mut_70e6e6870886
2.0,sqlparse,tabulate,120,0.1104,False,False,5000,2,72,source,mut_7180d183cdb2
2.0,sqlparse,tabulate,120,0.0393,False,False,5000,2,73,source,mut_71b88b2cf7de
2.0,sqlparse,tabulate,120,0.0792,False,False,5000,2,74,source,mut_71f61f9f2540
2.0,sqlparse,tabulate,120,0.0545,False,False,5000,2,75,source,mut_731cab0bcb1e
2.0,sqlparse,tabulate,120,0.1833,False,False,5000,2,76,source,mut_754d4bc16c13
2.0,sqlparse,tabulate,120,0.0387,False,False,5000,2,77,source,mut_76df77b21013
2.0,sqlparse,tabulate,120,0.0396,False,False,5000,2,78,source,mut_779fd8ca5ea2
2.0,sqlparse,tabulate,120,0.7065,False,False,5000,2,79,source,mut_78f391f3ae79
2.0,sqlparse,tabulate,120,0.0527,False,False,5000,2,80,source,mut_7a80661c2bdf
2.0,sqlparse,tabulate,120,0.0373,False,False,5000,2,81,source,mut_7ac454133642
2.0,sqlparse,tabulate,120,0.1146,False,False,5000,2,82,source,mut_7f1ddc9250cb
2.0,sqlparse,tabulate,120,0.0509,False,False,5000,2,83,source,mut_806afac0611b
2.0,sqlparse,tabulate,120,0.0411,False,False,5000,2,84,source,mut_807d8e804bf8
2.0,sqlparse,tabulate,120,0.0387,False,False,5000,2,85,source,mut_81b0f720b4ad
2.0,sqlparse,tabulate,120,0.0532,False,False,5000,2,86,source,mut_857cd34d9508
2.0,sqlparse,tabulate,120,0.4301,False,False,5000,2,87,source,mut_859de364d4a7
2.0,sqlparse,tabulate,120,0.4024,True,True,5000,3,88,source,mut_8732d5380027
2.0,sqlparse,tabulate,120,0.5761,False,False,5000,3,89,source,mut_8a5d75cb4aec
2.0,sqlparse,tabulate,120,0.4417,False,False,5000,3,90,source,mut_8afc8711c974
2.0,sqlparse,tabulate,120,0.4776,False,False,5000,3,91,source,mut_8afcbc176f7c
2.0,sqlparse,tabulate,120,0.6276,False,False,5000,3,92,source,mut_8bb6b81c5c05
2.0,sqlparse,tabulate,120,0.5556,False,False,5000,3,93,source,mut_8dec537426f2
2.0,sqlparse,tabulate,120,0.4748,False,False,5000,3,94,source,mut_8eb2650ff656
2.0,sqlparse,tabulate,120,0.632,False,False,5000,3,95,source,mut_908604a45c2c
2.0,sqlparse,tabulate,120,0.1682,False,False,5000,3,96,source,mut_90c65e06e91d
2.0,sqlparse,tabulate,120,0.0457,False,False,5000,3,97,source,mut_930916d9cada
2.0,sqlparse,tabulate,120,0.0479,False,False,5000,3,98,source,mut_9399d7fed319
2.0,sqlparse,tabulate,120,0.1095,False,False,5000,3,99,source,mut_95b57bdb8e06
2.0,sqlparse,tabulate,120,0.4587,False,False,5000,3,100,source,mut_95f34860eb42
2.0,sqlparse,tabulate,120,0.6079,False,False,5000,3,101,source,mut_982ebface207
2.0,sqlparse,tabulate,120,0.478,False,False,5000,3,102,source,mut_99b614a17041
2.0,sqlparse,tabulate,120,0.1287,False,False,5000,3,103,source,mut_99bbe3921446
2.0,sqlparse,tabulate,120,0.4482,False,False,5000,3,104,source,mut_9b3ec648417a
2.0,sqlparse,tabulate,120,0.0402,False,False,5000,3,105,source,mut_9bf67af918bd
2.0,sqlparse,tabulate,120,0.1305,False,False,5000,3,106,source,mut_9c15331910a5
2.0,sqlparse,tabulate,120,0.1981,False,False,5000,3,107,source,mut_9c99d9603470
2.0,sqlparse,tabulate,120,0.0489,False,False,5000,3,108,source,mut_9d8e6cc0069c
2.0,sqlparse,tabulate,120,0.0402,False,False,5000,3,109,source,mut_9f9228b8c4ec
2.0,sqlparse,tabulate,120,0.6505,False,False,5000,3,110,source,mut_a0e430d2e24c
2.0,sqlparse,tabulate,120,0.4485,False,False,5000,3,111,source,mut_a16d02f2dc00
2.0,sqlparse,tabulate,120,0.1344,False,False,5000,3,112,source,mut_a1f58669a52a
2.0,sqlparse,tabulate,120,0.0684,False,False,5000,3,113,source,mut_a21f60a5d0a2
2.0,sqlparse,tabulate,120,0.0506,False,False,5000,3,114,source,mut_a69c8d55276b
2.0,sqlparse,tabulate,120,0.0447,False,False,5000,3,115,source,mut_a8bedd912dd0
2.0,sqlparse,tabulate,120,0.4648,False,False,5000,3,116,source,mut_a949d8b1dc85
2.0,sqlparse,tabulate,120,0.0427,False,False,5000,3,117,source,mut_aa28b02f08d0
2.0,sqlparse,tabulate,120,0.0812,False,False,5000,3,118,source,mut_aa2b8a0635bf
2.0,sqlparse,tabulate,120,0.072,False,False,5000,3,119,source,mut_aaeb7748441b
2.0,sqlparse,tabulate,120,0.7373,False,False,5000,3,120,target,mut_01ff1dcdaf8f
2.0,sqlparse,tabulate,120,0.0687,False,False,5000,3,121,target,mut_030f8643f53d
2.0,sqlparse,tabulate,120,0.0426,False,False,5000,3,122,target,mut_0418ca7582e6
2.0,sqlparse,tabulate,120,0.0426,False,False,5000,3,123,target,mut_064986125f71
2.0,sqlparse,tabulate,120,0.0718,False,False,5000,3,124,target,mut_080e4fcfb8a7
2.0,sqlparse,tabulate,120,0.0799,False,False,5000,3,125,target,mut_085d658cb5db
2.0,sqlparse,tabulate,120,0.056,False,False,5000,3,126,target,mut_099834607006
2.0,sqlparse,tabulate,120,0.1083,False,False,5000,3,127,target,mut_0a099168b515
2.0,sqlparse,tabulate,120,0.0421,False,False,5000,3,128,target,mut_0e0deaefa0bc
2.0,sqlparse,tabulate,120,0.0605,False,False,5000,3,129,target,mut_0f07e7c4eca1
2.0,sqlparse,tabulate,120,0.0421,False,False,5000,3,130,target,mut_0f5523b9c786
2.0,sqlparse,tabulate,120,0.0419,False,False,5000,3,131,target,mut_0f846223248f
2.0,sqlparse,tabulate,120,0.0419,False,False,5000,3,132,target,mut_10790f95463d
2.0,sqlparse,tabulate,120,0.0445,False,False,5000,3,133,target,mut_10a084bd1391
2.0,sqlparse,tabulate,120,0.0481,False,False,5000,3,134,target,mut_1330de122069
2.0,sqlparse,tabulate,120,0.0949,False,False,5000,3,135,target,mut_13e43bd30215
2.0,sqlparse,tabulate,120,0.0684,False,False,5000,3,136,target,mut_14b738b2f366
2.0,sqlparse,tabulate,120,0.1557,False,False,5000,3,137,target,mut_16107d20d4f6
2.0,sqlparse,tabulate,120,0.058,False,False,5000,3,138,target,mut_180689350b61
2.0,sqlparse,tabulate,120,0.0579,False,False,5000,3,139,target,mut_1869f40a11fe
2.0,sqlparse,tabulate,120,0.1012,False,False,5000,3,140,target,mut_18772feacc7e
2.0,sqlparse,tabulate,120,0.0425,False,False,5000,3,141,target,mut_1bda071a6f7d
2.0,sqlparse,tabulate,120,0.0478,False,False,5000,3,142,target,mut_1cadb3e755b1
2.0,sqlparse,tabulate,120,0.0558,False,False,5000,3,143,target,mut_1e27d8008c13
2.0,sqlparse,tabulate,120,0.0626,False,False,5000,3,144,target,mut_242a460375e2
2.0,sqlparse,tabulate,120,0.0521,False,False,5000,3,145,target,mut_2648b8dfc8ed
2.0,sqlparse,tabulate,120,0.0575,False,False,5000,3,146,target,mut_284c0fbe9e56
2.0,sqlparse,tabulate,120,0.068,False,False,5000,3,147,target,mut_28b6393a4993
2.0,sqlparse,tabulate,120,0.3392,False,False,5000,3,148,target,mut_2939aef51aa6
2.0,sqlparse,tabulate,120,0.5947,False,False,5000,3,149,target,mut_2979613d9f2b
2.0,sqlparse,tabulate,120,0.0831,False,False,5000,3,150,target,mut_298287932461
2.0,sqlparse,tabulate,120,0.0479,False,False,5000,3,151,target,mut_2a5743e6e9db
2.0,sqlparse,tabulate,120,0.0581,False,False,5000,3,152,target,mut_2b05b1e50571
2.0,sqlparse,tabulate,120,0.0504,False,False,5000,3,153,target,mut_2c3cc24849a0
2.0,sqlparse,tabulate,120,0.053,False,False,5000,3,154,target,mut_2d8272190c42
2.0,sqlparse,tabulate,120,0.0531,False,False,5000,3,155,target,mut_2f34020fb58d
2.0,sqlparse,tabulate,120,0.0663,False,False,5000,3,156,target,mut_2fda078ae429
2.0,sqlparse,tabulate,120,0.0582,False,False,5000,3,157,target,mut_3174687b1191
2.0,sqlparse,tabulate,120,0.0455,False,False,5000,3,158,target,mut_32c633b81087
2.0,sqlparse,tabulate,120,0.0833,False,False,5000,3,159,target,mut_3330b13319e9
2.0,sqlparse,tabulate,120,0.0523,False,False,5000,3,160,target,mut_363ef3f029dc
2.0,sqlparse,tabulate,120,0.0552,False,False,5000,3,161,target,mut_375120641df2
2.0,sqlparse,tabulate,120,0.0406,False,False,5000,3,162,target,mut_37999cf9db01
2.0,sqlparse,tabulate,120,0.0654,False,False,5000,3,163,target,mut_37e23300dba2
2.0,sqlparse,tabulate,120,0.0576,False,False,5000,3,164,target,mut_38324fb7a27b
2.0,sqlparse,tabulate,120,0.0478,False,False,5000,3,165,target,mut_39025c466681
2.0,sqlparse,tabulate,120,0.0659,False,False,5000,3,166,target,mut_39d29cc47391
2.0,sqlparse,tabulate,120,0.0481,False,False,5000,3,167,target,mut_3bd3c269dfe5
2.0,sqlparse,tabulate,120,0.0565,False,False,5000,3,168,target,mut_3be2be653944
2.0,sqlparse,tabulate,120,0.7337,False,False,5000,3,169,target,mut_3cffefe36798
2.0,sqlparse,tabulate,120,0.1063,False,False,5000,3,170,target,mut_3e06caa9cc95
2.0,sqlparse,tabulate,120,0.5134,False,False,5000,3,171,target,mut_3ef310da54b1
2.0,sqlparse,tabulate,120,0.0878,False,False,5000,3,172,target,mut_3efbe3e5ff36
2.0,sqlparse,tabulate,120,0.709,False,False,5000,3,173,target,mut_3f8a2adaee1c
2.0,sqlparse,tabulate,120,0.6186,False,False,5000,3,174,target,mut_3fc83c229263
2.0,sqlparse,tabulate,120,0.1359,False,False,5000,3,175,target,mut_40b111a0ea20
2.0,sqlparse,tabulate,120,0.1388,False,False,5000,3,176,target,mut_4194c4a4dfe6
2.0,sqlparse,tabulate,120,0.1336,False,False,5000,3,177,target,mut_41fa99991f0b
2.0,sqlparse,tabulate,120,0.137,False,False,5000,3,178,target,mut_4384a219c955
2.0,sqlparse,tabulate,120,0.463,False,False,5000,3,179,target,mut_43bcabda2c1c
2.0,sqlparse,tabulate,120,0.1417,False,False,5000,3,180,target,mut_457012a4d98c
2.0,sqlparse,tabulate,120,0.1417,False,False,5000,3,181,target,mut_485192f8feb7
2.0,sqlparse,tabulate,120,0.1415,False,False,5000,3,182,target,mut_4bd59480cc4f
2.0,sqlparse,tabulate,120,0.1522,False,False,5000,3,183,target,mut_4cddc602efff
2.0,sqlparse,tabulate,120,0.1329,False,False,5000,3,184,target,mut_4d373729c558
2.0,sqlparse,tabulate,120,0.5202,False,False,5000,3,185,target,mut_4d3c42537ccd
2.0,sqlparse,tabulate,120,0.1396,False,False,5000,3,186,target,mut_4f5f9a062b32
2.0,sqlparse,tabulate,120,0.1396,False,False,5000,3,187,target,mut_50802d486d65
2.0,sqlparse,tabulate,120,0.0469,False,False,5000,3,188,target,mut_5178b3c4bcef
2.0,sqlparse,tabulate,120,0.1393,False,False,5000,3,189,target,mut_526f4add9f2a
2.0,sqlparse,tabulate,120,0.1471,False,False,5000,3,190,target,mut_52744975db96
2.0,sqlparse,tabulate,120,0.1397,False,False,5000,3,191,target,mut_52d3d84c77f0
2.0,sqlparse,tabulate,120,0.1411,False,False,5000,3,192,target,mut_55889f174052
2.0,sqlparse,tabulate,120,0.1377,False,False,5000,3,193,target,mut_55ad4af114d8
2.0,sqlparse,tabulate,120,0.0664,False,False,5000,3,194,target,mut_56245a077a9f
2.0,sqlparse,tabulate,120,0.1384,False,False,5000,3,195,target,mut_562d394e9f72
2.0,sqlparse,tabulate,120,0.4053,False,False,5000,3,196,target,mut_57d0c9cb114e
2.0,sqlparse,tabulate,120,0.1352,False,False,5000,3,197,target,mut_58305a6f4eb2
2.0,sqlparse,tabulate,120,0.2408,False,False,5000,3,198,target,mut_58c9743489d6
2.0,sqlparse,tabulate,120,0.1589,False,False,5000,3,199,target,mut_5abe2e3e882c
2.0,sqlparse,tabulate,120,0.0457,False,False,5000,3,200,target,mut_5c1b5c05a7d5
2.0,sqlparse,tabulate,120,0.325,False,False,5000,3,201,target,mut_5d39580f9286
2.0,sqlparse,tabulate,120,0.1468,False,False,5000,3,202,target,mut_5e3e2fd199aa
2.0,sqlparse,tabulate,120,0.1505,False,False,5000,3,203,target,mut_6078fe15ed24
2.0,sqlparse,tabulate,120,0.6059,False,False,5000,3,204,target,mut_61eea6c5ca38
2.0,sqlparse,tabulate,120,0.1737,False,False,5000,3,205,target,mut_63a7dbc5cfb4
2.0,sqlparse,tabulate,120,0.1705,False,False,5000,3,206,target,mut_65f9a94d5de9
2.0,sqlparse,tabulate,120,0.1709,False,False,5000,3,207,target,mut_66749e506a20
2.0,sqlparse,tabulate,120,0.1696,False,False,5000,3,208,target,mut_66dc922fc183
2.0,sqlparse,tabulate,120,0.6526,False,False,5000,3,209,target,mut_6706ca197df4
2.0,sqlparse,tabulate,120,0.1834,False,False,5000,3,210,target,mut_683996bdd811
2.0,sqlparse,tabulate,120,0.3914,False,False,5000,3,211,target,mut_68ec67ac89e4
2.0,sqlparse,tabulate,120,0.6312,False,False,5000,3,212,target,mut_69467f2af28e
2.0,sqlparse,tabulate,120,0.3424,False,False,5000,3,213,target,mut_69f7a0487a31
2.0,sqlparse,tabulate,120,0.0845,False,False,5000,3,214,target,mut_6aabac65417d
2.0,sqlparse,tabulate,120,0.2094,False,False,5000,3,215,target,mut_6b6d9a306e87
2.0,sqlparse,tabulate,120,0.2095,False,False,5000,3,216,target,mut_6be766ffae3e
2.0,sqlparse,tabulate,120,0.5614,False,False,5000,3,217,target,mut_6c3722313f43
2.0,sqlparse,tabulate,120,0.2263,False,False,5000,3,218,target,mut_6c389af055e7
2.0,sqlparse,tabulate,120,0.4061,False,False,5000,3,219,target,mut_6ca07ddd644b
2.0,sqlparse,tabulate,120,0.2314,False,False,5000,3,220,target,mut_6dfb599fc04e
2.0,sqlparse,tabulate,120,0.2318,False,False,5000,3,221,target,mut_6ee34073c9da
2.0,sqlparse,tabulate,120,0.0521,False,False,5000,3,222,target,mut_6f1c5b362cb6
2.0,sqlparse,tabulate,120,0.4591,False,False,5000,3,223,target,mut_7206f44e82b9
2.0,sqlparse,tabulate,120,0.2194,False,False,5000,3,224,target,mut_726a1e3349be
2.0,sqlparse,tabulate,120,0.2293,False,False,5000,3,225,target,mut_728a1c133c64
2.0,sqlparse,tabulate,120,0.4093,False,False,5000,3,226,target,mut_73c5ea89e51f
2.0,sqlparse,tabulate,120,0.2548,False,False,5000,3,227,target,mut_74d7ef899586
2.0,sqlparse,tabulate,120,0.219,False,False,5000,3,228,target,mut_75f9a0f96be0
2.0,sqlparse,tabulate,120,0.3616,False,False,5000,3,229,target,mut_771bdbf1556c
2.0,sqlparse,tabulate,120,0.3344,False,False,5000,3,230,target,mut_785ceb473257
2.0,sqlparse,tabulate,120,0.2273,False,False,5000,3,231,target,mut_78e23d7106f2
2.0,sqlparse,tabulate,120,0.119,False,False,5000,3,232,target,mut_797997904741
2.0,sqlparse,tabulate,120,0.3324,False,False,5000,3,233,target,mut_7af923a5072e
2.0,sqlparse,tabulate,120,0.2275,False,False,5000,3,234,target,mut_7c286298a8cf
2.0,sqlparse,tabulate,120,0.217,False,False,5000,3,235,target,mut_7c5fdede9d4c
2.0,sqlparse,tabulate,120,0.2169,False,False,5000,3,236,target,mut_7cc98fec983c
2.0,sqlparse,tabulate,120,0.2214,False,False,5000,3,237,target,mut_7d31ed51251a
2.0,sqlparse,tabulate,120,0.0648,False,False,5000,3,238,target,mut_7ef06352d3a7
2.0,sqlparse,tabulate,120,0.2177,False,False,5000,3,239,target,mut_80615b5b7282
2.0,tabulate,validators,120,0.2127,False,False,5000,0,0,source,mut_363ef3f029dc
2.0,tabulate,validators,120,0.2175,False,False,5000,0,1,source,mut_375120641df2
2.0,tabulate,validators,120,0.0496,False,False,5000,0,2,source,mut_37999cf9db01
2.0,tabulate,validators,120,0.2181,False,False,5000,0,3,source,mut_37e23300dba2
2.0,tabulate,validators,120,0.2126,False,False,5000,0,4,source,mut_38324fb7a27b
2.0,tabulate,validators,120,0.2112,False,False,5000,0,5,source,mut_39025c466681
2.0,tabulate,validators,120,0.2233,False,False,5000,0,6,source,mut_39d29cc47391
2.0,tabulate,validators,120,0.2106,False,False,5000,0,7,source,mut_3bd3c269dfe5
2.0,tabulate,validators,120,0.2137,False,False,5000,0,8,source,mut_3be2be653944
2.0,tabulate,validators,120,0.6147,False,False,5000,0,9,source,mut_3cffefe36798
2.0,tabulate,validators,120,0.2676,False,False,5000,0,10,source,mut_3e06caa9cc95
2.0,tabulate,validators,120,0.4545,False,False,5000,0,11,source,mut_3ef310da54b1
2.0,tabulate,validators,120,0.2165,False,False,5000,0,12,source,mut_3efbe3e5ff36
2.0,tabulate,validators,120,0.6172,False,False,5000,0,13,source,mut_3f8a2adaee1c
2.0,tabulate,validators,120,0.5961,False,False,5000,0,14,source,mut_3fc83c229263
2.0,tabulate,validators,120,0.2227,False,False,5000,0,15,source,mut_40b111a0ea20
2.0,tabulate,validators,120,0.2239,False,False,5000,0,16,source,mut_4194c4a4dfe6
2.0,tabulate,validators,120,0.2217,False,False,5000,0,17,source,mut_41fa99991f0b
2.0,tabulate,validators,120,0.2296,False,False,5000,0,18,source,mut_4384a219c955
2.0,tabulate,validators,120,0.4647,False,False,5000,0,19,source,mut_43bcabda2c1c
2.0,tabulate,validators,120,0.2296,False,False,5000,0,20,source,mut_457012a4d98c
2.0,tabulate,validators,120,0.2152,False,False,5000,0,21,source,mut_485192f8feb7
2.0,tabulate,validators,120,0.2173,False,False,5000,0,22,source,mut_4bd59480cc4f
2.0,tabulate,validators,120,0.226,False,False,5000,0,23,source,mut_4cddc602efff
2.0,tabulate,validators,120,0.2343,False,False,5000,0,24,source,mut_4d373729c558
2.0,tabulate,validators,120,0.4945,False,False,5000,0,25,source,mut_4d3c42537ccd
2.0,tabulate,validators,120,0.2421,False,False,5000,0,26,source,mut_4f5f9a062b32
2.0,tabulate,validators,120,0.2422,False,False,5000,0,27,source,mut_50802d486d65
2.0,tabulate,validators,120,0.0453,False,False,5000,0,28,source,mut_5178b3c4bcef
2.0,tabulate,validators,120,0.2343,False,False,5000,0,29,source,mut_526f4add9f2a
2.0,tabulate,validators,120,0.2484,False,False,5000,0,30,source,mut_52744975db96
2.0,tabulate,validators,120,0.2433,False,False,5000,0,31,source,mut_52d3d84c77f0
2.0,tabulate,validators,120,0.2451,False,False,5000,0,32,source,mut_55889f174052
2.0,tabulate,validators,120,0.2445,False,False,5000,0,33,source,mut_55ad4af114d8
2.0,tabulate,validators,120,0.0708,False,False,5000,0,34,source,mut_56245a077a9f
2.0,tabulate,validators,120,0.2479,False,False,5000,0,35,source,mut_562d394e9f72
2.0,tabulate,validators,120,0.4053,False,False,5000,0,36,source,mut_57d0c9cb114e
2.0,tabulate,validators,120,0.2444,False,False,5000,0,37,source,mut_58305a6f4eb2
2.0,tabulate,validators,120,0.3278,False,False,5000,0,38,source,mut_58c9743489d6
2.0,tabulate,validators,120,0.2591,False,False,5000,0,39,source,mut_5abe2e3e882c
2.0,tabulate,validators,120,0.0637,False,False,5000,0,40,source,mut_5c1b5c05a7d5
2.0,tabulate,validators,120,0.351,False,False,5000,0,41,source,mut_5d39580f9286
2.0,tabulate,validators,120,0.2466,False,False,5000,0,42,source,mut_5e3e2fd199aa
2.0,tabulate,validators,120,0.2494,False,False,5000,0,43,source,mut_6078fe15ed24
2.0,tabulate,validators,120,0.5562,True,True,5000,1,44,source,mut_61eea6c5ca38
2.0,tabulate,validators,120,0.6771,False,False,5000,1,45,source,mut_63a7dbc5cfb4
2.0,tabulate,validators,120,0.678,False,False,5000,1,46,source,mut_65f9a94d5de9
2.0,tabulate,validators,120,0.6745,False,False,5000,1,47,source,mut_66749e506a20
2.0,tabulate,validators,120,0.6781,False,False,5000,1,48,source,mut_66dc922fc183
2.0,tabulate,validators,120,0.2401,False,False,5000,1,49,source,mut_6706ca197df4
2.0,tabulate,validators,120,0.686,False,False,5000,1,50,source,mut_683996bdd811
2.0,tabulate,validators,120,0.4459,False,False,5000,1,51,source,mut_68ec67ac89e4
2.0,tabulate,validators,120,0.2278,False,False,5000,1,52,source,mut_69467f2af28e
2.0,tabulate,validators,120,0.5483,False,False,5000,1,53,source,mut_69f7a0487a31
2.0,tabulate,validators,120,0.0978,False,False,5000,1,54,source,mut_6aabac65417d
2.0,tabulate,validators,120,0.691,False,False,5000,1,55,source,mut_6b6d9a306e87
2.0,tabulate,validators,120,0.691,False,False,5000,1,56,source,mut_6be766ffae3e
2.0,tabulate,validators,120,0.2644,False,False,5000,1,57,source,mut_6c3722313f43
2.0,tabulate,validators,120,0.6813,False,False,5000,1,58,source,mut_6c389af055e7
2.0,tabulate,validators,120,0.4955,False,False,5000,1,59,source,mut_6ca07ddd644b
2.0,tabulate,validators,120,0.6909,False,False,5000,1,60,source,mut_6dfb599fc04e
2.0,tabulate,validators,120,0.7072,False,False,5000,1,61,source,mut_6ee34073c9da
2.0,tabulate,validators,120,0.0886,False,False,5000,1,62,source,mut_6f1c5b362cb6
2.0,tabulate,validators,120,0.3806,False,False,5000,1,63,source,mut_7206f44e82b9
2.0,tabulate,validators,120,0.7032,False,False,5000,1,64,source,mut_726a1e3349be
2.0,tabulate,validators,120,0.6891,False,False,5000,1,65,source,mut_728a1c133c64
2.0,tabulate,validators,120,0.4899,False,False,5000,1,66,source,mut_73c5ea89e51f
2.0,tabulate,validators,120,0.6626,False,False,5000,1,67,source,mut_74d7ef899586
2.0,tabulate,validators,120,0.6999,False,False,5000,1,68,source,mut_75f9a0f96be0
2.0,tabulate,validators,120,0.5123,False,False,5000,1,69,source,mut_771bdbf1556c
2.0,tabulate,validators,120,0.5594,False,False,5000,1,70,source,mut_785ceb473257
2.0,tabulate,validators,120,0.6984,False,False,5000,1,71,source,mut_78e23d7106f2
2.0,tabulate,validators,120,0.1164,False,False,5000,1,72,source,mut_797997904741
2.0,tabulate,validators,120,0.5878,False,False,5000,1,73,source,mut_7af923a5072e
2.0,tabulate,validators,120,0.6899,False,False,5000,1,74,source,mut_7c286298a8cf
2.0,tabulate,validators,120,0.7005,False,False,5000,1,75,source,mut_7c5fdede9d4c
2.0,tabulate,validators,120,0.7003,False,False,5000,1,76,source,mut_7cc98fec983c
2.0,tabulate,validators,120,0.6841,False,False,5000,1,77,source,mut_7d31ed51251a
2.0,tabulate,validators,120,0.09,False,False,5000,1,78,source,mut_7ef06352d3a7
2.0,tabulate,validators,120,0.6881,False,False,5000,1,79,source,mut_80615b5b7282
2.0,tabulate,validators,120,0.689,False,False,5000,1,80,source,mut_811487a68c5d
2.0,tabulate,validators,120,0.6828,False,False,5000,1,81,source,mut_8181a2f82da7
2.0,tabulate,validators,120,0.6646,False,False,5000,1,82,source,mut_88b12601c6b4
2.0,tabulate,validators,120,0.688,False,False,5000,1,83,source,mut_89568a9687b8
2.0,tabulate,validators,120,0.6814,False,False,5000,1,84,source,mut_8a98ecc1d2d4
2.0,tabulate,validators,120,0.6805,False,False,5000,1,85,source,mut_8c4aaa0e41ce
2.0,tabulate,validators,120,0.6728,False,False,5000,1,86,source,mut_8c608518a181
2.0,tabulate,validators,120,0.6788,False,False,5000,1,87,source,mut_8c786843757a
2.0,tabulate,validators,120,0.6824,False,False,5000,1,88,source,mut_8cf7bb535c6a
2.0,tabulate,validators,120,0.5758,False,False,5000,1,89,source,mut_8d903b6b05a3
2.0,tabulate,validators,120,0.1096,False,False,5000,1,90,source,mut_8f3048c9fdb7
2.0,tabulate,validators,120,0.6761,False,False,5000,1,91,source,mut_921c9bdec666
2.0,tabulate,validators,120,0.5684,False,False,5000,1,92,source,mut_92feb5abd563
2.0,tabulate,validators,120,0.6804,False,False,5000,1,93,source,mut_932e7cda0930
2.0,tabulate,validators,120,0.6772,False,False,5000,1,94,source,mut_93ab546ac587
2.0,tabulate,validators,120,0.6873,False,False,5000,1,95,source,mut_9425e56c8f32
2.0,tabulate,validators,120,0.4258,False,False,5000,1,96,source,mut_95e0ba25ca32
2.0,tabulate,validators,120,0.6965,False,False,5000,1,97,source,mut_999907b4c7a6
2.0,tabulate,validators,120,0.3986,False,False,5000,1,98,source,mut_9b7d45f02538
2.0,tabulate,validators,120,0.7049,False,False,5000,1,99,source,mut_9cb5320581a3
2.0,tabulate,validators,120,0.7102,False,False,5000,1,100,source,mut_9de10da28138
2.0,tabulate,validators,120,0.708,False,False,5000,1,101,source,mut_9e01564fb2ab
2.0,tabulate,validators,120,0.7063,False,False,5000,1,102,source,mut_9e6ff70ad808
2.0,tabulate,validators,120,0.6819,False,False,5000,1,103,source,mut_a1a4182595b1
2.0,tabulate,validators,120,0.7045,False,False,5000,1,104,source,mut_a241047a443f
2.0,tabulate,validators,120,0.7137,False,False,5000,1,105,source,mut_a2b65cfb3d3a
2.0,tabulate,validators,120,0.7053,False,False,5000,1,106,source,mut_a63f710c92d1
2.0,tabulate,validators,120,0.6986,False,False,5000,1,107,source,mut_a67051d78031
2.0,tabulate,validators,120,0.6988,False,False,5000,1,108,source,mut_aa7f0f34b10d
2.0,tabulate,validators,120,0.4182,False,False,5000,1,109,source,mut_aafb68a62b09
2.0,tabulate,validators,120,0.0929,False,False,5000,1,110,source,mut_ab09c49fd53a
2.0,tabulate,validators,120,0.4278,False,False,5000,1,111,source,mut_ab58be0bb8c2
2.0,tabulate,validators,120,0.7064,False,False,5000,1,112,source,mut_ad33877f23bb
2.0,tabulate,validators,120,0.7158,False,False,5000,1,113,source,mut_ae36e3d9e7f6
2.0,tabulate,validators,120,0.7095,False,False,5000,1,114,source,mut_b07810dc98f4
2.0,tabulate,validators,120,0.697,False,False,5000,1,115,source,mut_b0ff2a65ff0d
2.0,tabulate,validators,120,0.7039,False,False,5000,1,116,source,mut_b2a32bf545ca
2.0,tabulate,validators,120,0.7109,False,False,5000,1,117,source,mut_b5768671456c
2.0,tabulate,validators,120,0.6971,False,False,5000,1,118,source,mut_b688877f7d5c
2.0,tabulate,validators,120,0.7109,False,False,5000,1,119,source,mut_b6a2085614f1
2.0,tabulate,validators,120,0.0445,False,False,5000,1,120,target,mut_001b988525ce
2.0,tabulate,validators,120,0.0444,False,False,5000,1,121,target,mut_0050ec50d7f6
2.0,tabulate,validators,120,0.0427,False,False,5000,1,122,target,mut_0151fb65ff25
2.0,tabulate,validators,120,0.0427,False,False,5000,1,123,target,mut_01a12dc9938d
2.0,tabulate,validators,120,0.0573,False,False,5000,1,124,target,mut_01a42bc76525
2.0,tabulate,validators,120,0.0399,False,False,5000,1,125,target,mut_01b58447823e
2.0,tabulate,validators,120,0.0483,False,False,5000,1,126,target,mut_023a8f13b446
2.0,tabulate,validators,120,0.0457,False,False,5000,1,127,target,mut_026fd25fc412
2.0,tabulate,validators,120,0.045,False,False,5000,1,128,target,mut_02c592edc150
2.0,tabulate,validators,120,0.042,False,False,5000,1,129,target,mut_03246c80d914
2.0,tabulate,validators,120,0.0416,False,False,5000,1,130,target,mut_06c55d30e1cb
2.0,tabulate,validators,120,0.05,False,False,5000,1,131,target,mut_06ef31fddfdd
2.0,tabulate,validators,120,0.0397,False,False,5000,1,132,target,mut_07b921225588
2.0,tabulate,validators,120,0.0445,False,False,5000,1,133,target,mut_0824a54d85d5
2.0,tabulate,validators,120,0.0481,False,False,5000,1,134,target,mut_094b75585191
2.0,tabulate,validators,120,0.0398,False,False,5000,1,135,target,mut_0a400a1d1f2e
2.0,tabulate,validators,120,0.0419,False,False,5000,1,136,target,mut_0b8fa6e03d72
2.0,tabulate,validators,120,0.0541,False,False,5000,1,137,target,mut_0c8cf609b6a9
2.0,tabulate,validators,120,0.0419,False,False,5000,1,138,target,mut_0fe60d4211b3
2.0,tabulate,validators,120,0.0428,False,False,5000,1,139,target,mut_109e58907214
2.0,tabulate,validators,120,0.0398,False,False,5000,1,140,target,mut_10d02430144a
2.0,tabulate,validators,120,0.0476,False,False,5000,1,141,target,mut_1194944ee0a0
2.0,tabulate,validators,120,0.0454,False,False,5000,1,142,target,mut_126f999cbf80
2.0,tabulate,validators,120,0.0574,False,False,5000,1,143,target,mut_134c76afce8c
2.0,tabulate,validators,120,0.0376,False,False,5000,1,144,target,mut_13ffada5a316
2.0,tabulate,validators,120,0.049,False,False,5000,1,145,target,mut_141193d2b654
2.0,tabulate,validators,120,0.0392,False,False,5000,1,146,target,mut_16383dcdb31c
2.0,tabulate,validators,120,0.0513,False,False,5000,1,147,target,mut_166a946c500f
2.0,tabulate,validators,120,0.0485,False,False,5000,1,148,target,mut_1a70d67d835f
2.0,tabulate,validators,120,0.0592,False,False,5000,1,149,target,mut_1a89bab39aee
2.0,tabulate,validators,120,0.1842,False,False,5000,1,150,target,mut_1a9410854252
2.0,tabulate,validators,120,0.0398,False,False,5000,1,151,target,mut_1aa5729f476d
2.0,tabulate,validators,120,0.0417,False,False,5000,1,152,target,mut_1de5686af8b8
2.0,tabulate,validators,120,0.0484,False,False,5000,1,153,target,mut_1f45b57e6554
2.0,tabulate,validators,120,0.0406,False,False,5000,1,154,target,mut_1f47e8bb3664
2.0,tabulate,validators,120,0.0406,False,False,5000,1,155,target,mut_1f9c7d81a427
2.0,tabulate,validators,120,0.0468,False,False,5000,1,156,target,mut_20fb6937abce
2.0,tabulate,validators,120,0.0554,False,False,5000,1,157,target,mut_2317c2a229ce
2.0,tabulate,validators,120,0.0394,False,False,5000,1,158,target,mut_27ec4b9275fd
2.0,tabulate,validators,120,0.0439,False,False,5000,1,159,target,mut_285f5b886dd5
2.0,tabulate,validators,120,0.0479,False,False,5000,1,160,target,mut_289f57866ae7
2.0,tabulate,validators,120,0.0418,False,False,5000,1,161,target,mut_2901fb77a5d5
2.0,tabulate,validators,120,0.0481,False,False,5000,1,162,target,mut_29ccdf85d582
2.0,tabulate,validators,120,0.0398,False,False,5000,1,163,target,mut_2a92b8d95ee8
2.0,tabulate,validators,120,0.0503,False,False,5000,1,164,target,mut_2ad0e4dafa3b
2.0,tabulate,validators,120,0.0541,False,False,5000,1,165,target,mut_2cdea7c4328e
2.0,tabulate,validators,120,0.0408,False,False,5000,1,166,target,mut_2d0a27e2afa6
2.0,tabulate,validators,120,0.0431,False,False,5000,1,167,target,mut_2d8d84c4d455
2.0,tabulate,validators,120,0.04,False,False,5000,1,168,target,mut_30a7d491f32f
2.0,tabulate,validators,120,0.0435,False,False,5000,1,169,target,mut_30e86d697433
2.0,tabulate,validators,120,0.0438,False,False,5000,1,170,target,mut_36c2d446fe15
2.0,tabulate,validators,120,0.0389,False,False,5000,1,171,target,mut_36e292ffc3ef
2.0,tabulate,validators,120,0.0558,False,False,5000,1,172,target,mut_3774cdaf370e
2.0,tabulate,validators,120,0.0425,False,False,5000,1,173,target,mut_3928233dbdcc
2.0,tabulate,validators,120,0.0401,False,False,5000,1,174,target,mut_395f1ab98b35
2.0,tabulate,validators,120,0.0448,False,False,5000,1,175,target,mut_39be6b85e7ee
2.0,tabulate,validators,120,0.049,False,False,5000,1,176,target,mut_3a5ca7649694
2.0,tabulate,validators,120,0.0423,False,False,5000,1,177,target,mut_3dcec3ec759c
2.0,tabulate,validators,120,0.0379,False,False,5000,1,178,target,mut_3dd0386d5f78
2.0,tabulate,validators,120,0.0533,False,False,5000,1,179,target,mut_3e4a582a3a2b
2.0,tabulate,validators,120,0.0468,False,False,5000,1,180,target,mut_3e739b7fe6fc
2.0,tabulate,validators,120,0.0542,False,False,5000,1,181,target,mut_3fd09fd69732
2.0,tabulate,validators,120,0.045,False,False,5000,1,182,target,mut_41b88e094971
2.0,tabulate,validators,120,0.0617,False,False,5000,1,183,target,mut_428e29ee962b
2.0,tabulate,validators,120,0.0402,False,False,5000,1,184,target,mut_4426be1f5b7d
2.0,tabulate,validators,120,0.0403,False,False,5000,1,185,target,mut_44819cc538eb
2.0,tabulate,validators,120,0.0494,False,False,5000,1,186,target,mut_453957b0c500
2.0,tabulate,validators,120,0.0423,False,False,5000,1,187,target,mut_4584024a2a86
2.0,tabulate,validators,120,0.044,False,False,5000,1,188,target,mut_47d744973bf5
2.0,tabulate,validators,120,0.0526,False,False,5000,1,189,target,mut_4ab43ceb3983
2.0,tabulate,validators,120,0.0444,False,False,5000,1,190,target,mut_4aed3bddcc61
2.0,tabulate,validators,120,0.0318,False,False,5000,1,191,target,mut_4b34fe7f59f8
2.0,tabulate,validators,120,0.0347,False,False,5000,1,192,target,mut_4c85d54acda3
2.0,tabulate,validators,120,0.029,False,False,5000,1,193,target,mut_4cc6f0bf5261
2.0,tabulate,validators,120,0.0319,False,False,5000,1,194,target,mut_4d12f9bffa5f
2.0,tabulate,validators,120,0.0298,False,False,5000,1,195,target,mut_4d42ec13aec8
2.0,tabulate,validators,120,0.0413,False,False,5000,1,196,target,mut_4e55dc8c2d32
2.0,tabulate,validators,120,0.0297,False,False,5000,1,197,target,mut_4ed941e580f6
2.0,tabulate,validators,120,0.0323,False,False,5000,1,198,target,mut_505bd34e9c8d
2.0,tabulate,validators,120,0.1327,False,False,5000,1,199,target,mut_52c53bfdad3f
2.0,tabulate,validators,120,0.0298,False,False,5000,1,200,target,mut_533d36268a8c
2.0,tabulate,validators,120,0.0321,False,False,5000,1,201,target,mut_5492b61f4a33
2.0,tabulate,validators,120,0.0291,False,False,5000,1,202,target,mut_561578945597
2.0,tabulate,validators,120,0.0292,False,False,5000,1,203,target,mut_575f8abb0cc1
2.0,tabulate,validators,120,0.0383,False,False,5000,1,204,target,mut_59db72f424fa
2.0,tabulate,validators,120,0.0405,False,False,5000,1,205,target,mut_59e1449d4175
2.0,tabulate,validators,120,0.041,False,False,5000,1,206,target,mut_5b96aab3b716
2.0,tabulate,validators,120,0.0485,False,False,5000,1,207,target,mut_5bb558d9b7f1
2.0,tabulate,validators,120,0.041,False,False,5000,1,208,target,mut_5d6c202373bf
2.0,tabulate,validators,120,0.035,False,False,5000,1,209,target,mut_5fdb6c75ba1b
2.0,tabulate,validators,120,0.035,False,False,5000,1,210,target,mut_60097c426393
2.0,tabulate,validators,120,0.0372,False,False,5000,1,211,target,mut_631b9ca41a84
2.0,tabulate,validators,120,0.0362,False,False,5000,1,212,target,mut_63364a85d8b3
2.0,tabulate,validators,120,0.0468,False,False,5000,1,213,target,mut_63f77ca240ed
2.0,tabulate,validators,120,0.0452,False,False,5000,1,214,target,mut_6543eba7d306
2.0,tabulate,validators,120,0.0349,False,False,5000,1,215,target,mut_666d29aa1353
2.0,tabulate,validators,120,0.0391,False,False,5000,1,216,target,mut_674f92c64e7a
2.0,tabulate,validators,120,0.0431,False,False,5000,1,217,target,mut_67c4217fd609
2.0,tabulate,validators,120,0.0428,False,False,5000,1,218,target,mut_680a2363c4c8
2.0,tabulate,validators,120,0.0386,False,False,5000,1,219,target,mut_6a3eb59c025d
2.0,tabulate,validators,120,0.0365,False,False,5000,1,220,target,mut_6cbf02918859
2.0,tabulate,validators,120,0.0349,False,False,5000,1,221,target,mut_6e600cedd9bc
2.0,tabulate,validators,120,0.0356,False,False,5000,1,222,target,mut_6ed5f0ff4947
2.0,tabulate,validators,120,0.0349,False,False,5000,1,223,target,mut_6f7aa3e309c5
2.0,tabulate,validators,120,0.0362,False,False,5000,1,224,target,mut_6f927eb2c6a3
2.0,tabulate,validators,120,0.116,False,False,5000,1,225,target,mut_714e0600922e
2.0,tabulate,validators,120,0.0352,False,False,5000,1,226,target,mut_71a35d67c468
2.0,tabulate,validators,120,0.0499,False,False,5000,1,227,target,mut_72564fffeb22
2.0,tabulate,validators,120,0.0439,False,False,5000,1,228,target,mut_72e8b501e2f7
2.0,tabulate,validators,120,0.0393,False,False,5000,1,229,target,mut_731b7e032dbf
2.0,tabulate,validators,120,0.038,False,False,5000,1,230,target,mut_73748398dc44
2.0,tabulate,validators,120,0.0417,False,False,5000,1,231,target,mut_73d6163b93ca
2.0,tabulate,validators,120,0.0456,False,False,5000,1,232,target,mut_75464f8634f2
2.0,tabulate,validators,120,0.0421,False,False,5000,1,233,target,mut_75a622bca676
2.0,tabulate,validators,120,0.1153,False,False,5000,1,234,target,mut_776e97ff8166
2.0,tabulate,validators,120,0.0421,False,False,5000,1,235,target,mut_793525131c6b
2.0,tabulate,validators,120,0.0408,False,False,5000,1,236,target,mut_793ea7b426d8
2.0,tabulate,validators,120,0.0362,False,False,5000,1,237,target,mut_794b20d97c83
2.0,tabulate,validators,120,0.0442,False,False,5000,1,238,target,mut_813f338b5985
2.0,tabulate,validators,120,0.1281,False,False,5000,1,239,target,mut_81ac38131bac
2.0,validators,pathspec,120,0.0646,False,False,5000,0,0,source,mut_289f57866ae7
2.0,validators,pathspec,120,0.0221,False,False,5000,0,1,source,mut_2901fb77a5d5
2.0,validators,pathspec,120,0.0297,False,False,5000,0,2,source,mut_29ccdf85d582
2.0,validators,pathspec,120,0.0214,False,False,5000,0,3,source,mut_2a92b8d95ee8
2.0,validators,pathspec,120,0.0682,False,False,5000,0,4,source,mut_2ad0e4dafa3b
2.0,validators,pathspec,120,0.0383,False,False,5000,0,5,source,mut_2cdea7c4328e
2.0,validators,pathspec,120,0.0243,False,False,5000,0,6,source,mut_2d0a27e2afa6
2.0,validators,pathspec,120,0.0331,False,False,5000,0,7,source,mut_2d8d84c4d455
2.0,validators,pathspec,120,0.0241,False,False,5000,0,8,source,mut_30a7d491f32f
2.0,validators,pathspec,120,0.0282,False,False,5000,0,9,source,mut_30e86d697433
2.0,validators,pathspec,120,0.0277,False,False,5000,0,10,source,mut_36c2d446fe15
2.0,validators,pathspec,120,0.0808,False,False,5000,0,11,source,mut_36e292ffc3ef
2.0,validators,pathspec,120,0.0434,False,False,5000,0,12,source,mut_3774cdaf370e
2.0,validators,pathspec,120,0.0478,False,False,5000,0,13,source,mut_3928233dbdcc
2.0,validators,pathspec,120,0.0268,False,False,5000,0,14,source,mut_395f1ab98b35
2.0,validators,pathspec,120,0.0305,False,False,5000,0,15,source,mut_39be6b85e7ee
2.0,validators,pathspec,120,0.0339,False,False,5000,0,16,source,mut_3a5ca7649694
2.0,validators,pathspec,120,0.037,False,False,5000,0,17,source,mut_3dcec3ec759c
2.0,validators,pathspec,120,0.0258,False,False,5000,0,18,source,mut_3dd0386d5f78
2.0,validators,pathspec,120,0.0355,False,False,5000,0,19,source,mut_3e4a582a3a2b
2.0,validators,pathspec,120,0.0329,False,False,5000,0,20,source,mut_3e739b7fe6fc
2.0,validators,pathspec,120,0.0399,False,False,5000,0,21,source,mut_3fd09fd69732
2.0,validators,pathspec,120,0.0298,False,False,5000,0,22,source,mut_41b88e094971
2.0,validators,pathspec,120,0.0459,False,False,5000,0,23,source,mut_428e29ee962b
2.0,validators,pathspec,120,0.0263,False,False,5000,0,24,source,mut_4426be1f5b7d
2.0,validators,pathspec,120,0.0349,False,False,5000,0,25,source,mut_44819cc538eb
2.0,validators,pathspec,120,0.1019,False,False,5000,0,26,source,mut_453957b0c500
2.0,validators,pathspec,120,0.0224,False,False,5000,0,27,source,mut_4584024a2a86
2.0,validators,pathspec,120,0.0244,False,False,5000,0,28,source,mut_47d744973bf5
2.0,validators,pathspec,120,0.061,False,False,5000,0,29,source,mut_4ab43ceb3983
2.0,validators,pathspec,120,0.0358,False,False,5000,0,30,source,mut_4aed3bddcc61
2.0,validators,pathspec,120,0.0229,False,False,5000,0,31,source,mut_4b34fe7f59f8
2.0,validators,pathspec,120,0.0307,False,False,5000,0,32,source,mut_4c85d54acda3
2.0,validators,pathspec,120,0.0224,False,False,5000,0,33,source,mut_4cc6f0bf5261
2.0,validators,pathspec,120,0.0241,False,False,5000,0,34,source,mut_4d12f9bffa5f
2.0,validators,pathspec,120,0.0234,False,False,5000,0,35,source,mut_4d42ec13aec8
2.0,validators,pathspec,120,0.0365,False,False,5000,0,36,source,mut_4e55dc8c2d32
2.0,validators,pathspec,120,0.0239,False,False,5000,0,37,source,mut_4ed941e580f6
2.0,validators,pathspec,120,0.0214,False,False,5000,0,38,source,mut_505bd34e9c8d
2.0,validators,pathspec,120,0.1298,False,False,5000,0,39,source,mut_52c53bfdad3f
2.0,validators,pathspec,120,0.0558,False,False,5000,0,40,source,mut_533d36268a8c
2.0,validators,pathspec,120,0.0226,False,False,5000,0,41,source,mut_5492b61f4a33
2.0,validators,pathspec,120,0.0219,False,False,5000,0,42,source,mut_561578945597
2.0,validators,pathspec,120,0.0387,False,False,5000,0,43,source,mut_575f8abb0cc1
2.0,validators,pathspec,120,0.0277,False,False,5000,0,44,source,mut_59db72f424fa
2.0,validators,pathspec,120,0.0266,False,False,5000,0,45,source,mut_59e1449d4175
2.0,validators,pathspec,120,0.0269,False,False,5000,0,46,source,mut_5b96aab3b716
2.0,validators,pathspec,120,0.0381,False,False,5000,0,47,source,mut_5bb558d9b7f1
2.0,validators,pathspec,120,0.0393,False,False,5000,0,48,source,mut_5d6c202373bf
2.0,validators,pathspec,120,0.022,False,False,5000,0,49,source,mut_5fdb6c75ba1b
2.0,validators,pathspec,120,0.0214,False,False,5000,0,50,source,mut_60097c426393
2.0,validators,pathspec,120,0.0414,False,False,5000,0,51,source,mut_631b9ca41a84
2.0,validators,pathspec,120,0.0228,False,False,5000,0,52,source,mut_63364a85d8b3
2.0,validators,pathspec,120,0.0316,False,False,5000,0,53,source,mut_63f77ca240ed
2.0,validators,pathspec,120,0.0601,False,False,5000,0,54,source,mut_6543eba7d306
2.0,validators,pathspec,120,0.0201,False,False,5000,0,55,source,mut_666d29aa1353
2.0,validators,pathspec,120,0.0239,False,False,5000,0,56,source,mut_674f92c64e7a
2.0,validators,pathspec,120,0.0277,False,False,5000,0,57,source,mut_67c4217fd609
2.0,validators,pathspec,120,0.0289,False,False,5000,0,58,source,mut_680a2363c4c8
2.0,validators,pathspec,120,0.0246,False,False,5000,0,59,source,mut_6a3eb59c025d
2.0,validators,pathspec,120,0.061,False,False,5000,0,60,source,mut_6cbf02918859
2.0,validators,pathspec,120,0.0206,False,False,5000,0,61,source,mut_6e600cedd9bc
2.0,validators,pathspec,120,0.0216,False,False,5000,0,62,source,mut_6ed5f0ff4947
2.0,validators,pathspec,120,0.0206,False,False,5000,0,63,source,mut_6f7aa3e309c5
2.0,validators,pathspec,120,0.0222,False,False,5000,0,64,source,mut_6f927eb2c6a3
2.0,validators,pathspec,120,0.106,False,False,5000,0,65,source,mut_714e0600922e
2.0,validators,pathspec,120,0.0214,False,False,5000,0,66,source,mut_71a35d67c468
2.0,validators,pathspec,120,0.093,False,False,5000,0,67,source,mut_72564fffeb22
2.0,validators,pathspec,120,0.0384,False,False,5000,0,68,source,mut_72e8b501e2f7
2.0,validators,pathspec,120,0.0235,False,False,5000,0,69,source,mut_731b7e032dbf
2.0,validators,pathspec,120,0.035,False,False,5000,0,70,source,mut_73748398dc44
2.0,validators,pathspec,120,0.0855,False,False,5000,0,71,source,mut_73d6163b93ca
2.0,validators,pathspec,120,0.0549,False,False,5000,0,72,source,mut_75464f8634f2
2.0,validators,pathspec,120,0.0401,False,False,5000,0,73,source,mut_75a622bca676
2.0,validators,pathspec,120,0.1069,False,False,5000,0,74,source,mut_776e97ff8166
2.0,validators,pathspec,120,0.0261,False,False,5000,0,75,source,mut_793525131c6b
2.0,validators,pathspec,120,0.0293,False,False,5000,0,76,source,mut_793ea7b426d8
2.0,validators,pathspec,120,0.0183,False,False,5000,0,77,source,mut_794b20d97c83
2.0,validators,pathspec,120,0.0254,False,False,5000,0,78,source,mut_813f338b5985
2.0,validators,pathspec,120,0.1151,False,False,5000,0,79,source,mut_81ac38131bac
2.0,validators,pathspec,120,0.0272,False,False,5000,0,80,source,mut_838c3bdd1f58
2.0,validators,pathspec,120,0.0339,False,False,5000,0,81,source,mut_847b15bfdda6
2.0,validators,pathspec,120,0.0567,False,False,5000,0,82,source,mut_84e0d10594e1
2.0,validators,pathspec,120,0.0256,False,False,5000,0,83,source,mut_8581be366750
2.0,validators,pathspec,120,0.0202,False,False,5000,0,84,source,mut_86f410eb6ca3
2.0,validators,pathspec,120,0.0323,False,False,5000,0,85,source,mut_871f51c5b640
2.0,validators,pathspec,120,0.0343,False,False,5000,0,86,source,mut_8804b1d19eb6
2.0,validators,pathspec,120,0.1127,False,False,5000,0,87,source,mut_88eac4dab581
2.0,validators,pathspec,120,0.087,False,False,5000,0,88,source,mut_899c2cb44109
2.0,validators,pathspec,120,0.1203,False,False,5000,0,89,source,mut_89d3e6a3ab26
2.0,validators,pathspec,120,0.1162,False,False,5000,0,90,source,mut_89e87ebc41d2
2.0,validators,pathspec,120,0.0317,False,False,5000,0,91,source,mut_8b739a475a3c
2.0,validators,pathspec,120,0.0676,False,False,5000,0,92,source,mut_8c4a95f3d471
2.0,validators,pathspec,120,0.0306,False,False,5000,0,93,source,mut_8cb6b9beec51
2.0,validators,pathspec,120,0.0601,False,False,5000,0,94,source,mut_8e913d78891b
2.0,validators,pathspec,120,0.0203,False,False,5000,0,95,source,mut_90656d0adbc2
2.0,validators,pathspec,120,0.0384,False,False,5000,0,96,source,mut_913b26921954
2.0,validators,pathspec,120,0.0624,False,False,5000,0,97,source,mut_915efbcdbbc4
2.0,validators,pathspec,120,0.0334,False,False,5000,0,98,source,mut_919ddde49884
2.0,validators,pathspec,120,0.0377,False,False,5000,0,99,source,mut_91f5aedf3372
2.0,validators,pathspec,120,0.0342,False,False,5000,0,100,source,mut_91ffe6d6fa41
2.0,validators,pathspec,120,0.0265,False,False,5000,0,101,source,mut_92415c8ed3fa
2.0,validators,pathspec,120,0.0244,False,False,5000,0,102,source,mut_94cee2c8847e
2.0,validators,pathspec,120,0.0325,False,False,5000,0,103,source,mut_96ddf7184ca4
2.0,validators,pathspec,120,0.0318,False,False,5000,0,104,source,mut_97d1014eb70f
2.0,validators,pathspec,120,0.128,False,False,5000,0,105,source,mut_97f85571aaf2
2.0,validators,pathspec,120,0.0251,False,False,5000,0,106,source,mut_989e7c951463
2.0,validators,pathspec,120,0.0346,False,False,5000,0,107,source,mut_98aa516e39a1
2.0,validators,pathspec,120,0.0242,False,False,5000,0,108,source,mut_999c0399e544
2.0,validators,pathspec,120,0.0252,False,False,5000,0,109,source,mut_9b30abde7a51
2.0,validators,pathspec,120,0.0381,False,False,5000,0,110,source,mut_9baa8e0b1105
2.0,validators,pathspec,120,0.0201,False,False,5000,0,111,source,mut_9bfc0d74569f
2.0,validators,pathspec,120,0.0185,False,False,5000,0,112,source,mut_9c91b6447fe3
2.0,validators,pathspec,120,0.0201,False,False,5000,0,113,source,mut_9dbe121ade48
2.0,validators,pathspec,120,0.0208,False,False,5000,0,114,source,mut_9e129b50a8e1
2.0,validators,pathspec,120,0.0245,False,False,5000,0,115,source,mut_9e7665c49799
2.0,validators,pathspec,120,0.0885,False,False,5000,0,116,source,mut_9fbf777b07c4
2.0,validators,pathspec,120,0.0506,False,False,5000,0,117,source,mut_a0b9f50cf520
2.0,validators,pathspec,120,0.049,False,False,5000,0,118,source,mut_a1543330de3c
2.0,validators,pathspec,120,0.0872,False,False,5000,0,119,source,mut_a3ad2a55ddaf
2.0,validators,pathspec,120,0.2758,False,False,5000,0,120,target,mut_00c265e970ea
2.0,validators,pathspec,120,0.2574,False,False,5000,0,121,target,mut_00c48ce16a2f
2.0,validators,pathspec,120,0.2574,False,False,5000,0,122,target,mut_01295249e722
2.0,validators,pathspec,120,0.4294,False,False,5000,0,123,target,mut_042cc4aaec00
2.0,validators,pathspec,120,0.3271,False,False,5000,0,124,target,mut_0537991382a1
2.0,validators,pathspec,120,0.0459,False,False,5000,0,125,target,mut_063037d34f5c
2.0,validators,pathspec,120,0.3711,False,False,5000,0,126,target,mut_08ca2ff2fd49
2.0,validators,pathspec,120,0.01,False,False,5000,0,127,target,mut_0c9c25505bf8
2.0,validators,pathspec,120,0.1551,False,False,5000,0,128,target,mut_0db0cae15629
2.0,validators,pathspec,120,0.0038,False,False,5000,0,129,target,mut_0df2fc80778c
2.0,validators,pathspec,120,0.036,False,False,5000,0,130,target,mut_0e1856ed9c82
2.0,validators,pathspec,120,0.0112,False,False,5000,0,131,target,mut_0e71bd8eeb9b
2.0,validators,pathspec,120,0.0112,False,False,5000,0,132,target,mut_0eae59124819
2.0,validators,pathspec,120,0.0256,False,False,5000,0,133,target,mut_103c57e8b52b
2.0,validators,pathspec,120,0.0142,False,False,5000,0,134,target,mut_105fd5984a08
2.0,validators,pathspec,120,0.1035,False,False,5000,0,135,target,mut_1077b8e04940
2.0,validators,pathspec,120,0.0084,False,False,5000,0,136,target,mut_11046ca225a1
2.0,validators,pathspec,120,0.0341,False,False,5000,0,137,target,mut_129b5a0395cd
2.0,validators,pathspec,120,0.0104,False,False,5000,0,138,target,mut_12b50720c6b0
2.0,validators,pathspec,120,0.0148,False,False,5000,0,139,target,mut_12f0655255ff
2.0,validators,pathspec,120,0.0099,False,False,5000,0,140,target,mut_13b2c5018f00
2.0,validators,pathspec,120,0.0173,False,False,5000,0,141,target,mut_16156a06d3b2
2.0,validators,pathspec,120,0.0533,False,False,5000,0,142,target,mut_16562207f831
2.0,validators,pathspec,120,0.0036,False,False,5000,0,143,target,mut_169756297ddb
2.0,validators,pathspec,120,0.0078,False,False,5000,0,144,target,mut_174744bfd65b
2.0,validators,pathspec,120,0.477,False,False,5000,0,145,target,mut_17b5b3e7586c
2.0,validators,pathspec,120,0.1376,False,False,5000,0,146,target,mut_181f3c338c4f
2.0,validators,pathspec,120,0.032,False,False,5000,0,147,target,mut_1837836f5018
2.0,validators,pathspec,120,0.0141,False,False,5000,0,148,target,mut_1871f18e8955
2.0,validators,pathspec,120,0.0437,False,False,5000,0,149,target,mut_18b46aa31898
2.0,validators,pathspec,120,0.1033,False,False,5000,0,150,target,mut_19b3c964fc12
2.0,validators,pathspec,120,0.0051,False,False,5000,0,151,target,mut_1b180004feb5
2.0,validators,pathspec,120,0.0051,False,False,5000,0,152,target,mut_1dcbe1f01b7b
2.0,validators,pathspec,120,0.0051,False,False,5000,0,153,target,mut_2034d433ac40
2.0,validators,pathspec,120,0.0149,False,False,5000,0,154,target,mut_230e632c5e55
2.0,validators,pathspec,120,0.4457,False,False,5000,0,155,target,mut_247ddadc59f1
2.0,validators,pathspec,120,0.1941,False,False,5000,0,156,target,mut_24a9efd7a4ab
2.0,validators,pathspec,120,0.0074,False,False,5000,0,157,target,mut_24e47521abf2
2.0,validators,pathspec,120,0.0072,False,False,5000,0,158,target,mut_268ef88dd929
2.0,validators,pathspec,120,0.0141,False,False,5000,0,159,target,mut_26be5e5ea9b6
2.0,validators,pathspec,120,0.4898,False,False,5000,0,160,target,mut_271a88b94f2a
2.0,validators,pathspec,120,0.1741,False,False,5000,0,161,target,mut_273b59fab021
2.0,validators,pathspec,120,0.2776,True,True,5000,1,162,target,mut_27531e910b3c
2.0,validators,pathspec,120,0.0729,False,False,5000,1,163,target,mut_2772e8b27f7f
2.0,validators,pathspec,120,0.0702,False,False,5000,1,164,target,mut_29db292771c0
2.0,validators,pathspec,120,0.2015,False,False,5000,1,165,target,mut_2a46d9d58366
2.0,validators,pathspec,120,0.3494,False,False,5000,1,166,target,mut_2a4800141334
2.0,validators,pathspec,120,0.2203,False,False,5000,1,167,target,mut_2aad23831dd3
2.0,validators,pathspec,120,0.2202,False,False,5000,1,168,target,mut_2b23de3aacc0
2.0,validators,pathspec,120,0.3152,False,False,5000,1,169,target,mut_2c26ae5c9de4
2.0,validators,pathspec,120,0.2852,False,False,5000,1,170,target,mut_2ddbc9596010
2.0,validators,pathspec,120,0.1025,False,False,5000,1,171,target,mut_2eb63ee45454
2.0,validators,pathspec,120,0.2258,False,False,5000,1,172,target,mut_2ec8e80960f0
2.0,validators,pathspec,120,0.4118,False,False,5000,1,173,target,mut_3082e187b8ef
2.0,validators,pathspec,120,0.0648,False,False,5000,1,174,target,mut_31f518d1d40a
2.0,validators,pathspec,120,0.0706,False,False,5000,1,175,target,mut_320e16630e8d
2.0,validators,pathspec,120,0.0239,False,False,5000,1,176,target,mut_320f1bbd9777
2.0,validators,pathspec,120,0.207,False,False,5000,1,177,target,mut_3435678f3d1f
2.0,validators,pathspec,120,0.3659,False,False,5000,1,178,target,mut_34de7097f517
2.0,validators,pathspec,120,0.0679,False,False,5000,1,179,target,mut_36ed19b50bb6
2.0,validators,pathspec,120,0.0668,False,False,5000,1,180,target,mut_38e31a877c89
2.0,validators,pathspec,120,0.3711,True,True,5000,2,181,target,mut_3d9c3b57e236
2.0,validators,pathspec,120,0.0727,False,False,5000,2,182,target,mut_3e91be117447
2.0,validators,pathspec,120,0.1827,False,False,5000,2,183,target,mut_3f8d3853760f
2.0,validators,pathspec,120,0.1461,False,False,5000,2,184,target,mut_421ebecfcd7e
2.0,validators,pathspec,120,0.1353,False,False,5000,2,185,target,mut_427622f7a299
2.0,validators,pathspec,120,0.0414,False,False,5000,2,186,target,mut_431b67bbe621
2.0,validators,pathspec,120,0.0414,False,False,5000,2,187,target,mut_44b56e710faf
2.0,validators,pathspec,120,0.1338,False,False,5000,2,188,target,mut_45affd13a77a
2.0,validators,pathspec,120,0.0827,False,False,5000,2,189,target,mut_471432ae8885
2.0,validators,pathspec,120,0.0791,False,False,5000,2,190,target,mut_478be483b398
2.0,validators,pathspec,120,0.0682,False,False,5000,2,191,target,mut_4895293b4211
2.0,validators,pathspec,120,0.0422,False,False,5000,2,192,target,mut_48a4dc98589d
2.0,validators,pathspec,120,0.3295,False,False,5000,2,193,target,mut_4b178ce7b1ef
2.0,validators,pathspec,120,0.0428,False,False,5000,2,194,target,mut_4b8753325a9a
2.0,validators,pathspec,120,0.0538,False,False,5000,2,195,target,mut_4bd9378efc44
2.0,validators,pathspec,120,0.0519,False,False,5000,2,196,target,mut_4bebc81d0582
2.0,validators,pathspec,120,0.0631,False,False,5000,2,197,target,mut_4cf8d68b4291
2.0,validators,pathspec,120,0.1805,False,False,5000,2,198,target,mut_4d1623ec4661
2.0,validators,pathspec,120,0.0416,False,False,5000,2,199,target,mut_4e8862e3cf3a
2.0,validators,pathspec,120,0.0429,False,False,5000,2,200,target,mut_4f76f7f314d9
2.0,validators,pathspec,120,0.0828,False,False,5000,2,201,target,mut_4fdd8a6da136
2.0,validators,pathspec,120,0.079,False,False,5000,2,202,target,mut_5089b607bf5d
2.0,validators,pathspec,120,0.0427,False,False,5000,2,203,target,mut_51b7548f6be4
2.0,validators,pathspec,120,0.0217,False,False,5000,2,204,target,mut_526e56868cea
2.0,validators,pathspec,120,0.2229,False,False,5000,2,205,target,mut_52a73d0e3ebe
2.0,validators,pathspec,120,0.076,False,False,5000,2,206,target,mut_57980718178c
2.0,validators,pathspec,120,0.0422,False,False,5000,2,207,target,mut_57b8d262b042
2.0,validators,pathspec,120,0.2175,False,False,5000,2,208,target,mut_58050a99f914
2.0,validators,pathspec,120,0.0475,False,False,5000,2,209,target,mut_581dbb890a1d
2.0,validators,pathspec,120,0.0629,False,False,5000,2,210,target,mut_586d7fb49e4c
2.0,validators,pathspec,120,0.2154,False,False,5000,2,211,target,mut_592bf6aa2871
2.0,validators,pathspec,120,0.1362,False,False,5000,2,212,target,mut_5c86363cc27b
2.0,validators,pathspec,120,0.0668,False,False,5000,2,213,target,mut_610480bcafb0
2.0,validators,pathspec,120,0.1744,False,False,5000,2,214,target,mut_61c1c1b6fb62
2.0,validators,pathspec,120,0.023,False,False,5000,2,215,target,mut_62cc960809a5
2.0,validators,pathspec,120,0.0886,False,False,5000,2,216,target,mut_62faa507b1c3
2.0,validators,pathspec,120,0.1118,False,False,5000,2,217,target,mut_63b475f1563c
2.0,validators,pathspec,120,0.3185,False,False,5000,2,218,target,mut_65cb36909e91
2.0,validators,pathspec,120,0.0779,False,False,5000,2,219,target,mut_65cf5fe0fb77
2.0,validators,pathspec,120,0.3541,False,False,5000,2,220,target,mut_664907c5da3e
2.0,validators,pathspec,120,0.7387,False,False,5000,2,221,target,mut_68c0e2f4e9c2
2.0,validators,pathspec,120,0.0997,False,False,5000,2,222,target,mut_699eece1d1ef
2.0,validators,pathspec,120,0.0381,False,False,5000,2,223,target,mut_69f3d31ece8f
2.0,validators,pathspec,120,0.1846,False,False,5000,2,224,target,mut_6bd882e7041d
2.0,validators,pathspec,120,0.1178,False,False,5000,2,225,target,mut_6ca284c6786a
2.0,validators,pathspec,120,0.2648,False,False,5000,2,226,target,mut_6e1d88e54444
2.0,validators,pathspec,120,0.1074,False,False,5000,2,227,target,mut_6e31d7e44de0
2.0,validators,pathspec,120,0.0509,False,False,5000,2,228,target,mut_6e8869a3ac2f
2.0,validators,pathspec,120,0.029,False,False,5000,2,229,target,mut_6f26d36d59d7
2.0,validators,pathspec,120,0.0954,False,False,5000,2,230,target,mut_71ead901f38b
2.0,validators,pathspec,120,0.0293,False,False,5000,2,231,target,mut_726eabd9fbbd
2.0,validators,pathspec,120,0.4223,True,True,5000,3,232,target,mut_728748b397c9
2.0,validators,pathspec,120,0.4811,False,False,5000,3,233,target,mut_74b7d1c7be63
2.0,validators,pathspec,120,0.1707,False,False,5000,3,234,target,mut_75540a1b95e9
2.0,validators,pathspec,120,0.4972,False,False,5000,3,235,target,mut_76ffaf9691b5
2.0,validators,pathspec,120,0.0449,False,False,5000,3,236,target,mut_783a4dba2250
2.0,validators,pathspec,120,0.2671,False,False,5000,3,237,target,mut_789106b2993b
2.0,validators,pathspec,120,0.4437,False,False,5000,3,238,target,mut_78c8d340d52d
2.0,validators,pathspec,120,0.2983,False,False,5000,3,239,target,mut_7aacf915363b
5.0,pathspec,pyjwt,120,0.484,False,False,5000,0,0,source,mut_271a88b94f2a
5.0,pathspec,pyjwt,120,0.1686,False,False,5000,0,1,source,mut_273b59fab021
5.0,pathspec,pyjwt,120,0.2808,False,False,5000,0,2,source,mut_27531e910b3c
5.0,pathspec,pyjwt,120,0.0182,False,False,5000,0,3,source,mut_2772e8b27f7f
5.0,pathspec,pyjwt,120,0.0565,False,False,5000,0,4,source,mut_29db292771c0
5.0,pathspec,pyjwt,120,0.2303,False,False,5000,0,5,source,mut_2a46d9d58366
5.0,pathspec,pyjwt,120,0.0779,False,False,5000,0,6,source,mut_2a4800141334
5.0,pathspec,pyjwt,120,0.1293,False,False,5000,0,7,source,mut_2aad23831dd3
5.0,pathspec,pyjwt,120,0.1293,False,False,5000,0,8,source,mut_2b23de3aacc0
5.0,pathspec,pyjwt,120,0.1012,False,False,5000,0,9,source,mut_2c26ae5c9de4
5.0,pathspec,pyjwt,120,0.042,False,False,5000,0,10,source,mut_2ddbc9596010
5.0,pathspec,pyjwt,120,0.1112,False,False,5000,0,11,source,mut_2eb63ee45454
5.0,pathspec,pyjwt,120,0.1394,False,False,5000,0,12,source,mut_2ec8e80960f0
5.0,pathspec,pyjwt,120,0.0297,False,False,5000,0,13,source,mut_3082e187b8ef
5.0,pathspec,pyjwt,120,0.0316,False,False,5000,0,14,source,mut_31f518d1d40a
5.0,pathspec,pyjwt,120,0.0359,False,False,5000,0,15,source,mut_320e16630e8d
5.0,pathspec,pyjwt,120,0.0166,False,False,5000,0,16,source,mut_320f1bbd9777
5.0,pathspec,pyjwt,120,0.1275,False,False,5000,0,17,source,mut_3435678f3d1f
5.0,pathspec,pyjwt,120,0.0243,False,False,5000,0,18,source,mut_34de7097f517
5.0,pathspec,pyjwt,120,0.1076,False,False,5000,0,19,source,mut_36ed19b50bb6
5.0,pathspec,pyjwt,120,0.1012,False,False,5000,0,20,source,mut_38e31a877c89
5.0,pathspec,pyjwt,120,0.0485,False,False,5000,0,21,source,mut_3d9c3b57e236
5.0,pathspec,pyjwt,120,0.0293,False,False,5000,0,22,source,mut_3e91be117447
5.0,pathspec,pyjwt,120,0.1498,False,False,5000,0,23,source,mut_3f8d3853760f
5.0,pathspec,pyjwt,120,0.0841,False,False,5000,0,24,source,mut_421ebecfcd7e
5.0,pathspec,pyjwt,120,0.0225,False,False,5000,0,25,source,mut_427622f7a299
5.0,pathspec,pyjwt,120,0.1275,False,False,5000,0,26,source,mut_431b67bbe621
5.0,pathspec,pyjwt,120,0.1275,False,False,5000,0,27,source,mut_44b56e710faf
5.0,pathspec,pyjwt,120,0.0841,False,False,5000,0,28,source,mut_45affd13a77a
5.0,pathspec,pyjwt,120,0.1061,False,False,5000,0,29,source,mut_471432ae8885
5.0,pathspec,pyjwt,120,0.044,False,False,5000,0,30,source,mut_478be483b398
5.0,pathspec,pyjwt,120,0.0727,False,False,5000,0,31,source,mut_4895293b4211
5.0,pathspec,pyjwt,120,0.1244,False,False,5000,0,32,source,mut_48a4dc98589d
5.0,pathspec,pyjwt,120,0.3197,False,False,5000,0,33,source,mut_4b178ce7b1ef
5.0,pathspec,pyjwt,120,0.1255,False,False,5000,0,34,source,mut_4b8753325a9a
5.0,pathspec,pyjwt,120,0.1458,False,False,5000,0,35,source,mut_4bd9378efc44
5.0,pathspec,pyjwt,120,0.1272,False,False,5000,0,36,source,mut_4bebc81d0582
5.0,pathspec,pyjwt,120,0.0631,False,False,5000,0,37,source,mut_4cf8d68b4291
5.0,pathspec,pyjwt,120,0.1516,False,False,5000,0,38,source,mut_4d1623ec4661
5.0,pathspec,pyjwt,120,0.0383,False,False,5000,0,39,source,mut_4e8862e3cf3a
5.0,pathspec,pyjwt,120,0.1255,False,False,5000,0,40,source,mut_4f76f7f314d9
5.0,pathspec,pyjwt,120,0.1376,False,False,5000,0,41,source,mut_4fdd8a6da136
5.0,pathspec,pyjwt,120,0.0183,False,False,5000,0,42,source,mut_5089b607bf5d
5.0,pathspec,pyjwt,120,0.1255,False,False,5000,0,43,source,mut_51b7548f6be4
5.0,pathspec,pyjwt,120,0.0167,False,False,5000,0,44,source,mut_526e56868cea
5.0,pathspec,pyjwt,120,0.2104,False,False,5000,0,45,source,mut_52a73d0e3ebe
5.0,pathspec,pyjwt,120,0.0388,False,False,5000,0,46,source,mut_57980718178c
5.0,pathspec,pyjwt,120,0.1251,False,False,5000,0,47,source,mut_57b8d262b042
5.0,pathspec,pyjwt,120,0.2565,False,False,5000,0,48,source,mut_58050a99f914
5.0,pathspec,pyjwt,120,0.031,False,False,5000,0,49,source,mut_581dbb890a1d
5.0,pathspec,pyjwt,120,0.1012,False,False,5000,0,50,source,mut_586d7fb49e4c
5.0,pathspec,pyjwt,120,0.2564,False,False,5000,0,51,source,mut_592bf6aa2871
5.0,pathspec,pyjwt,120,0.0902,False,False,5000,0,52,source,mut_5c86363cc27b
5.0,pathspec,pyjwt,120,0.0295,False,False,5000,0,53,source,mut_610480bcafb0
5.0,pathspec,pyjwt,120,0.1497,False,False,5000,0,54,source,mut_61c1c1b6fb62
5.0,pathspec,pyjwt,120,0.0185,False,False,5000,0,55,source,mut_62cc960809a5
5.0,pathspec,pyjwt,120,0.0594,False,False,5000,0,56,source,mut_62faa507b1c3
5.0,pathspec,pyjwt,120,0.1345,False,False,5000,0,57,source,mut_63b475f1563c
5.0,pathspec,pyjwt,120,0.2223,False,False,5000,0,58,source,mut_65cb36909e91
5.0,pathspec,pyjwt,120,0.0436,False,False,5000,0,59,source,mut_65cf5fe0fb77
5.0,pathspec,pyjwt,120,0.3453,False,False,5000,0,60,source,mut_664907c5da3e
5.0,pathspec,pyjwt,120,0.7314,False,False,5000,0,61,source,mut_68c0e2f4e9c2
5.0,pathspec,pyjwt,120,0.037,False,False,5000,0,62,source,mut_699eece1d1ef
5.0,pathspec,pyjwt,120,0.0267,False,False,5000,0,63,source,mut_69f3d31ece8f
5.0,pathspec,pyjwt,120,0.1421,False,False,5000,0,64,source,mut_6bd882e7041d
5.0,pathspec,pyjwt,120,0.1052,False,False,5000,0,65,source,mut_6ca284c6786a
5.0,pathspec,pyjwt,120,0.2593,False,False,5000,0,66,source,mut_6e1d88e54444
5.0,pathspec,pyjwt,120,0.1124,False,False,5000,0,67,source,mut_6e31d7e44de0
5.0,pathspec,pyjwt,120,0.0403,False,False,5000,0,68,source,mut_6e8869a3ac2f
5.0,pathspec,pyjwt,120,0.0167,False,False,5000,0,69,source,mut_6f26d36d59d7
5.0,pathspec,pyjwt,120,0.1389,False,False,5000,0,70,source,mut_71ead901f38b
5.0,pathspec,pyjwt,120,0.0167,False,False,5000,0,71,source,mut_726eabd9fbbd
5.0,pathspec,pyjwt,120,0.4248,False,False,5000,0,72,source,mut_728748b397c9
5.0,pathspec,pyjwt,120,0.0402,False,False,5000,0,73,source,mut_74b7d1c7be63
5.0,pathspec,pyjwt,120,0.0456,False,False,5000,0,74,source,mut_75540a1b95e9
5.0,pathspec,pyjwt,120,0.0505,False,False,5000,0,75,source,mut_76ffaf9691b5
5.0,pathspec,pyjwt,120,0.0167,False,False,5000,0,76,source,mut_783a4dba2250
5.0,pathspec,pyjwt,120,0.2879,False,False,5000,0,77,source,mut_789106b2993b
5.0,pathspec,pyjwt,120,0.5199,False,False,5000,0,78,source,mut_78c8d340d52d
5.0,pathspec,pyjwt,120,0.1229,False,False,5000,0,79,source,mut_7aacf915363b
5.0,pathspec,pyjwt,120,0.1229,False,False,5000,0,80,source,mut_7c7d5e47831b
5.0,pathspec,pyjwt,120,0.0364,False,False,5000,0,81,source,mut_7d335baf7651
5.0,pathspec,pyjwt,120,0.0156,False,False,5000,0,82,source,mut_7dde5d5f76e6
5.0,pathspec,pyjwt,120,0.0167,False,False,5000,0,83,source,mut_7df37d728be3
5.0,pathspec,pyjwt,120,0.1792,False,False,5000,0,84,source,mut_7f34ecd06216
5.0,pathspec,pyjwt,120,0.0259,False,False,5000,0,85,source,mut_7f7ae1f96c94
5.0,pathspec,pyjwt,120,0.077,False,False,5000,0,86,source,mut_7fc96ad184cc
5.0,pathspec,pyjwt,120,0.0424,False,False,5000,0,87,source,mut_80373f5711eb
5.0,pathspec,pyjwt,120,0.0156,False,False,5000,0,88,source,mut_80b7a3269452
5.0,pathspec,pyjwt,120,0.5397,False,False,5000,0,89,source,mut_823f018497ed
5.0,pathspec,pyjwt,120,0.1125,False,False,5000,0,90,source,mut_831bd74c2ac9
5.0,pathspec,pyjwt,120,0.0806,False,False,5000,0,91,source,mut_8387b0f3a73a
5.0,pathspec,pyjwt,120,0.0156,False,False,5000,0,92,source,mut_84239c3bcfc2
5.0,pathspec,pyjwt,120,0.1185,False,False,5000,0,93,source,mut_84b5132b5f1c
5.0,pathspec,pyjwt,120,0.1124,False,False,5000,0,94,source,mut_863433ea349d
5.0,pathspec,pyjwt,120,0.4827,False,False,5000,0,95,source,mut_877609ab6efc
5.0,pathspec,pyjwt,120,0.1235,False,False,5000,0,96,source,mut_8794532a3677
5.0,pathspec,pyjwt,120,0.2313,False,False,5000,0,97,source,mut_8ad340ef9307
5.0,pathspec,pyjwt,120,0.1012,False,False,5000,0,98,source,mut_8adff7d261ef
5.0,pathspec,pyjwt,120,0.0156,False,False,5000,0,99,source,mut_8b68b9e8a642
5.0,pathspec,pyjwt,120,0.0156,False,False,5000,0,100,source,mut_8bea1842d255
5.0,pathspec,pyjwt,120,0.1523,False,False,5000,0,101,source,mut_8bfa7d74872d
5.0,pathspec,pyjwt,120,0.0374,False,False,5000,0,102,source,mut_8c2cb818e766
5.0,pathspec,pyjwt,120,0.027,False,False,5000,0,103,source,mut_8ce69e99be76
5.0,pathspec,pyjwt,120,0.0308,False,False,5000,0,104,source,mut_8d4bcd0255a9
5.0,pathspec,pyjwt,120,0.0453,False,False,5000,0,105,source,mut_8f2a2ec1d415
5.0,pathspec,pyjwt,120,0.3715,False,False,5000,0,106,source,mut_9092a77d0e53
5.0,pathspec,pyjwt,120,0.042,False,False,5000,0,107,source,mut_92ab8171bb0e
5.0,pathspec,pyjwt,120,0.4778,False,False,5000,0,108,source,mut_92addc6ad1be
5.0,pathspec,pyjwt,120,0.1615,False,False,5000,0,109,source,mut_93806bd38d9c
5.0,pathspec,pyjwt,120,0.2414,False,False,5000,0,110,source,mut_94db1e9297ba
5.0,pathspec,pyjwt,120,0.12,False,False,5000,0,111,source,mut_95719d0828b4
5.0,pathspec,pyjwt,120,0.0196,False,False,5000,0,112,source,mut_957cdf409595
5.0,pathspec,pyjwt,120,0.1183,False,False,5000,0,113,source,mut_95c4e91f4b0c
5.0,pathspec,pyjwt,120,0.0508,False,False,5000,0,114,source,mut_968dbc7e9989
5.0,pathspec,pyjwt,120,0.0344,False,False,5000,0,115,source,mut_992d5f59d2f2
5.0,pathspec,pyjwt,120,0.1623,False,False,5000,0,116,source,mut_99a079868ed1
5.0,pathspec,pyjwt,120,0.0268,False,False,5000,0,117,source,mut_9a8d5937b0cd
5.0,pathspec,pyjwt,120,0.0654,False,False,5000,0,118,source,mut_9b5216ce1154
5.0,pathspec,pyjwt,120,0.2467,False,False,5000,0,119,source,mut_9b565ea83a72
5.0,pathspec,pyjwt,120,0.1632,False,False,5000,0,120,target,mut_011b7a550781
5.0,pathspec,pyjwt,120,0.1317,False,False,5000,0,121,target,mut_025a2062b2d2
5.0,pathspec,pyjwt,120,0.6681,False,False,5000,0,122,target,mut_026e41ade2dd
5.0,pathspec,pyjwt,120,0.0169,False,False,5000,0,123,target,mut_0381f7a0347f
5.0,pathspec,pyjwt,120,0.2739,False,False,5000,0,124,target,mut_03b1ed75afd5
5.0,pathspec,pyjwt,120,0.7674,False,False,5000,0,125,target,mut_03f78dc2a2db
5.0,pathspec,pyjwt,120,0.3266,False,False,5000,0,126,target,mut_04a33694e06d
5.0,pathspec,pyjwt,120,0.1297,False,False,5000,0,127,target,mut_050fe3d70850
5.0,pathspec,pyjwt,120,0.1254,False,False,5000,0,128,target,mut_060ede386488
5.0,pathspec,pyjwt,120,0.2709,False,False,5000,0,129,target,mut_06dd54e998c8
5.0,pathspec,pyjwt,120,0.208,False,False,5000,0,130,target,mut_070c03ca5de7
5.0,pathspec,pyjwt,120,0.2567,False,False,5000,0,131,target,mut_0804fc88adc6
5.0,pathspec,pyjwt,120,0.202,False,False,5000,0,132,target,mut_08fe1ef1bf4f
5.0,pathspec,pyjwt,120,0.2504,False,False,5000,0,133,target,mut_0907a581ad8d
5.0,pathspec,pyjwt,120,0.171,False,False,5000,0,134,target,mut_0918eab2bdaa
5.0,pathspec,pyjwt,120,0.22,False,False,5000,0,135,target,mut_0a03e57cdd11
5.0,pathspec,pyjwt,120,0.1919,False,False,5000,0,136,target,mut_0aaa29b41f52
5.0,pathspec,pyjwt,120,0.1359,False,False,5000,0,137,target,mut_0bd7ee82381b
5.0,pathspec,pyjwt,120,0.3493,False,False,5000,0,138,target,mut_0c6969fb1099
5.0,pathspec,pyjwt,120,0.1612,False,False,5000,0,139,target,mut_0c91a0e64c2a
5.0,pathspec,pyjwt,120,0.1578,False,False,5000,0,140,target,mut_0cecdb08dd2e
5.0,pathspec,pyjwt,120,0.2183,False,False,5000,0,141,target,mut_0ee2194957d1
5.0,pathspec,pyjwt,120,0.3756,False,False,5000,0,142,target,mut_113f413c068a
5.0,pathspec,pyjwt,120,0.1486,False,False,5000,0,143,target,mut_11df805c8ef8
5.0,pathspec,pyjwt,120,0.1534,False,False,5000,0,144,target,mut_13ece2a867ee
5.0,pathspec,pyjwt,120,0.3755,False,False,5000,0,145,target,mut_14951975b253
5.0,pathspec,pyjwt,120,0.0685,False,False,5000,0,146,target,mut_15c1b66904c3
5.0,pathspec,pyjwt,120,0.1049,False,False,5000,0,147,target,mut_16dfd19f6c76
5.0,pathspec,pyjwt,120,0.1815,False,False,5000,0,148,target,mut_17e545452c8d
5.0,pathspec,pyjwt,120,0.1002,False,False,5000,0,149,target,mut_1890c6e1fdac
5.0,pathspec,pyjwt,120,0.2034,False,False,5000,0,150,target,mut_18cb0a587d65
5.0,pathspec,pyjwt,120,0.0981,False,False,5000,0,151,target,mut_19d075f690a5
5.0,pathspec,pyjwt,120,0.1028,False,False,5000,0,152,target,mut_1a9b70488b2c
5.0,pathspec,pyjwt,120,0.1008,False,False,5000,0,153,target,mut_1ac337afbb78
5.0,pathspec,pyjwt,120,0.0971,False,False,5000,0,154,target,mut_1c9279e74dda
5.0,pathspec,pyjwt,120,0.1905,False,False,5000,0,155,target,mut_1eb770f99e5e
5.0,pathspec,pyjwt,120,0.091,False,False,5000,0,156,target,mut_1f6f654065ec
5.0,pathspec,pyjwt,120,0.0678,False,False,5000,0,157,target,mut_1fc0f1a7b7f0
5.0,pathspec,pyjwt,120,0.0393,False,False,5000,0,158,target,mut_1ffaaa54c047
5.0,pathspec,pyjwt,120,0.045,False,False,5000,0,159,target,mut_20dbd0097bff
5.0,pathspec,pyjwt,120,0.1302,False,False,5000,0,160,target,mut_20f7c2b61afd
5.0,pathspec,pyjwt,120,0.041,False,False,5000,0,161,target,mut_2166c6015c41
5.0,pathspec,pyjwt,120,0.062,False,False,5000,0,162,target,mut_216f50c9920d
5.0,pathspec,pyjwt,120,0.0421,False,False,5000,0,163,target,mut_21a6decde87b
5.0,pathspec,pyjwt,120,0.0515,False,False,5000,0,164,target,mut_24e294eb01da
5.0,pathspec,pyjwt,120,0.0588,False,False,5000,0,165,target,mut_25bea34fda06
5.0,pathspec,pyjwt,120,0.0514,False,False,5000,0,166,target,mut_2718bf1b9b0e
5.0,pathspec,pyjwt,120,0.0465,False,False,5000,0,167,target,mut_27b09d8c7689
5.0,pathspec,pyjwt,120,0.0592,False,False,5000,0,168,target,mut_28ce0d973d74
5.0,pathspec,pyjwt,120,0.0916,False,False,5000,0,169,target,mut_295bafe67e4d
5.0,pathspec,pyjwt,120,0.1121,False,False,5000,0,170,target,mut_29e99c2cf3ea
5.0,pathspec,pyjwt,120,0.1015,False,False,5000,0,171,target,mut_29f508aa9ccf
5.0,pathspec,pyjwt,120,0.103,False,False,5000,0,172,target,mut_2a9c2a8eadc8
5.0,pathspec,pyjwt,120,0.0542,False,False,5000,0,173,target,mut_2aa3b6acb4ea
5.0,pathspec,pyjwt,120,0.0368,False,False,5000,0,174,target,mut_2ac852453414
5.0,pathspec,pyjwt,120,0.0351,False,False,5000,0,175,target,mut_2c4f80427f9d
5.0,pathspec,pyjwt,120,0.0325,False,False,5000,0,176,target,mut_2d948b208be0
5.0,pathspec,pyjwt,120,0.0152,False,False,5000,0,177,target,mut_2e00b44926f6
5.0,pathspec,pyjwt,120,0.0621,False,False,5000,0,178,target,mut_2f4454f56e97
5.0,pathspec,pyjwt,120,0.0377,False,False,5000,0,179,target,mut_309ac638becc
5.0,pathspec,pyjwt,120,0.0473,False,False,5000,0,180,target,mut_30a78d5efe94
5.0,pathspec,pyjwt,120,0.1986,False,False,5000,0,181,target,mut_30eaa795a680
5.0,pathspec,pyjwt,120,0.1077,False,False,5000,0,182,target,mut_3139b2ad0144
5.0,pathspec,pyjwt,120,0.1822,False,False,5000,0,183,target,mut_36d6b2eb1dd2
5.0,pathspec,pyjwt,120,0.0565,False,False,5000,0,184,target,mut_387d51aa0576
5.0,pathspec,pyjwt,120,0.0869,False,False,5000,0,185,target,mut_3932d965394a
5.0,pathspec,pyjwt,120,0.0707,False,False,5000,0,186,target,mut_398678965686
5.0,pathspec,pyjwt,120,0.062,False,False,5000,0,187,target,mut_3a6d87727a82
5.0,pathspec,pyjwt,120,0.0667,False,False,5000,0,188,target,mut_3a88b7a8d9a4
5.0,pathspec,pyjwt,120,0.0344,False,False,5000,0,189,target,mut_3ac3cf2072b8
5.0,pathspec,pyjwt,120,0.0737,False,False,5000,0,190,target,mut_3d3a5262de4b
5.0,pathspec,pyjwt,120,0.0639,False,False,5000,0,191,target,mut_3ff1e4e04ab9
5.0,pathspec,pyjwt,120,0.3745,False,False,5000,0,192,target,mut_4113d2e10736
5.0,pathspec,pyjwt,120,0.0512,False,False,5000,0,193,target,mut_42544b670025
5.0,pathspec,pyjwt,120,0.0779,False,False,5000,0,194,target,mut_437f7cc37d8d
5.0,pathspec,pyjwt,120,0.2299,False,False,5000,0,195,target,mut_43ec0ea9735a
5.0,pathspec,pyjwt,120,0.0525,False,False,5000,0,196,target,mut_43fb88911a37
5.0,pathspec,pyjwt,120,0.1895,False,False,5000,0,197,target,mut_444f60463623
5.0,pathspec,pyjwt,120,0.0762,False,False,5000,0,198,target,mut_456cfa26be64
5.0,pathspec,pyjwt,120,0.2249,False,False,5000,0,199,target,mut_463aa218c002
5.0,pathspec,pyjwt,120,0.2726,False,False,5000,0,200,target,mut_478a55ca2b09
5.0,pathspec,pyjwt,120,0.0594,False,False,5000,0,201,target,mut_4af46cbbaec7
5.0,pathspec,pyjwt,120,0.1022,False,False,5000,0,202,target,mut_4b3bb8874283
5.0,pathspec,pyjwt,120,0.391,False,False,5000,0,203,target,mut_4c0b49a434ba
5.0,pathspec,pyjwt,120,0.1097,False,False,5000,0,204,target,mut_4ccad6da159a
5.0,pathspec,pyjwt,120,0.1011,False,False,5000,0,205,target,mut_50e475c36c0a
5.0,pathspec,pyjwt,120,0.0576,False,False,5000,0,206,target,mut_50ed11f612cc
5.0,pathspec,pyjwt,120,0.0424,False,False,5000,0,207,target,mut_51e85f42c905
5.0,pathspec,pyjwt,120,0.0566,False,False,5000,0,208,target,mut_526a13aa0926
5.0,pathspec,pyjwt,120,0.0441,False,False,5000,0,209,target,mut_52ab84aad0d4
5.0,pathspec,pyjwt,120,0.0562,False,False,5000,0,210,target,mut_52fe5bac9a7a
5.0,pathspec,pyjwt,120,0.0545,False,False,5000,0,211,target,mut_545f16e5b3df
5.0,pathspec,pyjwt,120,0.0714,False,False,5000,0,212,target,mut_547f6fbbcbe2
5.0,pathspec,pyjwt,120,0.0616,False,False,5000,0,213,target,mut_54fa426f5858
5.0,pathspec,pyjwt,120,0.0959,False,False,5000,0,214,target,mut_592ce5f61ca7
5.0,pathspec,pyjwt,120,0.0635,False,False,5000,0,215,target,mut_5a0d26c058d4
5.0,pathspec,pyjwt,120,0.0778,False,False,5000,0,216,target,mut_5b3f2d9cbf03
5.0,pathspec,pyjwt,120,0.0387,False,False,5000,0,217,target,mut_5c64ff199ac5
5.0,pathspec,pyjwt,120,0.2376,False,False,5000,0,218,target,mut_5f51c0f4a848
5.0,pathspec,pyjwt,120,0.0766,False,False,5000,0,219,target,mut_6049d17f369e
5.0,pathspec,pyjwt,120,0.072,False,False,5000,0,220,target,mut_60552fac6908
5.0,pathspec,pyjwt,120,0.0394,False,False,5000,0,221,target,mut_60d6f3cf3948
5.0,pathspec,pyjwt,120,0.079,False,False,5000,0,222,target,mut_615c8ed8414e
5.0,pathspec,pyjwt,120,0.0615,False,False,5000,0,223,target,mut_6210fdc74359
5.0,pathspec,pyjwt,120,0.0463,False,False,5000,0,224,target,mut_65dbbf1f1b00
5.0,pathspec,pyjwt,120,0.0516,False,False,5000,0,225,target,mut_67610408123d
5.0,pathspec,pyjwt,120,0.0493,False,False,5000,0,226,target,mut_6762e5978e41
5.0,pathspec,pyjwt,120,0.0564,False,False,5000,0,227,target,mut_68fb61939483
5.0,pathspec,pyjwt,120,0.3832,False,False,5000,0,228,target,mut_69f17ac7f4ff
5.0,pathspec,pyjwt,120,0.1009,False,False,5000,0,229,target,mut_6a6c014ca1f7
5.0,pathspec,pyjwt,120,0.0753,False,False,5000,0,230,target,mut_6a9275dcfc0a
5.0,pathspec,pyjwt,120,0.3729,False,False,5000,0,231,target,mut_6ad127f32aea
5.0,pathspec,pyjwt,120,0.0568,False,False,5000,0,232,target,mut_6b65c1606cb4
5.0,pathspec,pyjwt,120,0.0367,False,False,5000,0,233,target,mut_6b81d79c96be
5.0,pathspec,pyjwt,120,0.0734,False,False,5000,0,234,target,mut_6c291d41de8b
5.0,pathspec,pyjwt,120,0.3573,False,False,5000,0,235,target,mut_6d9b19e64534
5.0,pathspec,pyjwt,120,0.0373,False,False,5000,0,236,target,mut_6db4ac6d9443
5.0,pathspec,pyjwt,120,0.0674,False,False,5000,0,237,target,mut_713de7973bcf
5.0,pathspec,pyjwt,120,0.0722,False,False,5000,0,238,target,mut_73d581fb62eb
5.0,pathspec,pyjwt,120,0.2217,False,False,5000,0,239,target,mut_74f0ea6a5857
5.0,pyjwt,sqlparse,120,0.1089,False,False,5000,0,0,source,mut_20f7c2b61afd
5.0,pyjwt,sqlparse,120,0.1176,False,False,5000,0,1,source,mut_2166c6015c41
5.0,pyjwt,sqlparse,120,0.0433,False,False,5000,0,2,source,mut_216f50c9920d
5.0,pyjwt,sqlparse,120,0.1372,False,False,5000,0,3,source,mut_21a6decde87b
5.0,pyjwt,sqlparse,120,0.0325,False,False,5000,0,4,source,mut_24e294eb01da
5.0,pyjwt,sqlparse,120,0.0404,False,False,5000,0,5,source,mut_25bea34fda06
5.0,pyjwt,sqlparse,120,0.0325,False,False,5000,0,6,source,mut_2718bf1b9b0e
5.0,pyjwt,sqlparse,120,0.0611,False,False,5000,0,7,source,mut_27b09d8c7689
5.0,pyjwt,sqlparse,120,0.0405,False,False,5000,0,8,source,mut_28ce0d973d74
5.0,pyjwt,sqlparse,120,0.0524,False,False,5000,0,9,source,mut_295bafe67e4d
5.0,pyjwt,sqlparse,120,0.0972,False,False,5000,0,10,source,mut_29e99c2cf3ea
5.0,pyjwt,sqlparse,120,0.0816,False,False,5000,0,11,source,mut_29f508aa9ccf
5.0,pyjwt,sqlparse,120,0.1009,False,False,5000,0,12,source,mut_2a9c2a8eadc8
5.0,pyjwt,sqlparse,120,0.0339,False,False,5000,0,13,source,mut_2aa3b6acb4ea
5.0,pyjwt,sqlparse,120,0.0419,False,False,5000,0,14,source,mut_2ac852453414
5.0,pyjwt,sqlparse,120,0.0373,False,False,5000,0,15,source,mut_2c4f80427f9d
5.0,pyjwt,sqlparse,120,0.0354,False,False,5000,0,16,source,mut_2d948b208be0
5.0,pyjwt,sqlparse,120,0.0263,False,False,5000,0,17,source,mut_2e00b44926f6
5.0,pyjwt,sqlparse,120,0.047,False,False,5000,0,18,source,mut_2f4454f56e97
5.0,pyjwt,sqlparse,120,0.1172,False,False,5000,0,19,source,mut_309ac638becc
5.0,pyjwt,sqlparse,120,0.0319,False,False,5000,0,20,source,mut_30a78d5efe94
5.0,pyjwt,sqlparse,120,0.1529,False,False,5000,0,21,source,mut_30eaa795a680
5.0,pyjwt,sqlparse,120,0.0945,False,False,5000,0,22,source,mut_3139b2ad0144
5.0,pyjwt,sqlparse,120,0.1634,False,False,5000,0,23,source,mut_36d6b2eb1dd2
5.0,pyjwt,sqlparse,120,0.037,False,False,5000,0,24,source,mut_387d51aa0576
5.0,pyjwt,sqlparse,120,0.07,False,False,5000,0,25,source,mut_3932d965394a
5.0,pyjwt,sqlparse,120,0.0638,False,False,5000,0,26,source,mut_398678965686
5.0,pyjwt,sqlparse,120,0.0416,False,False,5000,0,27,source,mut_3a6d87727a82
5.0,pyjwt,sqlparse,120,0.047,False,False,5000,0,28,source,mut_3a88b7a8d9a4
5.0,pyjwt,sqlparse,120,0.0383,False,False,5000,0,29,source,mut_3ac3cf2072b8
5.0,pyjwt,sqlparse,120,0.058,False,False,5000,0,30,source,mut_3d3a5262de4b
5.0,pyjwt,sqlparse,120,0.0501,False,False,5000,0,31,source,mut_3ff1e4e04ab9
5.0,pyjwt,sqlparse,120,0.3751,False,False,5000,0,32,source,mut_4113d2e10736
5.0,pyjwt,sqlparse,120,0.0318,False,False,5000,0,33,source,mut_42544b670025
5.0,pyjwt,sqlparse,120,0.0729,False,False,5000,0,34,source,mut_437f7cc37d8d
5.0,pyjwt,sqlparse,120,0.072,False,False,5000,0,35,source,mut_43ec0ea9735a
5.0,pyjwt,sqlparse,120,0.0313,False,False,5000,0,36,source,mut_43fb88911a37
5.0,pyjwt,sqlparse,120,0.1686,False,False,5000,0,37,source,mut_444f60463623
5.0,pyjwt,sqlparse,120,0.0555,False,False,5000,0,38,source,mut_456cfa26be64
5.0,pyjwt,sqlparse,120,0.195,False,False,5000,0,39,source,mut_463aa218c002
5.0,pyjwt,sqlparse,120,0.1129,False,False,5000,0,40,source,mut_478a55ca2b09
5.0,pyjwt,sqlparse,120,0.0374,False,False,5000,0,41,source,mut_4af46cbbaec7
5.0,pyjwt,sqlparse,120,0.0832,False,False,5000,0,42,source,mut_4b3bb8874283
5.0,pyjwt,sqlparse,120,0.3851,False,False,5000,0,43,source,mut_4c0b49a434ba
5.0,pyjwt,sqlparse,120,0.1489,False,False,5000,0,44,source,mut_4ccad6da159a
5.0,pyjwt,sqlparse,120,0.1242,False,False,5000,0,45,source,mut_50e475c36c0a
5.0,pyjwt,sqlparse,120,0.0562,False,False,5000,0,46,source,mut_50ed11f612cc
5.0,pyjwt,sqlparse,120,0.0456,False,False,5000,0,47,source,mut_51e85f42c905
5.0,pyjwt,sqlparse,120,0.0347,False,False,5000,0,48,source,mut_526a13aa0926
5.0,pyjwt,sqlparse,120,0.0773,False,False,5000,0,49,source,mut_52ab84aad0d4
5.0,pyjwt,sqlparse,120,0.0812,False,False,5000,0,50,source,mut_52fe5bac9a7a
5.0,pyjwt,sqlparse,120,0.0563,False,False,5000,0,51,source,mut_545f16e5b3df
5.0,pyjwt,sqlparse,120,0.0487,False,False,5000,0,52,source,mut_547f6fbbcbe2
5.0,pyjwt,sqlparse,120,0.0394,False,False,5000,0,53,source,mut_54fa426f5858
5.0,pyjwt,sqlparse,120,0.123,False,False,5000,0,54,source,mut_592ce5f61ca7
5.0,pyjwt,sqlparse,120,0.0419,False,False,5000,0,55,source,mut_5a0d26c058d4
5.0,pyjwt,sqlparse,120,0.0578,False,False,5000,0,56,source,mut_5b3f2d9cbf03
5.0,pyjwt,sqlparse,120,0.0382,False,False,5000,0,57,source,mut_5c64ff199ac5
5.0,pyjwt,sqlparse,120,0.0707,False,False,5000,0,58,source,mut_5f51c0f4a848
5.0,pyjwt,sqlparse,120,0.0507,False,False,5000,0,59,source,mut_6049d17f369e
5.0,pyjwt,sqlparse,120,0.0511,False,False,5000,0,60,source,mut_60552fac6908
5.0,pyjwt,sqlparse,120,0.0432,False,False,5000,0,61,source,mut_60d6f3cf3948
5.0,pyjwt,sqlparse,120,0.0605,False,False,5000,0,62,source,mut_615c8ed8414e
5.0,pyjwt,sqlparse,120,0.0423,False,False,5000,0,63,source,mut_6210fdc74359
5.0,pyjwt,sqlparse,120,0.0236,False,False,5000,0,64,source,mut_65dbbf1f1b00
5.0,pyjwt,sqlparse,120,0.0318,False,False,5000,0,65,source,mut_67610408123d
5.0,pyjwt,sqlparse,120,0.0501,False,False,5000,0,66,source,mut_6762e5978e41
5.0,pyjwt,sqlparse,120,0.0396,False,False,5000,0,67,source,mut_68fb61939483
5.0,pyjwt,sqlparse,120,0.3802,False,False,5000,0,68,source,mut_69f17ac7f4ff
5.0,pyjwt,sqlparse,120,0.1199,False,False,5000,0,69,source,mut_6a6c014ca1f7
5.0,pyjwt,sqlparse,120,0.0503,False,False,5000,0,70,source,mut_6a9275dcfc0a
5.0,pyjwt,sqlparse,120,0.372,False,False,5000,0,71,source,mut_6ad127f32aea
5.0,pyjwt,sqlparse,120,0.0573,False,False,5000,0,72,source,mut_6b65c1606cb4
5.0,pyjwt,sqlparse,120,0.0493,False,False,5000,0,73,source,mut_6b81d79c96be
5.0,pyjwt,sqlparse,120,0.0694,False,False,5000,0,74,source,mut_6c291d41de8b
5.0,pyjwt,sqlparse,120,0.3625,False,False,5000,0,75,source,mut_6d9b19e64534
5.0,pyjwt,sqlparse,120,0.0377,False,False,5000,0,76,source,mut_6db4ac6d9443
5.0,pyjwt,sqlparse,120,0.0708,False,False,5000,0,77,source,mut_713de7973bcf
5.0,pyjwt,sqlparse,120,0.0849,False,False,5000,0,78,source,mut_73d581fb62eb
5.0,pyjwt,sqlparse,120,0.1892,False,False,5000,0,79,source,mut_74f0ea6a5857
5.0,pyjwt,sqlparse,120,0.0255,False,False,5000,0,80,source,mut_75132a62bc6b
5.0,pyjwt,sqlparse,120,0.0466,False,False,5000,0,81,source,mut_77cad84aef17
5.0,pyjwt,sqlparse,120,0.033,False,False,5000,0,82,source,mut_7ab1e2c4cebd
5.0,pyjwt,sqlparse,120,0.0329,False,False,5000,0,83,source,mut_7ba5c6c51536
5.0,pyjwt,sqlparse,120,0.0439,False,False,5000,0,84,source,mut_7d2a2aa2296a
5.0,pyjwt,sqlparse,120,0.0274,False,False,5000,0,85,source,mut_7e0fb79566f5
5.0,pyjwt,sqlparse,120,0.0471,False,False,5000,0,86,source,mut_7ebf5a9a32cb
5.0,pyjwt,sqlparse,120,0.1072,False,False,5000,0,87,source,mut_825caac7065c
5.0,pyjwt,sqlparse,120,0.0219,False,False,5000,0,88,source,mut_82b6143e3e38
5.0,pyjwt,sqlparse,120,0.0891,False,False,5000,0,89,source,mut_842476a54c3f
5.0,pyjwt,sqlparse,120,0.0371,False,False,5000,0,90,source,mut_84bb1fa4caa8
5.0,pyjwt,sqlparse,120,0.0352,False,False,5000,0,91,source,mut_8535affd9884
5.0,pyjwt,sqlparse,120,0.0491,False,False,5000,0,92,source,mut_8544af5217f4
5.0,pyjwt,sqlparse,120,0.1331,False,False,5000,0,93,source,mut_889d49387bb1
5.0,pyjwt,sqlparse,120,0.2355,False,False,5000,0,94,source,mut_8ac5a6f05c07
5.0,pyjwt,sqlparse,120,0.089,False,False,5000,0,95,source,mut_8ad55c5ff59b
5.0,pyjwt,sqlparse,120,0.0441,False,False,5000,0,96,source,mut_8bae8add8f41
5.0,pyjwt,sqlparse,120,0.0473,False,False,5000,0,97,source,mut_8c1456f5a50b
5.0,pyjwt,sqlparse,120,0.0326,False,False,5000,0,98,source,mut_8c14b909d83c
5.0,pyjwt,sqlparse,120,0.0586,False,False,5000,0,99,source,mut_8c43829c33f8
5.0,pyjwt,sqlparse,120,0.0326,False,False,5000,0,100,source,mut_8ce25f2179e0
5.0,pyjwt,sqlparse,120,0.0745,False,False,5000,0,101,source,mut_8ce3abb21a38
5.0,pyjwt,sqlparse,120,0.0476,False,False,5000,0,102,source,mut_8e964d5ee0a6
5.0,pyjwt,sqlparse,120,0.0453,False,False,5000,0,103,source,mut_8f1c5520f4e7
5.0,pyjwt,sqlparse,120,0.041,False,False,5000,0,104,source,mut_91754eb2d23a
5.0,pyjwt,sqlparse,120,0.0488,False,False,5000,0,105,source,mut_94902348009a
5.0,pyjwt,sqlparse,120,0.3634,False,False,5000,0,106,source,mut_94d69deb5717
5.0,pyjwt,sqlparse,120,0.0376,False,False,5000,0,107,source,mut_9513cd281e72
5.0,pyjwt,sqlparse,120,0.0406,False,False,5000,0,108,source,mut_95b9f7b65bf2
5.0,pyjwt,sqlparse,120,0.0436,False,False,5000,0,109,source,mut_96598a40aa63
5.0,pyjwt,sqlparse,120,0.0213,False,False,5000,0,110,source,mut_9833817576ef
5.0,pyjwt,sqlparse,120,0.038,False,False,5000,0,111,source,mut_98758a682aa5
5.0,pyjwt,sqlparse,120,0.1151,False,False,5000,0,112,source,mut_99241348fde0
5.0,pyjwt,sqlparse,120,0.043,False,False,5000,0,113,source,mut_99b158ff3585
5.0,pyjwt,sqlparse,120,0.0445,False,False,5000,0,114,source,mut_99e45368bcbd
5.0,pyjwt,sqlparse,120,0.0328,False,False,5000,0,115,source,mut_9a4cd53ededa
5.0,pyjwt,sqlparse,120,0.0328,False,False,5000,0,116,source,mut_9aa4552580b1
5.0,pyjwt,sqlparse,120,0.0807,False,False,5000,0,117,source,mut_9b272810af03
5.0,pyjwt,sqlparse,120,0.0374,False,False,5000,0,118,source,mut_9d3f3dd7d526
5.0,pyjwt,sqlparse,120,0.0666,False,False,5000,0,119,source,mut_a101ac9aae77
5.0,pyjwt,sqlparse,120,0.0952,False,False,5000,0,120,target,mut_00ed85e60cd9
5.0,pyjwt,sqlparse,120,0.2308,False,False,5000,0,121,target,mut_01607a748050
5.0,pyjwt,sqlparse,120,0.3663,False,False,5000,0,122,target,mut_0224f619e35c
5.0,pyjwt,sqlparse,120,0.1247,False,False,5000,0,123,target,mut_026a10020b80
5.0,pyjwt,sqlparse,120,0.0859,False,False,5000,0,124,target,mut_03ee991cbb0a
5.0,pyjwt,sqlparse,120,0.1793,False,False,5000,0,125,target,mut_041c3482e05a
5.0,pyjwt,sqlparse,120,0.2333,False,False,5000,0,126,target,mut_0519ce964748
5.0,pyjwt,sqlparse,120,0.2266,False,False,5000,0,127,target,mut_05241599fa24
5.0,pyjwt,sqlparse,120,0.0823,False,False,5000,0,128,target,mut_05c5864de93f
5.0,pyjwt,sqlparse,120,0.2354,False,False,5000,0,129,target,mut_0633703f54bb
5.0,pyjwt,sqlparse,120,0.0978,False,False,5000,0,130,target,mut_0703ff01c280
5.0,pyjwt,sqlparse,120,0.0948,False,False,5000,0,131,target,mut_074fa6a12d6a
5.0,pyjwt,sqlparse,120,0.1197,False,False,5000,0,132,target,mut_084ecf13d0c7
5.0,pyjwt,sqlparse,120,0.0951,False,False,5000,0,133,target,mut_08c357c96661
5.0,pyjwt,sqlparse,120,0.1278,False,False,5000,0,134,target,mut_08c54a4a1774
5.0,pyjwt,sqlparse,120,0.1183,False,False,5000,0,135,target,mut_09e56869c62d
5.0,pyjwt,sqlparse,120,0.0812,False,False,5000,0,136,target,mut_0c28fc59246d
5.0,pyjwt,sqlparse,120,0.2484,False,False,5000,0,137,target,mut_0e6f69bff32e
5.0,pyjwt,sqlparse,120,0.3223,False,False,5000,0,138,target,mut_0ea074976f45
5.0,pyjwt,sqlparse,120,0.5905,False,False,5000,0,139,target,mut_0f6ab9f1dc53
5.0,pyjwt,sqlparse,120,0.1251,False,False,5000,0,140,target,mut_1110d9c4f3a2
5.0,pyjwt,sqlparse,120,0.3014,False,False,5000,0,141,target,mut_15da8a97f30d
5.0,pyjwt,sqlparse,120,0.0961,False,False,5000,0,142,target,mut_16d5526bba24
5.0,pyjwt,sqlparse,120,0.2011,False,False,5000,0,143,target,mut_1826940fb670
5.0,pyjwt,sqlparse,120,0.0956,False,False,5000,0,144,target,mut_18a327df7dd5
5.0,pyjwt,sqlparse,120,0.1028,False,False,5000,0,145,target,mut_1a27e32fb0d9
5.0,pyjwt,sqlparse,120,0.1505,False,False,5000,0,146,target,mut_1b410076d159
5.0,pyjwt,sqlparse,120,0.0989,False,False,5000,0,147,target,mut_1c741b52e4cc
5.0,pyjwt,sqlparse,120,0.6236,False,False,5000,0,148,target,mut_1d2a4ebddef7
5.0,pyjwt,sqlparse,120,0.1167,False,False,5000,0,149,target,mut_1dd1bf505ee1
5.0,pyjwt,sqlparse,120,0.2458,False,False,5000,0,150,target,mut_1e9e58f92d3c
5.0,pyjwt,sqlparse,120,0.3048,False,False,5000,0,151,target,mut_1f2e7bf62587
5.0,pyjwt,sqlparse,120,0.1377,False,False,5000,0,152,target,mut_1fc0cbcda288
5.0,pyjwt,sqlparse,120,0.2604,False,False,5000,0,153,target,mut_20eac5499782
5.0,pyjwt,sqlparse,120,0.1179,False,False,5000,0,154,target,mut_21429cd0b260
5.0,pyjwt,sqlparse,120,0.1371,False,False,5000,0,155,target,mut_217742f515df
5.0,pyjwt,sqlparse,120,0.3039,False,False,5000,0,156,target,mut_222d4967b863
5.0,pyjwt,sqlparse,120,0.6112,False,False,5000,0,157,target,mut_24e95de47642
5.0,pyjwt,sqlparse,120,0.7006,False,False,5000,0,158,target,mut_261a4ab9ed4c
5.0,pyjwt,sqlparse,120,0.1725,False,False,5000,0,159,target,mut_2634fd95f118
5.0,pyjwt,sqlparse,120,0.1423,False,False,5000,0,160,target,mut_274b3f00345f
5.0,pyjwt,sqlparse,120,0.1291,False,False,5000,0,161,target,mut_295c7ad3071a
5.0,pyjwt,sqlparse,120,0.1519,False,False,5000,0,162,target,mut_2a17d702d436
5.0,pyjwt,sqlparse,120,0.1491,False,False,5000,0,163,target,mut_2c129f4e9211
5.0,pyjwt,sqlparse,120,0.0693,False,False,5000,0,164,target,mut_2c2f66af1cfb
5.0,pyjwt,sqlparse,120,0.2007,False,False,5000,0,165,target,mut_2cbae98e3519
5.0,pyjwt,sqlparse,120,0.1663,False,False,5000,0,166,target,mut_2cdbaf08089d
5.0,pyjwt,sqlparse,120,0.1655,False,False,5000,0,167,target,mut_2dee09d62d9d
5.0,pyjwt,sqlparse,120,0.4446,False,False,5000,0,168,target,mut_30086f4982b4
5.0,pyjwt,sqlparse,120,0.1318,False,False,5000,0,169,target,mut_30eea9b5f492
5.0,pyjwt,sqlparse,120,0.038,False,False,5000,0,170,target,mut_30eec3bb4d68
5.0,pyjwt,sqlparse,120,0.1323,False,False,5000,0,171,target,mut_324c4b0e3c39
5.0,pyjwt,sqlparse,120,0.1096,False,False,5000,0,172,target,mut_33c0984d9374
5.0,pyjwt,sqlparse,120,0.1125,False,False,5000,0,173,target,mut_347bd9f817e9
5.0,pyjwt,sqlparse,120,0.1155,False,False,5000,0,174,target,mut_3607818929cb
5.0,pyjwt,sqlparse,120,0.0487,False,False,5000,0,175,target,mut_362a64bf5afe
5.0,pyjwt,sqlparse,120,0.0956,False,False,5000,0,176,target,mut_3729fae7806f
5.0,pyjwt,sqlparse,120,0.0478,False,False,5000,0,177,target,mut_37cb2031b486
5.0,pyjwt,sqlparse,120,0.1121,False,False,5000,0,178,target,mut_38183bd2c1ed
5.0,pyjwt,sqlparse,120,0.0305,False,False,5000,0,179,target,mut_38763383d7b0
5.0,pyjwt,sqlparse,120,0.0964,False,False,5000,0,180,target,mut_3955a686c91d
5.0,pyjwt,sqlparse,120,0.0997,False,False,5000,0,181,target,mut_3989cb53b832
5.0,pyjwt,sqlparse,120,0.2022,False,False,5000,0,182,target,mut_39975d92d790
5.0,pyjwt,sqlparse,120,0.0362,False,False,5000,0,183,target,mut_3a92baf97f66
5.0,pyjwt,sqlparse,120,0.0374,False,False,5000,0,184,target,mut_3b88002f0733
5.0,pyjwt,sqlparse,120,0.0936,False,False,5000,0,185,target,mut_3d58a54aa20f
5.0,pyjwt,sqlparse,120,0.1008,False,False,5000,0,186,target,mut_3e04b14de979
5.0,pyjwt,sqlparse,120,0.7559,False,False,5000,0,187,target,mut_3ffd50b21960
5.0,pyjwt,sqlparse,120,0.1868,False,False,5000,0,188,target,mut_407eb9486001
5.0,pyjwt,sqlparse,120,0.0974,False,False,5000,0,189,target,mut_4324b71a987c
5.0,pyjwt,sqlparse,120,0.1448,False,False,5000,0,190,target,mut_434d19a26cdb
5.0,pyjwt,sqlparse,120,0.0423,False,False,5000,0,191,target,mut_43695e7c2f7b
5.0,pyjwt,sqlparse,120,0.1015,False,False,5000,0,192,target,mut_437302185cb1
5.0,pyjwt,sqlparse,120,0.5792,False,False,5000,0,193,target,mut_463c594b3f76
5.0,pyjwt,sqlparse,120,0.0607,False,False,5000,0,194,target,mut_48baccea58f0
5.0,pyjwt,sqlparse,120,0.1446,False,False,5000,0,195,target,mut_48fde9d2deea
5.0,pyjwt,sqlparse,120,0.1265,False,False,5000,0,196,target,mut_4b13ccc70742
5.0,pyjwt,sqlparse,120,0.3423,False,False,5000,0,197,target,mut_4c09085f2073
5.0,pyjwt,sqlparse,120,0.1237,False,False,5000,0,198,target,mut_4c4e6b8ce530
5.0,pyjwt,sqlparse,120,0.127,False,False,5000,0,199,target,mut_4ddc4cbd929b
5.0,pyjwt,sqlparse,120,0.1357,False,False,5000,0,200,target,mut_4ec1d7e52659
5.0,pyjwt,sqlparse,120,0.0324,False,False,5000,0,201,target,mut_4fea0ea939d2
5.0,pyjwt,sqlparse,120,0.03,False,False,5000,0,202,target,mut_5058b98fc3dc
5.0,pyjwt,sqlparse,120,0.0657,False,False,5000,0,203,target,mut_50aabc4b5a25
5.0,pyjwt,sqlparse,120,0.0298,False,False,5000,0,204,target,mut_513085300da3
5.0,pyjwt,sqlparse,120,0.3253,False,False,5000,0,205,target,mut_515b7e3ac580
5.0,pyjwt,sqlparse,120,0.0437,False,False,5000,0,206,target,mut_51d953d55d3a
5.0,pyjwt,sqlparse,120,0.7418,True,True,5000,1,207,target,mut_563fc775221b
5.0,pyjwt,sqlparse,120,0.3823,False,False,5000,1,208,target,mut_565c4e576970
5.0,pyjwt,sqlparse,120,0.0941,False,False,5000,1,209,target,mut_577d92322485
5.0,pyjwt,sqlparse,120,0.6002,False,False,5000,1,210,target,mut_598fea02071b
5.0,pyjwt,sqlparse,120,0.0447,False,False,5000,1,211,target,mut_59ad839eb361
5.0,pyjwt,sqlparse,120,0.0534,False,False,5000,1,212,target,mut_59d5612d680e
5.0,pyjwt,sqlparse,120,0.3689,False,False,5000,1,213,target,mut_5a1265cdd7fd
5.0,pyjwt,sqlparse,120,0.3657,False,False,5000,1,214,target,mut_5a226ce8e9a0
5.0,pyjwt,sqlparse,120,0.0527,False,False,5000,1,215,target,mut_5c4e9febc1b4
5.0,pyjwt,sqlparse,120,0.2237,False,False,5000,1,216,target,mut_5c5dd82adb4a
5.0,pyjwt,sqlparse,120,0.094,False,False,5000,1,217,target,mut_5c709acf8a71
5.0,pyjwt,sqlparse,120,0.3845,False,False,5000,1,218,target,mut_5c83645a4b40
5.0,pyjwt,sqlparse,120,0.1598,False,False,5000,1,219,target,mut_5ca66cf5e21c
5.0,pyjwt,sqlparse,120,0.0477,False,False,5000,1,220,target,mut_5e1e3f22ddce
5.0,pyjwt,sqlparse,120,0.3946,False,False,5000,1,221,target,mut_5e911c243c0e
5.0,pyjwt,sqlparse,120,0.3763,False,False,5000,1,222,target,mut_5f9ee10badbd
5.0,pyjwt,sqlparse,120,0.6258,False,False,5000,1,223,target,mut_603659d3c40d
5.0,pyjwt,sqlparse,120,0.2925,False,False,5000,1,224,target,mut_628c76f5d806
5.0,pyjwt,sqlparse,120,0.3762,False,False,5000,1,225,target,mut_683a907522ac
5.0,pyjwt,sqlparse,120,0.374,False,False,5000,1,226,target,mut_68be773b8e4f
5.0,pyjwt,sqlparse,120,0.1268,False,False,5000,1,227,target,mut_6a213918b9c2
5.0,pyjwt,sqlparse,120,0.3746,False,False,5000,1,228,target,mut_6e3d6f48ed29
5.0,pyjwt,sqlparse,120,0.1318,False,False,5000,1,229,target,mut_6e5ae450d2f4
5.0,pyjwt,sqlparse,120,0.3727,False,False,5000,1,230,target,mut_6f68b59e3602
5.0,pyjwt,sqlparse,120,0.3808,False,False,5000,1,231,target,mut_70e6e6870886
5.0,pyjwt,sqlparse,120,0.5719,False,False,5000,1,232,target,mut_7180d183cdb2
5.0,pyjwt,sqlparse,120,0.378,False,False,5000,1,233,target,mut_71b88b2cf7de
5.0,pyjwt,sqlparse,120,0.1461,False,False,5000,1,234,target,mut_71f61f9f2540
5.0,pyjwt,sqlparse,120,0.0459,False,False,5000,1,235,target,mut_731cab0bcb1e
5.0,pyjwt,sqlparse,120,0.5426,False,False,5000,1,236,target,mut_754d4bc16c13
5.0,pyjwt,sqlparse,120,0.2937,False,False,5000,1,237,target,mut_76df77b21013
5.0,pyjwt,sqlparse,120,0.3725,False,False,5000,1,238,target,mut_779fd8ca5ea2
5.0,pyjwt,sqlparse,120,0.164,False,False,5000,1,239,target,mut_78f391f3ae79
5.0,sqlparse,tabulate,120,0.046,False,False,5000,0,0,source,mut_274b3f00345f
5.0,sqlparse,tabulate,120,0.0639,False,False,5000,0,1,source,mut_295c7ad3071a
5.0,sqlparse,tabulate,120,0.0941,False,False,5000,0,2,source,mut_2a17d702d436
5.0,sqlparse,tabulate,120,0.0431,False,False,5000,0,3,source,mut_2c129f4e9211
5.0,sqlparse,tabulate,120,0.0295,False,False,5000,0,4,source,mut_2c2f66af1cfb
5.0,sqlparse,tabulate,120,0.1604,False,False,5000,0,5,source,mut_2cbae98e3519
5.0,sqlparse,tabulate,120,0.0947,False,False,5000,0,6,source,mut_2cdbaf08089d
5.0,sqlparse,tabulate,120,0.1892,False,False,5000,0,7,source,mut_2dee09d62d9d
5.0,sqlparse,tabulate,120,0.4425,False,False,5000,0,8,source,mut_30086f4982b4
5.0,sqlparse,tabulate,120,0.042,False,False,5000,0,9,source,mut_30eea9b5f492
5.0,sqlparse,tabulate,120,0.0314,False,False,5000,0,10,source,mut_30eec3bb4d68
5.0,sqlparse,tabulate,120,0.067,False,False,5000,0,11,source,mut_324c4b0e3c39
5.0,sqlparse,tabulate,120,0.0578,False,False,5000,0,12,source,mut_33c0984d9374
5.0,sqlparse,tabulate,120,0.0418,False,False,5000,0,13,source,mut_347bd9f817e9
5.0,sqlparse,tabulate,120,0.0525,False,False,5000,0,14,source,mut_3607818929cb
5.0,sqlparse,tabulate,120,0.0425,False,False,5000,0,15,source,mut_362a64bf5afe
5.0,sqlparse,tabulate,120,0.0508,False,False,5000,0,16,source,mut_3729fae7806f
5.0,sqlparse,tabulate,120,0.0528,False,False,5000,0,17,source,mut_37cb2031b486
5.0,sqlparse,tabulate,120,0.0417,False,False,5000,0,18,source,mut_38183bd2c1ed
5.0,sqlparse,tabulate,120,0.0652,False,False,5000,0,19,source,mut_38763383d7b0
5.0,sqlparse,tabulate,120,0.0444,False,False,5000,0,20,source,mut_3955a686c91d
5.0,sqlparse,tabulate,120,0.0436,False,False,5000,0,21,source,mut_3989cb53b832
5.0,sqlparse,tabulate,120,0.1989,False,False,5000,0,22,source,mut_39975d92d790
5.0,sqlparse,tabulate,120,0.0316,False,False,5000,0,23,source,mut_3a92baf97f66
5.0,sqlparse,tabulate,120,0.056,False,False,5000,0,24,source,mut_3b88002f0733
5.0,sqlparse,tabulate,120,0.0411,False,False,5000,0,25,source,mut_3d58a54aa20f
5.0,sqlparse,tabulate,120,0.0427,False,False,5000,0,26,source,mut_3e04b14de979
5.0,sqlparse,tabulate,120,0.71,False,False,5000,0,27,source,mut_3ffd50b21960
5.0,sqlparse,tabulate,120,0.1819,False,False,5000,0,28,source,mut_407eb9486001
5.0,sqlparse,tabulate,120,0.0395,False,False,5000,0,29,source,mut_4324b71a987c
5.0,sqlparse,tabulate,120,0.0847,False,False,5000,0,30,source,mut_434d19a26cdb
5.0,sqlparse,tabulate,120,0.052,False,False,5000,0,31,source,mut_43695e7c2f7b
5.0,sqlparse,tabulate,120,0.0395,False,False,5000,0,32,source,mut_437302185cb1
5.0,sqlparse,tabulate,120,0.6337,False,False,5000,0,33,source,mut_463c594b3f76
5.0,sqlparse,tabulate,120,0.0394,False,False,5000,0,34,source,mut_48baccea58f0
5.0,sqlparse,tabulate,120,0.0846,False,False,5000,0,35,source,mut_48fde9d2deea
5.0,sqlparse,tabulate,120,0.0466,False,False,5000,0,36,source,mut_4b13ccc70742
5.0,sqlparse,tabulate,120,0.3367,False,False,5000,0,37,source,mut_4c09085f2073
5.0,sqlparse,tabulate,120,0.0404,False,False,5000,0,38,source,mut_4c4e6b8ce530
5.0,sqlparse,tabulate,120,0.0478,False,False,5000,0,39,source,mut_4ddc4cbd929b
5.0,sqlparse,tabulate,120,0.0587,False,False,5000,0,40,source,mut_4ec1d7e52659
5.0,sqlparse,tabulate,120,0.0877,False,False,5000,0,41,source,mut_4fea0ea939d2
5.0,sqlparse,tabulate,120,0.0862,False,False,5000,0,42,source,mut_5058b98fc3dc
5.0,sqlparse,tabulate,120,0.0554,False,False,5000,0,43,source,mut_50aabc4b5a25
5.0,sqlparse,tabulate,120,0.0735,False,False,5000,0,44,source,mut_513085300da3
5.0,sqlparse,tabulate,120,0.328,False,False,5000,0,45,source,mut_515b7e3ac580
5.0,sqlparse,tabulate,120,0.0368,False,False,5000,0,46,source,mut_51d953d55d3a
5.0,sqlparse,tabulate,120,0.6934,False,False,5000,0,47,source,mut_563fc775221b
5.0,sqlparse,tabulate,120,0.0481,False,False,5000,0,48,source,mut_565c4e576970
5.0,sqlparse,tabulate,120,0.0569,False,False,5000,0,49,source,mut_577d92322485
5.0,sqlparse,tabulate,120,0.1149,False,False,5000,0,50,source,mut_598fea02071b
5.0,sqlparse,tabulate,120,0.0295,False,False,5000,0,51,source,mut_59ad839eb361
5.0,sqlparse,tabulate,120,0.0388,False,False,5000,0,52,source,mut_59d5612d680e
5.0,sqlparse,tabulate,120,0.0515,False,False,5000,0,53,source,mut_5a1265cdd7fd
5.0,sqlparse,tabulate,120,0.05,False,False,5000,0,54,source,mut_5a226ce8e9a0
5.0,sqlparse,tabulate,120,0.0369,False,False,5000,0,55,source,mut_5c4e9febc1b4
5.0,sqlparse,tabulate,120,0.1964,False,False,5000,0,56,source,mut_5c5dd82adb4a
5.0,sqlparse,tabulate,120,0.0778,False,False,5000,0,57,source,mut_5c709acf8a71
5.0,sqlparse,tabulate,120,0.042,False,False,5000,0,58,source,mut_5c83645a4b40
5.0,sqlparse,tabulate,120,0.7113,False,False,5000,0,59,source,mut_5ca66cf5e21c
5.0,sqlparse,tabulate,120,0.0313,False,False,5000,0,60,source,mut_5e1e3f22ddce
5.0,sqlparse,tabulate,120,0.0413,False,False,5000,0,61,source,mut_5e911c243c0e
5.0,sqlparse,tabulate,120,0.0427,False,False,5000,0,62,source,mut_5f9ee10badbd
5.0,sqlparse,tabulate,120,0.0884,False,False,5000,0,63,source,mut_603659d3c40d
5.0,sqlparse,tabulate,120,0.0731,False,False,5000,0,64,source,mut_628c76f5d806
5.0,sqlparse,tabulate,120,0.0373,False,False,5000,0,65,source,mut_683a907522ac
5.0,sqlparse,tabulate,120,0.0373,False,False,5000,0,66,source,mut_68be773b8e4f
5.0,sqlparse,tabulate,120,0.1186,False,False,5000,0,67,source,mut_6a213918b9c2
5.0,sqlparse,tabulate,120,0.1034,False,False,5000,0,68,source,mut_6e3d6f48ed29
5.0,sqlparse,tabulate,120,0.117,False,False,5000,0,69,source,mut_6e5ae450d2f4
5.0,sqlparse,tabulate,120,0.0553,False,False,5000,0,70,source,mut_6f68b59e3602
5.0,sqlparse,tabulate,120,0.048,False,False,5000,0,71,source,mut_70e6e6870886
5.0,sqlparse,tabulate,120,0.0553,False,False,5000,0,72,source,mut_7180d183cdb2
5.0,sqlparse,tabulate,120,0.0407,False,False,5000,0,73,source,mut_71b88b2cf7de
5.0,sqlparse,tabulate,120,0.0702,False,False,5000,0,74,source,mut_71f61f9f2540
5.0,sqlparse,tabulate,120,0.0353,False,False,5000,0,75,source,mut_731cab0bcb1e
5.0,sqlparse,tabulate,120,0.1718,False,False,5000,0,76,source,mut_754d4bc16c13
5.0,sqlparse,tabulate,120,0.0415,False,False,5000,0,77,source,mut_76df77b21013
5.0,sqlparse,tabulate,120,0.0395,False,False,5000,0,78,source,mut_779fd8ca5ea2
5.0,sqlparse,tabulate,120,0.7145,False,False,5000,0,79,source,mut_78f391f3ae79
5.0,sqlparse,tabulate,120,0.0461,False,False,5000,0,80,source,mut_7a80661c2bdf
5.0,sqlparse,tabulate,120,0.0382,False,False,5000,0,81,source,mut_7ac454133642
5.0,sqlparse,tabulate,120,0.0484,False,False,5000,0,82,source,mut_7f1ddc9250cb
5.0,sqlparse,tabulate,120,0.0314,False,False,5000,0,83,source,mut_806afac0611b
5.0,sqlparse,tabulate,120,0.0479,False,False,5000,0,84,source,mut_807d8e804bf8
5.0,sqlparse,tabulate,120,0.0357,False,False,5000,0,85,source,mut_81b0f720b4ad
5.0,sqlparse,tabulate,120,0.0331,False,False,5000,0,86,source,mut_857cd34d9508
5.0,sqlparse,tabulate,120,0.4462,False,False,5000,0,87,source,mut_859de364d4a7
5.0,sqlparse,tabulate,120,0.4239,False,False,5000,0,88,source,mut_8732d5380027
5.0,sqlparse,tabulate,120,0.1565,False,False,5000,0,89,source,mut_8a5d75cb4aec
5.0,sqlparse,tabulate,120,0.0691,False,False,5000,0,90,source,mut_8afc8711c974
5.0,sqlparse,tabulate,120,0.0295,False,False,5000,0,91,source,mut_8afcbc176f7c
5.0,sqlparse,tabulate,120,0.0858,False,False,5000,0,92,source,mut_8bb6b81c5c05
5.0,sqlparse,tabulate,120,0.1762,False,False,5000,0,93,source,mut_8dec537426f2
5.0,sqlparse,tabulate,120,0.0462,False,False,5000,0,94,source,mut_8eb2650ff656
5.0,sqlparse,tabulate,120,0.0799,False,False,5000,0,95,source,mut_908604a45c2c
5.0,sqlparse,tabulate,120,0.7016,False,False,5000,0,96,source,mut_90c65e06e91d
5.0,sqlparse,tabulate,120,0.0408,False,False,5000,0,97,source,mut_930916d9cada
5.0,sqlparse,tabulate,120,0.0481,False,False,5000,0,98,source,mut_9399d7fed319
5.0,sqlparse,tabulate,120,0.0992,False,False,5000,0,99,source,mut_95b57bdb8e06
5.0,sqlparse,tabulate,120,0.1111,False,False,5000,0,100,source,mut_95f34860eb42
5.0,sqlparse,tabulate,120,0.1329,False,False,5000,0,101,source,mut_982ebface207
5.0,sqlparse,tabulate,120,0.4833,False,False,5000,0,102,source,mut_99b614a17041
5.0,sqlparse,tabulate,120,0.1248,False,False,5000,0,103,source,mut_99bbe3921446
5.0,sqlparse,tabulate,120,0.1355,False,False,5000,0,104,source,mut_9b3ec648417a
5.0,sqlparse,tabulate,120,0.0385,False,False,5000,0,105,source,mut_9bf67af918bd
5.0,sqlparse,tabulate,120,0.1266,False,False,5000,0,106,source,mut_9c15331910a5
5.0,sqlparse,tabulate,120,0.1955,False,False,5000,0,107,source,mut_9c99d9603470
5.0,sqlparse,tabulate,120,0.0405,False,False,5000,0,108,source,mut_9d8e6cc0069c
5.0,sqlparse,tabulate,120,0.047,False,False,5000,0,109,source,mut_9f9228b8c4ec
5.0,sqlparse,tabulate,120,0.081,False,False,5000,0,110,source,mut_a0e430d2e24c
5.0,sqlparse,tabulate,120,0.1091,False,False,5000,0,111,source,mut_a16d02f2dc00
5.0,sqlparse,tabulate,120,0.1312,False,False,5000,0,112,source,mut_a1f58669a52a
5.0,sqlparse,tabulate,120,0.0536,False,False,5000,0,113,source,mut_a21f60a5d0a2
5.0,sqlparse,tabulate,120,0.0498,False,False,5000,0,114,source,mut_a69c8d55276b
5.0,sqlparse,tabulate,120,0.0434,False,False,5000,0,115,source,mut_a8bedd912dd0
5.0,sqlparse,tabulate,120,0.0315,False,False,5000,0,116,source,mut_a949d8b1dc85
5.0,sqlparse,tabulate,120,0.0415,False,False,5000,0,117,source,mut_aa28b02f08d0
5.0,sqlparse,tabulate,120,0.0617,False,False,5000,0,118,source,mut_aa2b8a0635bf
5.0,sqlparse,tabulate,120,0.0562,False,False,5000,0,119,source,mut_aaeb7748441b
5.0,sqlparse,tabulate,120,0.7158,True,True,5000,1,120,target,mut_01ff1dcdaf8f
5.0,sqlparse,tabulate,120,0.6462,False,False,5000,1,121,target,mut_030f8643f53d
5.0,sqlparse,tabulate,120,0.662,False,False,5000,1,122,target,mut_0418ca7582e6
5.0,sqlparse,tabulate,120,0.662,False,False,5000,1,123,target,mut_064986125f71
5.0,sqlparse,tabulate,120,0.6461,False,False,5000,1,124,target,mut_080e4fcfb8a7
5.0,sqlparse,tabulate,120,0.6435,False,False,5000,1,125,target,mut_085d658cb5db
5.0,sqlparse,tabulate,120,0.6537,False,False,5000,1,126,target,mut_099834607006
5.0,sqlparse,tabulate,120,0.6242,False,False,5000,1,127,target,mut_0a099168b515
5.0,sqlparse,tabulate,120,0.6616,False,False,5000,1,128,target,mut_0e0deaefa0bc
5.0,sqlparse,tabulate,120,0.6558,False,False,5000,1,129,target,mut_0f07e7c4eca1
5.0,sqlparse,tabulate,120,0.6671,False,False,5000,1,130,target,mut_0f5523b9c786
5.0,sqlparse,tabulate,120,0.649,False,False,5000,1,131,target,mut_0f846223248f
5.0,sqlparse,tabulate,120,0.621,False,False,5000,1,132,target,mut_10790f95463d
5.0,sqlparse,tabulate,120,0.6208,False,False,5000,1,133,target,mut_10a084bd1391
5.0,sqlparse,tabulate,120,0.4793,False,False,5000,1,134,target,mut_1330de122069
5.0,sqlparse,tabulate,120,0.6378,False,False,5000,1,135,target,mut_13e43bd30215
5.0,sqlparse,tabulate,120,0.6183,False,False,5000,1,136,target,mut_14b738b2f366
5.0,sqlparse,tabulate,120,0.6511,False,False,5000,1,137,target,mut_16107d20d4f6
5.0,sqlparse,tabulate,120,0.6264,False,False,5000,1,138,target,mut_180689350b61
5.0,sqlparse,tabulate,120,0.625,False,False,5000,1,139,target,mut_1869f40a11fe
5.0,sqlparse,tabulate,120,0.6199,False,False,5000,1,140,target,mut_18772feacc7e
5.0,sqlparse,tabulate,120,0.6344,False,False,5000,1,141,target,mut_1bda071a6f7d
5.0,sqlparse,tabulate,120,0.6316,False,False,5000,1,142,target,mut_1cadb3e755b1
5.0,sqlparse,tabulate,120,0.626,False,False,5000,1,143,target,mut_1e27d8008c13
5.0,sqlparse,tabulate,120,0.6117,False,False,5000,1,144,target,mut_242a460375e2
5.0,sqlparse,tabulate,120,0.6161,False,False,5000,1,145,target,mut_2648b8dfc8ed
5.0,sqlparse,tabulate,120,0.5495,False,False,5000,1,146,target,mut_284c0fbe9e56
5.0,sqlparse,tabulate,120,0.5431,False,False,5000,1,147,target,mut_28b6393a4993
5.0,sqlparse,tabulate,120,0.4549,False,False,5000,1,148,target,mut_2939aef51aa6
5.0,sqlparse,tabulate,120,0.4187,False,False,5000,1,149,target,mut_2979613d9f2b
5.0,sqlparse,tabulate,120,0.5795,False,False,5000,1,150,target,mut_298287932461
5.0,sqlparse,tabulate,120,0.591,False,False,5000,1,151,target,mut_2a5743e6e9db
5.0,sqlparse,tabulate,120,0.5893,False,False,5000,1,152,target,mut_2b05b1e50571
5.0,sqlparse,tabulate,120,0.5968,False,False,5000,1,153,target,mut_2c3cc24849a0
5.0,sqlparse,tabulate,120,0.5921,False,False,5000,1,154,target,mut_2d8272190c42
5.0,sqlparse,tabulate,120,0.5441,False,False,5000,1,155,target,mut_2f34020fb58d
5.0,sqlparse,tabulate,120,0.559,False,False,5000,1,156,target,mut_2fda078ae429
5.0,sqlparse,tabulate,120,0.5419,False,False,5000,1,157,target,mut_3174687b1191
5.0,sqlparse,tabulate,120,0.4718,False,False,5000,1,158,target,mut_32c633b81087
5.0,sqlparse,tabulate,120,0.5328,False,False,5000,1,159,target,mut_3330b13319e9
5.0,sqlparse,tabulate,120,0.5286,False,False,5000,1,160,target,mut_363ef3f029dc
5.0,sqlparse,tabulate,120,0.5276,False,False,5000,1,161,target,mut_375120641df2
5.0,sqlparse,tabulate,120,0.4565,False,False,5000,1,162,target,mut_37999cf9db01
5.0,sqlparse,tabulate,120,0.5235,False,False,5000,1,163,target,mut_37e23300dba2
5.0,sqlparse,tabulate,120,0.5257,False,False,5000,1,164,target,mut_38324fb7a27b
5.0,sqlparse,tabulate,120,0.5304,False,False,5000,1,165,target,mut_39025c466681
5.0,sqlparse,tabulate,120,0.5256,False,False,5000,1,166,target,mut_39d29cc47391
5.0,sqlparse,tabulate,120,0.5235,False,False,5000,1,167,target,mut_3bd3c269dfe5
5.0,sqlparse,tabulate,120,0.5212,False,False,5000,1,168,target,mut_3be2be653944
5.0,sqlparse,tabulate,120,0.354,False,False,5000,1,169,target,mut_3cffefe36798
5.0,sqlparse,tabulate,120,0.5416,False,False,5000,1,170,target,mut_3e06caa9cc95
5.0,sqlparse,tabulate,120,0.3848,False,False,5000,1,171,target,mut_3ef310da54b1
5.0,sqlparse,tabulate,120,0.563,False,False,5000,1,172,target,mut_3efbe3e5ff36
5.0,sqlparse,tabulate,120,0.3136,False,False,5000,1,173,target,mut_3f8a2adaee1c
5.0,sqlparse,tabulate,120,0.3437,False,False,5000,1,174,target,mut_3fc83c229263
5.0,sqlparse,tabulate,120,0.582,False,False,5000,1,175,target,mut_40b111a0ea20
5.0,sqlparse,tabulate,120,0.5796,False,False,5000,1,176,target,mut_4194c4a4dfe6
5.0,sqlparse,tabulate,120,0.5828,False,False,5000,1,177,target,mut_41fa99991f0b
5.0,sqlparse,tabulate,120,0.5804,False,False,5000,1,178,target,mut_4384a219c955
5.0,sqlparse,tabulate,120,0.4047,False,False,5000,1,179,target,mut_43bcabda2c1c
5.0,sqlparse,tabulate,120,0.5789,False,False,5000,1,180,target,mut_457012a4d98c
5.0,sqlparse,tabulate,120,0.5788,False,False,5000,1,181,target,mut_485192f8feb7
5.0,sqlparse,tabulate,120,0.5787,False,False,5000,1,182,target,mut_4bd59480cc4f
5.0,sqlparse,tabulate,120,0.5864,False,False,5000,1,183,target,mut_4cddc602efff
5.0,sqlparse,tabulate,120,0.578,False,False,5000,1,184,target,mut_4d373729c558
5.0,sqlparse,tabulate,120,0.3591,False,False,5000,1,185,target,mut_4d3c42537ccd
5.0,sqlparse,tabulate,120,0.5774,False,False,5000,1,186,target,mut_4f5f9a062b32
5.0,sqlparse,tabulate,120,0.5774,False,False,5000,1,187,target,mut_50802d486d65
5.0,sqlparse,tabulate,120,0.5089,False,False,5000,1,188,target,mut_5178b3c4bcef
5.0,sqlparse,tabulate,120,0.5774,False,False,5000,1,189,target,mut_526f4add9f2a
5.0,sqlparse,tabulate,120,0.5619,False,False,5000,1,190,target,mut_52744975db96
5.0,sqlparse,tabulate,120,0.5658,False,False,5000,1,191,target,mut_52d3d84c77f0
5.0,sqlparse,tabulate,120,0.5666,False,False,5000,1,192,target,mut_55889f174052
5.0,sqlparse,tabulate,120,0.5664,False,False,5000,1,193,target,mut_55ad4af114d8
5.0,sqlparse,tabulate,120,0.4903,False,False,5000,1,194,target,mut_56245a077a9f
5.0,sqlparse,tabulate,120,0.5679,False,False,5000,1,195,target,mut_562d394e9f72
5.0,sqlparse,tabulate,120,0.4469,False,False,5000,1,196,target,mut_57d0c9cb114e
5.0,sqlparse,tabulate,120,0.5609,False,False,5000,1,197,target,mut_58305a6f4eb2
5.0,sqlparse,tabulate,120,0.6116,False,False,5000,1,198,target,mut_58c9743489d6
5.0,sqlparse,tabulate,120,0.5559,False,False,5000,1,199,target,mut_5abe2e3e882c
5.0,sqlparse,tabulate,120,0.5002,False,False,5000,1,200,target,mut_5c1b5c05a7d5
5.0,sqlparse,tabulate,120,0.451,False,False,5000,1,201,target,mut_5d39580f9286
5.0,sqlparse,tabulate,120,0.5634,False,False,5000,1,202,target,mut_5e3e2fd199aa
5.0,sqlparse,tabulate,120,0.5703,False,False,5000,1,203,target,mut_6078fe15ed24
5.0,sqlparse,tabulate,120,0.3557,False,False,5000,1,204,target,mut_61eea6c5ca38
5.0,sqlparse,tabulate,120,0.5737,False,False,5000,1,205,target,mut_63a7dbc5cfb4
5.0,sqlparse,tabulate,120,0.5756,False,False,5000,1,206,target,mut_65f9a94d5de9
5.0,sqlparse,tabulate,120,0.5736,False,False,5000,1,207,target,mut_66749e506a20
5.0,sqlparse,tabulate,120,0.5782,False,False,5000,1,208,target,mut_66dc922fc183
5.0,sqlparse,tabulate,120,0.3406,False,False,5000,1,209,target,mut_6706ca197df4
5.0,sqlparse,tabulate,120,0.5819,False,False,5000,1,210,target,mut_683996bdd811
5.0,sqlparse,tabulate,120,0.4414,False,False,5000,1,211,target,mut_68ec67ac89e4
5.0,sqlparse,tabulate,120,0.3295,False,False,5000,1,212,target,mut_69467f2af28e
5.0,sqlparse,tabulate,120,0.5226,False,False,5000,1,213,target,mut_69f7a0487a31
5.0,sqlparse,tabulate,120,0.592,False,False,5000,1,214,target,mut_6aabac65417d
5.0,sqlparse,tabulate,120,0.584,False,False,5000,1,215,target,mut_6b6d9a306e87
5.0,sqlparse,tabulate,120,0.5841,False,False,5000,1,216,target,mut_6be766ffae3e
5.0,sqlparse,tabulate,120,0.3538,False,False,5000,1,217,target,mut_6c3722313f43
5.0,sqlparse,tabulate,120,0.5794,False,False,5000,1,218,target,mut_6c389af055e7
5.0,sqlparse,tabulate,120,0.4604,False,False,5000,1,219,target,mut_6ca07ddd644b
5.0,sqlparse,tabulate,120,0.5853,False,False,5000,1,220,target,mut_6dfb599fc04e
5.0,sqlparse,tabulate,120,0.5988,False,False,5000,1,221,target,mut_6ee34073c9da
5.0,sqlparse,tabulate,120,0.5927,False,False,5000,1,222,target,mut_6f1c5b362cb6
5.0,sqlparse,tabulate,120,0.3757,False,False,5000,1,223,target,mut_7206f44e82b9
5.0,sqlparse,tabulate,120,0.5939,False,False,5000,1,224,target,mut_726a1e3349be
5.0,sqlparse,tabulate,120,0.5821,False,False,5000,1,225,target,mut_728a1c133c64
5.0,sqlparse,tabulate,120,0.4859,False,False,5000,1,226,target,mut_73c5ea89e51f
5.0,sqlparse,tabulate,120,0.5636,False,False,5000,1,227,target,mut_74d7ef899586
5.0,sqlparse,tabulate,120,0.5888,False,False,5000,1,228,target,mut_75f9a0f96be0
5.0,sqlparse,tabulate,120,0.4584,False,False,5000,1,229,target,mut_771bdbf1556c
5.0,sqlparse,tabulate,120,0.5027,False,False,5000,1,230,target,mut_785ceb473257
5.0,sqlparse,tabulate,120,0.5888,False,False,5000,1,231,target,mut_78e23d7106f2
5.0,sqlparse,tabulate,120,0.5295,False,False,5000,1,232,target,mut_797997904741
5.0,sqlparse,tabulate,120,0.5261,False,False,5000,1,233,target,mut_7af923a5072e
5.0,sqlparse,tabulate,120,0.5825,False,False,5000,1,234,target,mut_7c286298a8cf
5.0,sqlparse,tabulate,120,0.5905,False,False,5000,1,235,target,mut_7c5fdede9d4c
5.0,sqlparse,tabulate,120,0.5903,False,False,5000,1,236,target,mut_7cc98fec983c
5.0,sqlparse,tabulate,120,0.5767,False,False,5000,1,237,target,mut_7d31ed51251a
5.0,sqlparse,tabulate,120,0.543,False,False,5000,1,238,target,mut_7ef06352d3a7
5.0,sqlparse,tabulate,120,0.5797,False,False,5000,1,239,target,mut_80615b5b7282
5.0,tabulate,validators,120,0.2127,False,False,5000,0,0,source,mut_363ef3f029dc
5.0,tabulate,validators,120,0.2175,False,False,5000,0,1,source,mut_375120641df2
5.0,tabulate,validators,120,0.0496,False,False,5000,0,2,source,mut_37999cf9db01
5.0,tabulate,validators,120,0.2181,False,False,5000,0,3,source,mut_37e23300dba2
5.0,tabulate,validators,120,0.2126,False,False,5000,0,4,source,mut_38324fb7a27b
5.0,tabulate,validators,120,0.2112,False,False,5000,0,5,source,mut_39025c466681
5.0,tabulate,validators,120,0.2233,False,False,5000,0,6,source,mut_39d29cc47391
5.0,tabulate,validators,120,0.2106,False,False,5000,0,7,source,mut_3bd3c269dfe5
5.0,tabulate,validators,120,0.2137,False,False,5000,0,8,source,mut_3be2be653944
5.0,tabulate,validators,120,0.6147,False,False,5000,0,9,source,mut_3cffefe36798
5.0,tabulate,validators,120,0.2676,False,False,5000,0,10,source,mut_3e06caa9cc95
5.0,tabulate,validators,120,0.4545,False,False,5000,0,11,source,mut_3ef310da54b1
5.0,tabulate,validators,120,0.2165,False,False,5000,0,12,source,mut_3efbe3e5ff36
5.0,tabulate,validators,120,0.6172,False,False,5000,0,13,source,mut_3f8a2adaee1c
5.0,tabulate,validators,120,0.5961,False,False,5000,0,14,source,mut_3fc83c229263
5.0,tabulate,validators,120,0.2227,False,False,5000,0,15,source,mut_40b111a0ea20
5.0,tabulate,validators,120,0.2239,False,False,5000,0,16,source,mut_4194c4a4dfe6
5.0,tabulate,validators,120,0.2217,False,False,5000,0,17,source,mut_41fa99991f0b
5.0,tabulate,validators,120,0.2296,False,False,5000,0,18,source,mut_4384a219c955
5.0,tabulate,validators,120,0.4647,False,False,5000,0,19,source,mut_43bcabda2c1c
5.0,tabulate,validators,120,0.2296,False,False,5000,0,20,source,mut_457012a4d98c
5.0,tabulate,validators,120,0.2152,False,False,5000,0,21,source,mut_485192f8feb7
5.0,tabulate,validators,120,0.2173,False,False,5000,0,22,source,mut_4bd59480cc4f
5.0,tabulate,validators,120,0.226,False,False,5000,0,23,source,mut_4cddc602efff
5.0,tabulate,validators,120,0.2343,False,False,5000,0,24,source,mut_4d373729c558
5.0,tabulate,validators,120,0.4945,False,False,5000,0,25,source,mut_4d3c42537ccd
5.0,tabulate,validators,120,0.2421,False,False,5000,0,26,source,mut_4f5f9a062b32
5.0,tabulate,validators,120,0.2422,False,False,5000,0,27,source,mut_50802d486d65
5.0,tabulate,validators,120,0.0453,False,False,5000,0,28,source,mut_5178b3c4bcef
5.0,tabulate,validators,120,0.2343,False,False,5000,0,29,source,mut_526f4add9f2a
5.0,tabulate,validators,120,0.2484,False,False,5000,0,30,source,mut_52744975db96
5.0,tabulate,validators,120,0.2433,False,False,5000,0,31,source,mut_52d3d84c77f0
5.0,tabulate,validators,120,0.2451,False,False,5000,0,32,source,mut_55889f174052
5.0,tabulate,validators,120,0.2445,False,False,5000,0,33,source,mut_55ad4af114d8
5.0,tabulate,validators,120,0.0708,False,False,5000,0,34,source,mut_56245a077a9f
5.0,tabulate,validators,120,0.2479,False,False,5000,0,35,source,mut_562d394e9f72
5.0,tabulate,validators,120,0.4053,False,False,5000,0,36,source,mut_57d0c9cb114e
5.0,tabulate,validators,120,0.2444,False,False,5000,0,37,source,mut_58305a6f4eb2
5.0,tabulate,validators,120,0.3278,False,False,5000,0,38,source,mut_58c9743489d6
5.0,tabulate,validators,120,0.2591,False,False,5000,0,39,source,mut_5abe2e3e882c
5.0,tabulate,validators,120,0.0637,False,False,5000,0,40,source,mut_5c1b5c05a7d5
5.0,tabulate,validators,120,0.351,False,False,5000,0,41,source,mut_5d39580f9286
5.0,tabulate,validators,120,0.2466,False,False,5000,0,42,source,mut_5e3e2fd199aa
5.0,tabulate,validators,120,0.2494,False,False,5000,0,43,source,mut_6078fe15ed24
5.0,tabulate,validators,120,0.5562,False,False,5000,0,44,source,mut_61eea6c5ca38
5.0,tabulate,validators,120,0.2342,False,False,5000,0,45,source,mut_63a7dbc5cfb4
5.0,tabulate,validators,120,0.2243,False,False,5000,0,46,source,mut_65f9a94d5de9
5.0,tabulate,validators,120,0.2455,False,False,5000,0,47,source,mut_66749e506a20
5.0,tabulate,validators,120,0.2454,False,False,5000,0,48,source,mut_66dc922fc183
5.0,tabulate,validators,120,0.5942,False,False,5000,0,49,source,mut_6706ca197df4
5.0,tabulate,validators,120,0.2307,False,False,5000,0,50,source,mut_683996bdd811
5.0,tabulate,validators,120,0.4329,False,False,5000,0,51,source,mut_68ec67ac89e4
5.0,tabulate,validators,120,0.6083,False,False,5000,0,52,source,mut_69467f2af28e
5.0,tabulate,validators,120,0.3442,False,False,5000,0,53,source,mut_69f7a0487a31
5.0,tabulate,validators,120,0.0827,False,False,5000,0,54,source,mut_6aabac65417d
5.0,tabulate,validators,120,0.2274,False,False,5000,0,55,source,mut_6b6d9a306e87
5.0,tabulate,validators,120,0.2277,False,False,5000,0,56,source,mut_6be766ffae3e
5.0,tabulate,validators,120,0.579,False,False,5000,0,57,source,mut_6c3722313f43
5.0,tabulate,validators,120,0.2299,False,False,5000,0,58,source,mut_6c389af055e7
5.0,tabulate,validators,120,0.4015,False,False,5000,0,59,source,mut_6ca07ddd644b
5.0,tabulate,validators,120,0.2311,False,False,5000,0,60,source,mut_6dfb599fc04e
5.0,tabulate,validators,120,0.2312,False,False,5000,0,61,source,mut_6ee34073c9da
5.0,tabulate,validators,120,0.0631,False,False,5000,0,62,source,mut_6f1c5b362cb6
5.0,tabulate,validators,120,0.4753,False,False,5000,0,63,source,mut_7206f44e82b9
5.0,tabulate,validators,120,0.2255,False,False,5000,0,64,source,mut_726a1e3349be
5.0,tabulate,validators,120,0.236,False,False,5000,0,65,source,mut_728a1c133c64
5.0,tabulate,validators,120,0.4213,False,False,5000,0,66,source,mut_73c5ea89e51f
5.0,tabulate,validators,120,0.2525,False,False,5000,0,67,source,mut_74d7ef899586
5.0,tabulate,validators,120,0.2308,False,False,5000,0,68,source,mut_75f9a0f96be0
5.0,tabulate,validators,120,0.3898,False,False,5000,0,69,source,mut_771bdbf1556c
5.0,tabulate,validators,120,0.327,False,False,5000,0,70,source,mut_785ceb473257
5.0,tabulate,validators,120,0.2367,False,False,5000,0,71,source,mut_78e23d7106f2
5.0,tabulate,validators,120,0.099,False,False,5000,0,72,source,mut_797997904741
5.0,tabulate,validators,120,0.3361,False,False,5000,0,73,source,mut_7af923a5072e
5.0,tabulate,validators,120,0.2376,False,False,5000,0,74,source,mut_7c286298a8cf
5.0,tabulate,validators,120,0.2326,False,False,5000,0,75,source,mut_7c5fdede9d4c
5.0,tabulate,validators,120,0.2367,False,False,5000,0,76,source,mut_7cc98fec983c
5.0,tabulate,validators,120,0.2423,False,False,5000,0,77,source,mut_7d31ed51251a
5.0,tabulate,validators,120,0.0678,False,False,5000,0,78,source,mut_7ef06352d3a7
5.0,tabulate,validators,120,0.2408,False,False,5000,0,79,source,mut_80615b5b7282
5.0,tabulate,validators,120,0.3121,False,False,5000,0,80,source,mut_811487a68c5d
5.0,tabulate,validators,120,0.2351,False,False,5000,0,81,source,mut_8181a2f82da7
5.0,tabulate,validators,120,0.25,False,False,5000,0,82,source,mut_88b12601c6b4
5.0,tabulate,validators,120,0.2426,False,False,5000,0,83,source,mut_89568a9687b8
5.0,tabulate,validators,120,0.2419,False,False,5000,0,84,source,mut_8a98ecc1d2d4
5.0,tabulate,validators,120,0.2425,False,False,5000,0,85,source,mut_8c4aaa0e41ce
5.0,tabulate,validators,120,0.2468,False,False,5000,0,86,source,mut_8c608518a181
5.0,tabulate,validators,120,0.2432,False,False,5000,0,87,source,mut_8c786843757a
5.0,tabulate,validators,120,0.24,False,False,5000,0,88,source,mut_8cf7bb535c6a
5.0,tabulate,validators,120,0.3268,False,False,5000,0,89,source,mut_8d903b6b05a3
5.0,tabulate,validators,120,0.0863,False,False,5000,0,90,source,mut_8f3048c9fdb7
5.0,tabulate,validators,120,0.2516,False,False,5000,0,91,source,mut_921c9bdec666
5.0,tabulate,validators,120,0.3278,False,False,5000,0,92,source,mut_92feb5abd563
5.0,tabulate,validators,120,0.2406,False,False,5000,0,93,source,mut_932e7cda0930
5.0,tabulate,validators,120,0.2434,False,False,5000,0,94,source,mut_93ab546ac587
5.0,tabulate,validators,120,0.2362,False,False,5000,0,95,source,mut_9425e56c8f32
5.0,tabulate,validators,120,0.459,False,False,5000,0,96,source,mut_95e0ba25ca32
5.0,tabulate,validators,120,0.2388,False,False,5000,0,97,source,mut_999907b4c7a6
5.0,tabulate,validators,120,0.5017,False,False,5000,0,98,source,mut_9b7d45f02538
5.0,tabulate,validators,120,0.2398,False,False,5000,0,99,source,mut_9cb5320581a3
5.0,tabulate,validators,120,0.2361,False,False,5000,0,100,source,mut_9de10da28138
5.0,tabulate,validators,120,0.2368,False,False,5000,0,101,source,mut_9e01564fb2ab
5.0,tabulate,validators,120,0.2368,False,False,5000,0,102,source,mut_9e6ff70ad808
5.0,tabulate,validators,120,0.2651,False,False,5000,0,103,source,mut_a1a4182595b1
5.0,tabulate,validators,120,0.2368,False,False,5000,0,104,source,mut_a241047a443f
5.0,tabulate,validators,120,0.2504,False,False,5000,0,105,source,mut_a2b65cfb3d3a
5.0,tabulate,validators,120,0.2424,False,False,5000,0,106,source,mut_a63f710c92d1
5.0,tabulate,validators,120,0.2465,False,False,5000,0,107,source,mut_a67051d78031
5.0,tabulate,validators,120,0.2438,False,False,5000,0,108,source,mut_aa7f0f34b10d
5.0,tabulate,validators,120,0.441,False,False,5000,0,109,source,mut_aafb68a62b09
5.0,tabulate,validators,120,0.0557,False,False,5000,0,110,source,mut_ab09c49fd53a
5.0,tabulate,validators,120,0.4615,False,False,5000,0,111,source,mut_ab58be0bb8c2
5.0,tabulate,validators,120,0.2424,False,False,5000,0,112,source,mut_ad33877f23bb
5.0,tabulate,validators,120,0.2624,False,False,5000,0,113,source,mut_ae36e3d9e7f6
5.0,tabulate,validators,120,0.2414,False,False,5000,0,114,source,mut_b07810dc98f4
5.0,tabulate,validators,120,0.2467,False,False,5000,0,115,source,mut_b0ff2a65ff0d
5.0,tabulate,validators,120,0.2373,False,False,5000,0,116,source,mut_b2a32bf545ca
5.0,tabulate,validators,120,0.2357,False,False,5000,0,117,source,mut_b5768671456c
5.0,tabulate,validators,120,0.2484,False,False,5000,0,118,source,mut_b688877f7d5c
5.0,tabulate,validators,120,0.2424,False,False,5000,0,119,source,mut_b6a2085614f1
5.0,tabulate,validators,120,0.1695,False,False,5000,0,120,target,mut_001b988525ce
5.0,tabulate,validators,120,0.0332,False,False,5000,0,121,target,mut_0050ec50d7f6
5.0,tabulate,validators,120,0.0291,False,False,5000,0,122,target,mut_0151fb65ff25
5.0,tabulate,validators,120,0.0278,False,False,5000,0,123,target,mut_01a12dc9938d
5.0,tabulate,validators,120,0.0393,False,False,5000,0,124,target,mut_01a42bc76525
5.0,tabulate,validators,120,0.028,False,False,5000,0,125,target,mut_01b58447823e
5.0,tabulate,validators,120,0.0336,False,False,5000,0,126,target,mut_023a8f13b446
5.0,tabulate,validators,120,0.0389,False,False,5000,0,127,target,mut_026fd25fc412
5.0,tabulate,validators,120,0.0246,False,False,5000,0,128,target,mut_02c592edc150
5.0,tabulate,validators,120,0.0246,False,False,5000,0,129,target,mut_03246c80d914
5.0,tabulate,validators,120,0.0208,False,False,5000,0,130,target,mut_06c55d30e1cb
5.0,tabulate,validators,120,0.0302,False,False,5000,0,131,target,mut_06ef31fddfdd
5.0,tabulate,validators,120,0.0201,False,False,5000,0,132,target,mut_07b921225588
5.0,tabulate,validators,120,0.0231,False,False,5000,0,133,target,mut_0824a54d85d5
5.0,tabulate,validators,120,0.0229,False,False,5000,0,134,target,mut_094b75585191
5.0,tabulate,validators,120,0.0385,False,False,5000,0,135,target,mut_0a400a1d1f2e
5.0,tabulate,validators,120,0.0402,False,False,5000,0,136,target,mut_0b8fa6e03d72
5.0,tabulate,validators,120,0.0545,False,False,5000,0,137,target,mut_0c8cf609b6a9
5.0,tabulate,validators,120,0.0375,False,False,5000,0,138,target,mut_0fe60d4211b3
5.0,tabulate,validators,120,0.0384,False,False,5000,0,139,target,mut_109e58907214
5.0,tabulate,validators,120,0.0206,False,False,5000,0,140,target,mut_10d02430144a
5.0,tabulate,validators,120,0.0312,False,False,5000,0,141,target,mut_1194944ee0a0
5.0,tabulate,validators,120,0.0364,False,False,5000,0,142,target,mut_126f999cbf80
5.0,tabulate,validators,120,0.0409,False,False,5000,0,143,target,mut_134c76afce8c
5.0,tabulate,validators,120,0.0213,False,False,5000,0,144,target,mut_13ffada5a316
5.0,tabulate,validators,120,0.0234,False,False,5000,0,145,target,mut_141193d2b654
5.0,tabulate,validators,120,0.0222,False,False,5000,0,146,target,mut_16383dcdb31c
5.0,tabulate,validators,120,0.0332,False,False,5000,0,147,target,mut_166a946c500f
5.0,tabulate,validators,120,0.0326,False,False,5000,0,148,target,mut_1a70d67d835f
5.0,tabulate,validators,120,0.04,False,False,5000,0,149,target,mut_1a89bab39aee
5.0,tabulate,validators,120,0.1738,False,False,5000,0,150,target,mut_1a9410854252
5.0,tabulate,validators,120,0.0258,False,False,5000,0,151,target,mut_1aa5729f476d
5.0,tabulate,validators,120,0.0284,False,False,5000,0,152,target,mut_1de5686af8b8
5.0,tabulate,validators,120,0.0342,False,False,5000,0,153,target,mut_1f45b57e6554
5.0,tabulate,validators,120,0.0295,False,False,5000,0,154,target,mut_1f47e8bb3664
5.0,tabulate,validators,120,0.0295,False,False,5000,0,155,target,mut_1f9c7d81a427
5.0,tabulate,validators,120,0.031,False,False,5000,0,156,target,mut_20fb6937abce
5.0,tabulate,validators,120,0.0382,False,False,5000,0,157,target,mut_2317c2a229ce
5.0,tabulate,validators,120,0.0243,False,False,5000,0,158,target,mut_27ec4b9275fd
5.0,tabulate,validators,120,0.0272,False,False,5000,0,159,target,mut_285f5b886dd5
5.0,tabulate,validators,120,0.032,False,False,5000,0,160,target,mut_289f57866ae7
5.0,tabulate,validators,120,0.0335,False,False,5000,0,161,target,mut_2901fb77a5d5
5.0,tabulate,validators,120,0.0263,False,False,5000,0,162,target,mut_29ccdf85d582
5.0,tabulate,validators,120,0.0214,False,False,5000,0,163,target,mut_2a92b8d95ee8
5.0,tabulate,validators,120,0.035,False,False,5000,0,164,target,mut_2ad0e4dafa3b
5.0,tabulate,validators,120,0.0367,False,False,5000,0,165,target,mut_2cdea7c4328e
5.0,tabulate,validators,120,0.0226,False,False,5000,0,166,target,mut_2d0a27e2afa6
5.0,tabulate,validators,120,0.0253,False,False,5000,0,167,target,mut_2d8d84c4d455
5.0,tabulate,validators,120,0.0333,False,False,5000,0,168,target,mut_30a7d491f32f
5.0,tabulate,validators,120,0.0371,False,False,5000,0,169,target,mut_30e86d697433
5.0,tabulate,validators,120,0.0335,False,False,5000,0,170,target,mut_36c2d446fe15
5.0,tabulate,validators,120,0.0265,False,False,5000,0,171,target,mut_36e292ffc3ef
5.0,tabulate,validators,120,0.0373,False,False,5000,0,172,target,mut_3774cdaf370e
5.0,tabulate,validators,120,0.0353,False,False,5000,0,173,target,mut_3928233dbdcc
5.0,tabulate,validators,120,0.0332,False,False,5000,0,174,target,mut_395f1ab98b35
5.0,tabulate,validators,120,0.0342,False,False,5000,0,175,target,mut_39be6b85e7ee
5.0,tabulate,validators,120,0.0256,False,False,5000,0,176,target,mut_3a5ca7649694
5.0,tabulate,validators,120,0.0242,False,False,5000,0,177,target,mut_3dcec3ec759c
5.0,tabulate,validators,120,0.0203,False,False,5000,0,178,target,mut_3dd0386d5f78
5.0,tabulate,validators,120,0.0476,False,False,5000,0,179,target,mut_3e4a582a3a2b
5.0,tabulate,validators,120,0.0283,False,False,5000,0,180,target,mut_3e739b7fe6fc
5.0,tabulate,validators,120,0.0357,False,False,5000,0,181,target,mut_3fd09fd69732
5.0,tabulate,validators,120,0.0332,False,False,5000,0,182,target,mut_41b88e094971
5.0,tabulate,validators,120,0.0433,False,False,5000,0,183,target,mut_428e29ee962b
5.0,tabulate,validators,120,0.0331,False,False,5000,0,184,target,mut_4426be1f5b7d
5.0,tabulate,validators,120,0.0331,False,False,5000,0,185,target,mut_44819cc538eb
5.0,tabulate,validators,120,0.0262,False,False,5000,0,186,target,mut_453957b0c500
5.0,tabulate,validators,120,0.0305,False,False,5000,0,187,target,mut_4584024a2a86
5.0,tabulate,validators,120,0.0324,False,False,5000,0,188,target,mut_47d744973bf5
5.0,tabulate,validators,120,0.0302,False,False,5000,0,189,target,mut_4ab43ceb3983
5.0,tabulate,validators,120,0.0381,False,False,5000,0,190,target,mut_4aed3bddcc61
5.0,tabulate,validators,120,0.0241,False,False,5000,0,191,target,mut_4b34fe7f59f8
5.0,tabulate,validators,120,0.0408,False,False,5000,0,192,target,mut_4c85d54acda3
5.0,tabulate,validators,120,0.0318,False,False,5000,0,193,target,mut_4cc6f0bf5261
5.0,tabulate,validators,120,0.0326,False,False,5000,0,194,target,mut_4d12f9bffa5f
5.0,tabulate,validators,120,0.0325,False,False,5000,0,195,target,mut_4d42ec13aec8
5.0,tabulate,validators,120,0.0363,False,False,5000,0,196,target,mut_4e55dc8c2d32
5.0,tabulate,validators,120,0.0362,False,False,5000,0,197,target,mut_4ed941e580f6
5.0,tabulate,validators,120,0.03,False,False,5000,0,198,target,mut_505bd34e9c8d
5.0,tabulate,validators,120,0.1264,False,False,5000,0,199,target,mut_52c53bfdad3f
5.0,tabulate,validators,120,0.023,False,False,5000,0,200,target,mut_533d36268a8c
5.0,tabulate,validators,120,0.0481,False,False,5000,0,201,target,mut_5492b61f4a33
5.0,tabulate,validators,120,0.0313,False,False,5000,0,202,target,mut_561578945597
5.0,tabulate,validators,120,0.0344,False,False,5000,0,203,target,mut_575f8abb0cc1
5.0,tabulate,validators,120,0.0252,False,False,5000,0,204,target,mut_59db72f424fa
5.0,tabulate,validators,120,0.0393,False,False,5000,0,205,target,mut_59e1449d4175
5.0,tabulate,validators,120,0.0284,False,False,5000,0,206,target,mut_5b96aab3b716
5.0,tabulate,validators,120,0.0356,False,False,5000,0,207,target,mut_5bb558d9b7f1
5.0,tabulate,validators,120,0.0404,False,False,5000,0,208,target,mut_5d6c202373bf
5.0,tabulate,validators,120,0.0311,False,False,5000,0,209,target,mut_5fdb6c75ba1b
5.0,tabulate,validators,120,0.0328,False,False,5000,0,210,target,mut_60097c426393
5.0,tabulate,validators,120,0.0349,False,False,5000,0,211,target,mut_631b9ca41a84
5.0,tabulate,validators,120,0.0457,False,False,5000,0,212,target,mut_63364a85d8b3
5.0,tabulate,validators,120,0.0434,False,False,5000,0,213,target,mut_63f77ca240ed
5.0,tabulate,validators,120,0.0324,False,False,5000,0,214,target,mut_6543eba7d306
5.0,tabulate,validators,120,0.0302,False,False,5000,0,215,target,mut_666d29aa1353
5.0,tabulate,validators,120,0.0492,False,False,5000,0,216,target,mut_674f92c64e7a
5.0,tabulate,validators,120,0.0406,False,False,5000,0,217,target,mut_67c4217fd609
5.0,tabulate,validators,120,0.0288,False,False,5000,0,218,target,mut_680a2363c4c8
5.0,tabulate,validators,120,0.05,False,False,5000,0,219,target,mut_6a3eb59c025d
5.0,tabulate,validators,120,0.0225,False,False,5000,0,220,target,mut_6cbf02918859
5.0,tabulate,validators,120,0.0468,False,False,5000,0,221,target,mut_6e600cedd9bc
5.0,tabulate,validators,120,0.0226,False,False,5000,0,222,target,mut_6ed5f0ff4947
5.0,tabulate,validators,120,0.0468,False,False,5000,0,223,target,mut_6f7aa3e309c5
5.0,tabulate,validators,120,0.0414,False,False,5000,0,224,target,mut_6f927eb2c6a3
5.0,tabulate,validators,120,0.1057,False,False,5000,0,225,target,mut_714e0600922e
5.0,tabulate,validators,120,0.0447,False,False,5000,0,226,target,mut_71a35d67c468
5.0,tabulate,validators,120,0.046,False,False,5000,0,227,target,mut_72564fffeb22
5.0,tabulate,validators,120,0.0431,False,False,5000,0,228,target,mut_72e8b501e2f7
5.0,tabulate,validators,120,0.0262,False,False,5000,0,229,target,mut_731b7e032dbf
5.0,tabulate,validators,120,0.0346,False,False,5000,0,230,target,mut_73748398dc44
5.0,tabulate,validators,120,0.0374,False,False,5000,0,231,target,mut_73d6163b93ca
5.0,tabulate,validators,120,0.0332,False,False,5000,0,232,target,mut_75464f8634f2
5.0,tabulate,validators,120,0.0387,False,False,5000,0,233,target,mut_75a622bca676
5.0,tabulate,validators,120,0.1139,False,False,5000,0,234,target,mut_776e97ff8166
5.0,tabulate,validators,120,0.0391,False,False,5000,0,235,target,mut_793525131c6b
5.0,tabulate,validators,120,0.0363,False,False,5000,0,236,target,mut_793ea7b426d8
5.0,tabulate,validators,120,0.045,False,False,5000,0,237,target,mut_794b20d97c83
5.0,tabulate,validators,120,0.0429,False,False,5000,0,238,target,mut_813f338b5985
5.0,tabulate,validators,120,0.1295,False,False,5000,0,239,target,mut_81ac38131bac
5.0,validators,pathspec,120,0.0646,False,False,5000,0,0,source,mut_289f57866ae7
5.0,validators,pathspec,120,0.0221,False,False,5000,0,1,source,mut_2901fb77a5d5
5.0,validators,pathspec,120,0.0297,False,False,5000,0,2,source,mut_29ccdf85d582
5.0,validators,pathspec,120,0.0214,False,False,5000,0,3,source,mut_2a92b8d95ee8
5.0,validators,pathspec,120,0.0682,False,False,5000,0,4,source,mut_2ad0e4dafa3b
5.0,validators,pathspec,120,0.0383,False,False,5000,0,5,source,mut_2cdea7c4328e
5.0,validators,pathspec,120,0.0243,False,False,5000,0,6,source,mut_2d0a27e2afa6
5.0,validators,pathspec,120,0.0331,False,False,5000,0,7,source,mut_2d8d84c4d455
5.0,validators,pathspec,120,0.0241,False,False,5000,0,8,source,mut_30a7d491f32f
5.0,validators,pathspec,120,0.0282,False,False,5000,0,9,source,mut_30e86d697433
5.0,validators,pathspec,120,0.0277,False,False,5000,0,10,source,mut_36c2d446fe15
5.0,validators,pathspec,120,0.0808,False,False,5000,0,11,source,mut_36e292ffc3ef
5.0,validators,pathspec,120,0.0434,False,False,5000,0,12,source,mut_3774cdaf370e
5.0,validators,pathspec,120,0.0478,False,False,5000,0,13,source,mut_3928233dbdcc
5.0,validators,pathspec,120,0.0268,False,False,5000,0,14,source,mut_395f1ab98b35
5.0,validators,pathspec,120,0.0305,False,False,5000,0,15,source,mut_39be6b85e7ee
5.0,validators,pathspec,120,0.0339,False,False,5000,0,16,source,mut_3a5ca7649694
5.0,validators,pathspec,120,0.037,False,False,5000,0,17,source,mut_3dcec3ec759c
5.0,validators,pathspec,120,0.0258,False,False,5000,0,18,source,mut_3dd0386d5f78
5.0,validators,pathspec,120,0.0355,False,False,5000,0,19,source,mut_3e4a582a3a2b
5.0,validators,pathspec,120,0.0329,False,False,5000,0,20,source,mut_3e739b7fe6fc
5.0,validators,pathspec,120,0.0399,False,False,5000,0,21,source,mut_3fd09fd69732
5.0,validators,pathspec,120,0.0298,False,False,5000,0,22,source,mut_41b88e094971
5.0,validators,pathspec,120,0.0459,False,False,5000,0,23,source,mut_428e29ee962b
5.0,validators,pathspec,120,0.0263,False,False,5000,0,24,source,mut_4426be1f5b7d
5.0,validators,pathspec,120,0.0349,False,False,5000,0,25,source,mut_44819cc538eb
5.0,validators,pathspec,120,0.1019,False,False,5000,0,26,source,mut_453957b0c500
5.0,validators,pathspec,120,0.0224,False,False,5000,0,27,source,mut_4584024a2a86
5.0,validators,pathspec,120,0.0244,False,False,5000,0,28,source,mut_47d744973bf5
5.0,validators,pathspec,120,0.061,False,False,5000,0,29,source,mut_4ab43ceb3983
5.0,validators,pathspec,120,0.0358,False,False,5000,0,30,source,mut_4aed3bddcc61
5.0,validators,pathspec,120,0.0229,False,False,5000,0,31,source,mut_4b34fe7f59f8
5.0,validators,pathspec,120,0.0307,False,False,5000,0,32,source,mut_4c85d54acda3
5.0,validators,pathspec,120,0.0224,False,False,5000,0,33,source,mut_4cc6f0bf5261
5.0,validators,pathspec,120,0.0241,False,False,5000,0,34,source,mut_4d12f9bffa5f
5.0,validators,pathspec,120,0.0234,False,False,5000,0,35,source,mut_4d42ec13aec8
5.0,validators,pathspec,120,0.0365,False,False,5000,0,36,source,mut_4e55dc8c2d32
5.0,validators,pathspec,120,0.0239,False,False,5000,0,37,source,mut_4ed941e580f6
5.0,validators,pathspec,120,0.0214,False,False,5000,0,38,source,mut_505bd34e9c8d
5.0,validators,pathspec,120,0.1298,False,False,5000,0,39,source,mut_52c53bfdad3f
5.0,validators,pathspec,120,0.0558,False,False,5000,0,40,source,mut_533d36268a8c
5.0,validators,pathspec,120,0.0226,False,False,5000,0,41,source,mut_5492b61f4a33
5.0,validators,pathspec,120,0.0219,False,False,5000,0,42,source,mut_561578945597
5.0,validators,pathspec,120,0.0387,False,False,5000,0,43,source,mut_575f8abb0cc1
5.0,validators,pathspec,120,0.0277,False,False,5000,0,44,source,mut_59db72f424fa
5.0,validators,pathspec,120,0.0266,False,False,5000,0,45,source,mut_59e1449d4175
5.0,validators,pathspec,120,0.0269,False,False,5000,0,46,source,mut_5b96aab3b716
5.0,validators,pathspec,120,0.0381,False,False,5000,0,47,source,mut_5bb558d9b7f1
5.0,validators,pathspec,120,0.0393,False,False,5000,0,48,source,mut_5d6c202373bf
5.0,validators,pathspec,120,0.022,False,False,5000,0,49,source,mut_5fdb6c75ba1b
5.0,validators,pathspec,120,0.0214,False,False,5000,0,50,source,mut_60097c426393
5.0,validators,pathspec,120,0.0414,False,False,5000,0,51,source,mut_631b9ca41a84
5.0,validators,pathspec,120,0.0228,False,False,5000,0,52,source,mut_63364a85d8b3
5.0,validators,pathspec,120,0.0316,False,False,5000,0,53,source,mut_63f77ca240ed
5.0,validators,pathspec,120,0.0601,False,False,5000,0,54,source,mut_6543eba7d306
5.0,validators,pathspec,120,0.0201,False,False,5000,0,55,source,mut_666d29aa1353
5.0,validators,pathspec,120,0.0239,False,False,5000,0,56,source,mut_674f92c64e7a
5.0,validators,pathspec,120,0.0277,False,False,5000,0,57,source,mut_67c4217fd609
5.0,validators,pathspec,120,0.0289,False,False,5000,0,58,source,mut_680a2363c4c8
5.0,validators,pathspec,120,0.0246,False,False,5000,0,59,source,mut_6a3eb59c025d
5.0,validators,pathspec,120,0.061,False,False,5000,0,60,source,mut_6cbf02918859
5.0,validators,pathspec,120,0.0206,False,False,5000,0,61,source,mut_6e600cedd9bc
5.0,validators,pathspec,120,0.0216,False,False,5000,0,62,source,mut_6ed5f0ff4947
5.0,validators,pathspec,120,0.0206,False,False,5000,0,63,source,mut_6f7aa3e309c5
5.0,validators,pathspec,120,0.0222,False,False,5000,0,64,source,mut_6f927eb2c6a3
5.0,validators,pathspec,120,0.106,False,False,5000,0,65,source,mut_714e0600922e
5.0,validators,pathspec,120,0.0214,False,False,5000,0,66,source,mut_71a35d67c468
5.0,validators,pathspec,120,0.093,False,False,5000,0,67,source,mut_72564fffeb22
5.0,validators,pathspec,120,0.0384,False,False,5000,0,68,source,mut_72e8b501e2f7
5.0,validators,pathspec,120,0.0235,False,False,5000,0,69,source,mut_731b7e032dbf
5.0,validators,pathspec,120,0.035,False,False,5000,0,70,source,mut_73748398dc44
5.0,validators,pathspec,120,0.0855,False,False,5000,0,71,source,mut_73d6163b93ca
5.0,validators,pathspec,120,0.0549,False,False,5000,0,72,source,mut_75464f8634f2
5.0,validators,pathspec,120,0.0401,False,False,5000,0,73,source,mut_75a622bca676
5.0,validators,pathspec,120,0.1069,False,False,5000,0,74,source,mut_776e97ff8166
5.0,validators,pathspec,120,0.0261,False,False,5000,0,75,source,mut_793525131c6b
5.0,validators,pathspec,120,0.0293,False,False,5000,0,76,source,mut_793ea7b426d8
5.0,validators,pathspec,120,0.0183,False,False,5000,0,77,source,mut_794b20d97c83
5.0,validators,pathspec,120,0.0254,False,False,5000,0,78,source,mut_813f338b5985
5.0,validators,pathspec,120,0.1151,False,False,5000,0,79,source,mut_81ac38131bac
5.0,validators,pathspec,120,0.0272,False,False,5000,0,80,source,mut_838c3bdd1f58
5.0,validators,pathspec,120,0.0339,False,False,5000,0,81,source,mut_847b15bfdda6
5.0,validators,pathspec,120,0.0567,False,False,5000,0,82,source,mut_84e0d10594e1
5.0,validators,pathspec,120,0.0256,False,False,5000,0,83,source,mut_8581be366750
5.0,validators,pathspec,120,0.0202,False,False,5000,0,84,source,mut_86f410eb6ca3
5.0,validators,pathspec,120,0.0323,False,False,5000,0,85,source,mut_871f51c5b640
5.0,validators,pathspec,120,0.0343,False,False,5000,0,86,source,mut_8804b1d19eb6
5.0,validators,pathspec,120,0.1127,False,False,5000,0,87,source,mut_88eac4dab581
5.0,validators,pathspec,120,0.087,False,False,5000,0,88,source,mut_899c2cb44109
5.0,validators,pathspec,120,0.1203,False,False,5000,0,89,source,mut_89d3e6a3ab26
5.0,validators,pathspec,120,0.1162,False,False,5000,0,90,source,mut_89e87ebc41d2
5.0,validators,pathspec,120,0.0317,False,False,5000,0,91,source,mut_8b739a475a3c
5.0,validators,pathspec,120,0.0676,False,False,5000,0,92,source,mut_8c4a95f3d471
5.0,validators,pathspec,120,0.0306,False,False,5000,0,93,source,mut_8cb6b9beec51
5.0,validators,pathspec,120,0.0601,False,False,5000,0,94,source,mut_8e913d78891b
5.0,validators,pathspec,120,0.0203,False,False,5000,0,95,source,mut_90656d0adbc2
5.0,validators,pathspec,120,0.0384,False,False,5000,0,96,source,mut_913b26921954
5.0,validators,pathspec,120,0.0624,False,False,5000,0,97,source,mut_915efbcdbbc4
5.0,validators,pathspec,120,0.0334,False,False,5000,0,98,source,mut_919ddde49884
5.0,validators,pathspec,120,0.0377,False,False,5000,0,99,source,mut_91f5aedf3372
5.0,validators,pathspec,120,0.0342,False,False,5000,0,100,source,mut_91ffe6d6fa41
5.0,validators,pathspec,120,0.0265,False,False,5000,0,101,source,mut_92415c8ed3fa
5.0,validators,pathspec,120,0.0244,False,False,5000,0,102,source,mut_94cee2c8847e
5.0,validators,pathspec,120,0.0325,False,False,5000,0,103,source,mut_96ddf7184ca4
5.0,validators,pathspec,120,0.0318,False,False,5000,0,104,source,mut_97d1014eb70f
5.0,validators,pathspec,120,0.128,False,False,5000,0,105,source,mut_97f85571aaf2
5.0,validators,pathspec,120,0.0251,False,False,5000,0,106,source,mut_989e7c951463
5.0,validators,pathspec,120,0.0346,False,False,5000,0,107,source,mut_98aa516e39a1
5.0,validators,pathspec,120,0.0242,False,False,5000,0,108,source,mut_999c0399e544
5.0,validators,pathspec,120,0.0252,False,False,5000,0,109,source,mut_9b30abde7a51
5.0,validators,pathspec,120,0.0381,False,False,5000,0,110,source,mut_9baa8e0b1105
5.0,validators,pathspec,120,0.0201,False,False,5000,0,111,source,mut_9bfc0d74569f
5.0,validators,pathspec,120,0.0185,False,False,5000,0,112,source,mut_9c91b6447fe3
5.0,validators,pathspec,120,0.0201,False,False,5000,0,113,source,mut_9dbe121ade48
5.0,validators,pathspec,120,0.0208,False,False,5000,0,114,source,mut_9e129b50a8e1
5.0,validators,pathspec,120,0.0245,False,False,5000,0,115,source,mut_9e7665c49799
5.0,validators,pathspec,120,0.0885,False,False,5000,0,116,source,mut_9fbf777b07c4
5.0,validators,pathspec,120,0.0506,False,False,5000,0,117,source,mut_a0b9f50cf520
5.0,validators,pathspec,120,0.049,False,False,5000,0,118,source,mut_a1543330de3c
5.0,validators,pathspec,120,0.0872,False,False,5000,0,119,source,mut_a3ad2a55ddaf
5.0,validators,pathspec,120,0.2758,False,False,5000,0,120,target,mut_00c265e970ea
5.0,validators,pathspec,120,0.2574,False,False,5000,0,121,target,mut_00c48ce16a2f
5.0,validators,pathspec,120,0.2574,False,False,5000,0,122,target,mut_01295249e722
5.0,validators,pathspec,120,0.4294,False,False,5000,0,123,target,mut_042cc4aaec00
5.0,validators,pathspec,120,0.3271,False,False,5000,0,124,target,mut_0537991382a1
5.0,validators,pathspec,120,0.0459,False,False,5000,0,125,target,mut_063037d34f5c
5.0,validators,pathspec,120,0.3711,False,False,5000,0,126,target,mut_08ca2ff2fd49
5.0,validators,pathspec,120,0.01,False,False,5000,0,127,target,mut_0c9c25505bf8
5.0,validators,pathspec,120,0.1551,False,False,5000,0,128,target,mut_0db0cae15629
5.0,validators,pathspec,120,0.0038,False,False,5000,0,129,target,mut_0df2fc80778c
5.0,validators,pathspec,120,0.036,False,False,5000,0,130,target,mut_0e1856ed9c82
5.0,validators,pathspec,120,0.0112,False,False,5000,0,131,target,mut_0e71bd8eeb9b
5.0,validators,pathspec,120,0.0112,False,False,5000,0,132,target,mut_0eae59124819
5.0,validators,pathspec,120,0.0256,False,False,5000,0,133,target,mut_103c57e8b52b
5.0,validators,pathspec,120,0.0142,False,False,5000,0,134,target,mut_105fd5984a08
5.0,validators,pathspec,120,0.1035,False,False,5000,0,135,target,mut_1077b8e04940
5.0,validators,pathspec,120,0.0084,False,False,5000,0,136,target,mut_11046ca225a1
5.0,validators,pathspec,120,0.0341,False,False,5000,0,137,target,mut_129b5a0395cd
5.0,validators,pathspec,120,0.0104,False,False,5000,0,138,target,mut_12b50720c6b0
5.0,validators,pathspec,120,0.0148,False,False,5000,0,139,target,mut_12f0655255ff
5.0,validators,pathspec,120,0.0099,False,False,5000,0,140,target,mut_13b2c5018f00
5.0,validators,pathspec,120,0.0173,False,False,5000,0,141,target,mut_16156a06d3b2
5.0,validators,pathspec,120,0.0533,False,False,5000,0,142,target,mut_16562207f831
5.0,validators,pathspec,120,0.0036,False,False,5000,0,143,target,mut_169756297ddb
5.0,validators,pathspec,120,0.0078,False,False,5000,0,144,target,mut_174744bfd65b
5.0,validators,pathspec,120,0.477,False,False,5000,0,145,target,mut_17b5b3e7586c
5.0,validators,pathspec,120,0.1376,False,False,5000,0,146,target,mut_181f3c338c4f
5.0,validators,pathspec,120,0.032,False,False,5000,0,147,target,mut_1837836f5018
5.0,validators,pathspec,120,0.0141,False,False,5000,0,148,target,mut_1871f18e8955
5.0,validators,pathspec,120,0.0437,False,False,5000,0,149,target,mut_18b46aa31898
5.0,validators,pathspec,120,0.1033,False,False,5000,0,150,target,mut_19b3c964fc12
5.0,validators,pathspec,120,0.0051,False,False,5000,0,151,target,mut_1b180004feb5
5.0,validators,pathspec,120,0.0051,False,False,5000,0,152,target,mut_1dcbe1f01b7b
5.0,validators,pathspec,120,0.0051,False,False,5000,0,153,target,mut_2034d433ac40
5.0,validators,pathspec,120,0.0149,False,False,5000,0,154,target,mut_230e632c5e55
5.0,validators,pathspec,120,0.4457,False,False,5000,0,155,target,mut_247ddadc59f1
5.0,validators,pathspec,120,0.1941,False,False,5000,0,156,target,mut_24a9efd7a4ab
5.0,validators,pathspec,120,0.0074,False,False,5000,0,157,target,mut_24e47521abf2
5.0,validators,pathspec,120,0.0072,False,False,5000,0,158,target,mut_268ef88dd929
5.0,validators,pathspec,120,0.0141,False,False,5000,0,159,target,mut_26be5e5ea9b6
5.0,validators,pathspec,120,0.4898,False,False,5000,0,160,target,mut_271a88b94f2a
5.0,validators,pathspec,120,0.1741,False,False,5000,0,161,target,mut_273b59fab021
5.0,validators,pathspec,120,0.2776,False,False,5000,0,162,target,mut_27531e910b3c
5.0,validators,pathspec,120,0.0052,False,False,5000,0,163,target,mut_2772e8b27f7f
5.0,validators,pathspec,120,0.0552,False,False,5000,0,164,target,mut_29db292771c0
5.0,validators,pathspec,120,0.2607,False,False,5000,0,165,target,mut_2a46d9d58366
5.0,validators,pathspec,120,0.0704,False,False,5000,0,166,target,mut_2a4800141334
5.0,validators,pathspec,120,0.0083,False,False,5000,0,167,target,mut_2aad23831dd3
5.0,validators,pathspec,120,0.0083,False,False,5000,0,168,target,mut_2b23de3aacc0
5.0,validators,pathspec,120,0.086,False,False,5000,0,169,target,mut_2c26ae5c9de4
5.0,validators,pathspec,120,0.0239,False,False,5000,0,170,target,mut_2ddbc9596010
5.0,validators,pathspec,120,0.0985,False,False,5000,0,171,target,mut_2eb63ee45454
5.0,validators,pathspec,120,0.0188,False,False,5000,0,172,target,mut_2ec8e80960f0
5.0,validators,pathspec,120,0.0137,False,False,5000,0,173,target,mut_3082e187b8ef
5.0,validators,pathspec,120,0.0085,False,False,5000,0,174,target,mut_31f518d1d40a
5.0,validators,pathspec,120,0.0188,False,False,5000,0,175,target,mut_320e16630e8d
5.0,validators,pathspec,120,0.0144,False,False,5000,0,176,target,mut_320f1bbd9777
5.0,validators,pathspec,120,0.0086,False,False,5000,0,177,target,mut_3435678f3d1f
5.0,validators,pathspec,120,0.0086,False,False,5000,0,178,target,mut_34de7097f517
5.0,validators,pathspec,120,0.0986,False,False,5000,0,179,target,mut_36ed19b50bb6
5.0,validators,pathspec,120,0.1018,False,False,5000,0,180,target,mut_38e31a877c89
5.0,validators,pathspec,120,0.0345,False,False,5000,0,181,target,mut_3d9c3b57e236
5.0,validators,pathspec,120,0.0138,False,False,5000,0,182,target,mut_3e91be117447
5.0,validators,pathspec,120,0.1427,False,False,5000,0,183,target,mut_3f8d3853760f
5.0,validators,pathspec,120,0.0137,False,False,5000,0,184,target,mut_421ebecfcd7e
5.0,validators,pathspec,120,0.0137,False,False,5000,0,185,target,mut_427622f7a299
5.0,validators,pathspec,120,0.0085,False,False,5000,0,186,target,mut_431b67bbe621
5.0,validators,pathspec,120,0.0086,False,False,5000,0,187,target,mut_44b56e710faf
5.0,validators,pathspec,120,0.0137,False,False,5000,0,188,target,mut_45affd13a77a
5.0,validators,pathspec,120,0.1069,False,False,5000,0,189,target,mut_471432ae8885
5.0,validators,pathspec,120,0.0267,False,False,5000,0,190,target,mut_478be483b398
5.0,validators,pathspec,120,0.0624,False,False,5000,0,191,target,mut_4895293b4211
5.0,validators,pathspec,120,0.0081,False,False,5000,0,192,target,mut_48a4dc98589d
5.0,validators,pathspec,120,0.3185,False,False,5000,0,193,target,mut_4b178ce7b1ef
5.0,validators,pathspec,120,0.008,False,False,5000,0,194,target,mut_4b8753325a9a
5.0,validators,pathspec,120,0.0287,False,False,5000,0,195,target,mut_4bd9378efc44
5.0,validators,pathspec,120,0.0184,False,False,5000,0,196,target,mut_4bebc81d0582
5.0,validators,pathspec,120,0.0521,False,False,5000,0,197,target,mut_4cf8d68b4291
5.0,validators,pathspec,120,0.1478,False,False,5000,0,198,target,mut_4d1623ec4661
5.0,validators,pathspec,120,0.0261,False,False,5000,0,199,target,mut_4e8862e3cf3a
5.0,validators,pathspec,120,0.008,False,False,5000,0,200,target,mut_4f76f7f314d9
5.0,validators,pathspec,120,0.0861,False,False,5000,0,201,target,mut_4fdd8a6da136
5.0,validators,pathspec,120,0.0085,False,False,5000,0,202,target,mut_5089b607bf5d
5.0,validators,pathspec,120,0.0085,False,False,5000,0,203,target,mut_51b7548f6be4
5.0,validators,pathspec,120,0.0144,False,False,5000,0,204,target,mut_526e56868cea
5.0,validators,pathspec,120,0.2051,False,False,5000,0,205,target,mut_52a73d0e3ebe
5.0,validators,pathspec,120,0.024,False,False,5000,0,206,target,mut_57980718178c
5.0,validators,pathspec,120,0.0085,False,False,5000,0,207,target,mut_57b8d262b042
5.0,validators,pathspec,120,0.261,False,False,5000,0,208,target,mut_58050a99f914
5.0,validators,pathspec,120,0.0137,False,False,5000,0,209,target,mut_581dbb890a1d
5.0,validators,pathspec,120,0.1016,False,False,5000,0,210,target,mut_586d7fb49e4c
5.0,validators,pathspec,120,0.261,False,False,5000,0,211,target,mut_592bf6aa2871
5.0,validators,pathspec,120,0.0137,False,False,5000,0,212,target,mut_5c86363cc27b
5.0,validators,pathspec,120,0.0137,False,False,5000,0,213,target,mut_610480bcafb0
5.0,validators,pathspec,120,0.1429,False,False,5000,0,214,target,mut_61c1c1b6fb62
5.0,validators,pathspec,120,0.0052,False,False,5000,0,215,target,mut_62cc960809a5
5.0,validators,pathspec,120,0.0499,False,False,5000,0,216,target,mut_62faa507b1c3
5.0,validators,pathspec,120,0.081,False,False,5000,0,217,target,mut_63b475f1563c
5.0,validators,pathspec,120,0.2983,False,False,5000,0,218,target,mut_65cb36909e91
5.0,validators,pathspec,120,0.0292,False,False,5000,0,219,target,mut_65cf5fe0fb77
5.0,validators,pathspec,120,0.3448,False,False,5000,0,220,target,mut_664907c5da3e
5.0,validators,pathspec,120,0.7432,False,False,5000,0,221,target,mut_68c0e2f4e9c2
5.0,validators,pathspec,120,0.0104,False,False,5000,0,222,target,mut_699eece1d1ef
5.0,validators,pathspec,120,0.0083,False,False,5000,0,223,target,mut_69f3d31ece8f
5.0,validators,pathspec,120,0.1584,False,False,5000,0,224,target,mut_6bd882e7041d
5.0,validators,pathspec,120,0.0911,False,False,5000,0,225,target,mut_6ca284c6786a
5.0,validators,pathspec,120,0.2567,False,False,5000,0,226,target,mut_6e1d88e54444
5.0,validators,pathspec,120,0.1039,False,False,5000,0,227,target,mut_6e31d7e44de0
5.0,validators,pathspec,120,0.0238,False,False,5000,0,228,target,mut_6e8869a3ac2f
5.0,validators,pathspec,120,0.0139,False,False,5000,0,229,target,mut_6f26d36d59d7
5.0,validators,pathspec,120,0.0186,False,False,5000,0,230,target,mut_71ead901f38b
5.0,validators,pathspec,120,0.0139,False,False,5000,0,231,target,mut_726eabd9fbbd
5.0,validators,pathspec,120,0.4275,False,False,5000,0,232,target,mut_728748b397c9
5.0,validators,pathspec,120,0.0238,False,False,5000,0,233,target,mut_74b7d1c7be63
5.0,validators,pathspec,120,0.029,False,False,5000,0,234,target,mut_75540a1b95e9
5.0,validators,pathspec,120,0.0291,False,False,5000,0,235,target,mut_76ffaf9691b5
5.0,validators,pathspec,120,0.0121,False,False,5000,0,236,target,mut_783a4dba2250
5.0,validators,pathspec,120,0.2871,False,False,5000,0,237,target,mut_789106b2993b
5.0,validators,pathspec,120,0.525,False,False,5000,0,238,target,mut_78c8d340d52d
5.0,validators,pathspec,120,0.0074,False,False,5000,0,239,target,mut_7aacf915363b
10.0,pathspec,pyjwt,120,0.484,False,False,5000,0,0,source,mut_271a88b94f2a
10.0,pathspec,pyjwt,120,0.1686,False,False,5000,0,1,source,mut_273b59fab021
10.0,pathspec,pyjwt,120,0.2808,False,False,5000,0,2,source,mut_27531e910b3c
10.0,pathspec,pyjwt,120,0.0182,False,False,5000,0,3,source,mut_2772e8b27f7f
10.0,pathspec,pyjwt,120,0.0565,False,False,5000,0,4,source,mut_29db292771c0
10.0,pathspec,pyjwt,120,0.2303,False,False,5000,0,5,source,mut_2a46d9d58366
10.0,pathspec,pyjwt,120,0.0779,False,False,5000,0,6,source,mut_2a4800141334
10.0,pathspec,pyjwt,120,0.1293,False,False,5000,0,7,source,mut_2aad23831dd3
10.0,pathspec,pyjwt,120,0.1293,False,False,5000,0,8,source,mut_2b23de3aacc0
10.0,pathspec,pyjwt,120,0.1012,False,False,5000,0,9,source,mut_2c26ae5c9de4
10.0,pathspec,pyjwt,120,0.042,False,False,5000,0,10,source,mut_2ddbc9596010
10.0,pathspec,pyjwt,120,0.1112,False,False,5000,0,11,source,mut_2eb63ee45454
10.0,pathspec,pyjwt,120,0.1394,False,False,5000,0,12,source,mut_2ec8e80960f0
10.0,pathspec,pyjwt,120,0.0297,False,False,5000,0,13,source,mut_3082e187b8ef
10.0,pathspec,pyjwt,120,0.0316,False,False,5000,0,14,source,mut_31f518d1d40a
10.0,pathspec,pyjwt,120,0.0359,False,False,5000,0,15,source,mut_320e16630e8d
10.0,pathspec,pyjwt,120,0.0166,False,False,5000,0,16,source,mut_320f1bbd9777
10.0,pathspec,pyjwt,120,0.1275,False,False,5000,0,17,source,mut_3435678f3d1f
10.0,pathspec,pyjwt,120,0.0243,False,False,5000,0,18,source,mut_34de7097f517
10.0,pathspec,pyjwt,120,0.1076,False,False,5000,0,19,source,mut_36ed19b50bb6
10.0,pathspec,pyjwt,120,0.1012,False,False,5000,0,20,source,mut_38e31a877c89
10.0,pathspec,pyjwt,120,0.0485,False,False,5000,0,21,source,mut_3d9c3b57e236
10.0,pathspec,pyjwt,120,0.0293,False,False,5000,0,22,source,mut_3e91be117447
10.0,pathspec,pyjwt,120,0.1498,False,False,5000,0,23,source,mut_3f8d3853760f
10.0,pathspec,pyjwt,120,0.0841,False,False,5000,0,24,source,mut_421ebecfcd7e
10.0,pathspec,pyjwt,120,0.0225,False,False,5000,0,25,source,mut_427622f7a299
10.0,pathspec,pyjwt,120,0.1275,False,False,5000,0,26,source,mut_431b67bbe621
10.0,pathspec,pyjwt,120,0.1275,False,False,5000,0,27,source,mut_44b56e710faf
10.0,pathspec,pyjwt,120,0.0841,False,False,5000,0,28,source,mut_45affd13a77a
10.0,pathspec,pyjwt,120,0.1061,False,False,5000,0,29,source,mut_471432ae8885
10.0,pathspec,pyjwt,120,0.044,False,False,5000,0,30,source,mut_478be483b398
10.0,pathspec,pyjwt,120,0.0727,False,False,5000,0,31,source,mut_4895293b4211
10.0,pathspec,pyjwt,120,0.1244,False,False,5000,0,32,source,mut_48a4dc98589d
10.0,pathspec,pyjwt,120,0.3197,False,False,5000,0,33,source,mut_4b178ce7b1ef
10.0,pathspec,pyjwt,120,0.1255,False,False,5000,0,34,source,mut_4b8753325a9a
10.0,pathspec,pyjwt,120,0.1458,False,False,5000,0,35,source,mut_4bd9378efc44
10.0,pathspec,pyjwt,120,0.1272,False,False,5000,0,36,source,mut_4bebc81d0582
10.0,pathspec,pyjwt,120,0.0631,False,False,5000,0,37,source,mut_4cf8d68b4291
10.0,pathspec,pyjwt,120,0.1516,False,False,5000,0,38,source,mut_4d1623ec4661
10.0,pathspec,pyjwt,120,0.0383,False,False,5000,0,39,source,mut_4e8862e3cf3a
10.0,pathspec,pyjwt,120,0.1255,False,False,5000,0,40,source,mut_4f76f7f314d9
10.0,pathspec,pyjwt,120,0.1376,False,False,5000,0,41,source,mut_4fdd8a6da136
10.0,pathspec,pyjwt,120,0.0183,False,False,5000,0,42,source,mut_5089b607bf5d
10.0,pathspec,pyjwt,120,0.1255,False,False,5000,0,43,source,mut_51b7548f6be4
10.0,pathspec,pyjwt,120,0.0167,False,False,5000,0,44,source,mut_526e56868cea
10.0,pathspec,pyjwt,120,0.2104,False,False,5000,0,45,source,mut_52a73d0e3ebe
10.0,pathspec,pyjwt,120,0.0388,False,False,5000,0,46,source,mut_57980718178c
10.0,pathspec,pyjwt,120,0.1251,False,False,5000,0,47,source,mut_57b8d262b042
10.0,pathspec,pyjwt,120,0.2565,False,False,5000,0,48,source,mut_58050a99f914
10.0,pathspec,pyjwt,120,0.031,False,False,5000,0,49,source,mut_581dbb890a1d
10.0,pathspec,pyjwt,120,0.1012,False,False,5000,0,50,source,mut_586d7fb49e4c
10.0,pathspec,pyjwt,120,0.2564,False,False,5000,0,51,source,mut_592bf6aa2871
10.0,pathspec,pyjwt,120,0.0902,False,False,5000,0,52,source,mut_5c86363cc27b
10.0,pathspec,pyjwt,120,0.0295,False,False,5000,0,53,source,mut_610480bcafb0
10.0,pathspec,pyjwt,120,0.1497,False,False,5000,0,54,source,mut_61c1c1b6fb62
10.0,pathspec,pyjwt,120,0.0185,False,False,5000,0,55,source,mut_62cc960809a5
10.0,pathspec,pyjwt,120,0.0594,False,False,5000,0,56,source,mut_62faa507b1c3
10.0,pathspec,pyjwt,120,0.1345,False,False,5000,0,57,source,mut_63b475f1563c
10.0,pathspec,pyjwt,120,0.2223,False,False,5000,0,58,source,mut_65cb36909e91
10.0,pathspec,pyjwt,120,0.0436,False,False,5000,0,59,source,mut_65cf5fe0fb77
10.0,pathspec,pyjwt,120,0.3453,False,False,5000,0,60,source,mut_664907c5da3e
10.0,pathspec,pyjwt,120,0.7314,False,False,5000,0,61,source,mut_68c0e2f4e9c2
10.0,pathspec,pyjwt,120,0.037,False,False,5000,0,62,source,mut_699eece1d1ef
10.0,pathspec,pyjwt,120,0.0267,False,False,5000,0,63,source,mut_69f3d31ece8f
10.0,pathspec,pyjwt,120,0.1421,False,False,5000,0,64,source,mut_6bd882e7041d
10.0,pathspec,pyjwt,120,0.1052,False,False,5000,0,65,source,mut_6ca284c6786a
10.0,pathspec,pyjwt,120,0.2593,False,False,5000,0,66,source,mut_6e1d88e54444
10.0,pathspec,pyjwt,120,0.1124,False,False,5000,0,67,source,mut_6e31d7e44de0
10.0,pathspec,pyjwt,120,0.0403,False,False,5000,0,68,source,mut_6e8869a3ac2f
10.0,pathspec,pyjwt,120,0.0167,False,False,5000,0,69,source,mut_6f26d36d59d7
10.0,pathspec,pyjwt,120,0.1389,False,False,5000,0,70,source,mut_71ead901f38b
10.0,pathspec,pyjwt,120,0.0167,False,False,5000,0,71,source,mut_726eabd9fbbd
10.0,pathspec,pyjwt,120,0.4248,False,False,5000,0,72,source,mut_728748b397c9
10.0,pathspec,pyjwt,120,0.0402,False,False,5000,0,73,source,mut_74b7d1c7be63
10.0,pathspec,pyjwt,120,0.0456,False,False,5000,0,74,source,mut_75540a1b95e9
10.0,pathspec,pyjwt,120,0.0505,False,False,5000,0,75,source,mut_76ffaf9691b5
10.0,pathspec,pyjwt,120,0.0167,False,False,5000,0,76,source,mut_783a4dba2250
10.0,pathspec,pyjwt,120,0.2879,False,False,5000,0,77,source,mut_789106b2993b
10.0,pathspec,pyjwt,120,0.5199,False,False,5000,0,78,source,mut_78c8d340d52d
10.0,pathspec,pyjwt,120,0.1229,False,False,5000,0,79,source,mut_7aacf915363b
10.0,pathspec,pyjwt,120,0.1229,False,False,5000,0,80,source,mut_7c7d5e47831b
10.0,pathspec,pyjwt,120,0.0364,False,False,5000,0,81,source,mut_7d335baf7651
10.0,pathspec,pyjwt,120,0.0156,False,False,5000,0,82,source,mut_7dde5d5f76e6
10.0,pathspec,pyjwt,120,0.0167,False,False,5000,0,83,source,mut_7df37d728be3
10.0,pathspec,pyjwt,120,0.1792,False,False,5000,0,84,source,mut_7f34ecd06216
10.0,pathspec,pyjwt,120,0.0259,False,False,5000,0,85,source,mut_7f7ae1f96c94
10.0,pathspec,pyjwt,120,0.077,False,False,5000,0,86,source,mut_7fc96ad184cc
10.0,pathspec,pyjwt,120,0.0424,False,False,5000,0,87,source,mut_80373f5711eb
10.0,pathspec,pyjwt,120,0.0156,False,False,5000,0,88,source,mut_80b7a3269452
10.0,pathspec,pyjwt,120,0.5397,False,False,5000,0,89,source,mut_823f018497ed
10.0,pathspec,pyjwt,120,0.1125,False,False,5000,0,90,source,mut_831bd74c2ac9
10.0,pathspec,pyjwt,120,0.0806,False,False,5000,0,91,source,mut_8387b0f3a73a
10.0,pathspec,pyjwt,120,0.0156,False,False,5000,0,92,source,mut_84239c3bcfc2
10.0,pathspec,pyjwt,120,0.1185,False,False,5000,0,93,source,mut_84b5132b5f1c
10.0,pathspec,pyjwt,120,0.1124,False,False,5000,0,94,source,mut_863433ea349d
10.0,pathspec,pyjwt,120,0.4827,False,False,5000,0,95,source,mut_877609ab6efc
10.0,pathspec,pyjwt,120,0.1235,False,False,5000,0,96,source,mut_8794532a3677
10.0,pathspec,pyjwt,120,0.2313,False,False,5000,0,97,source,mut_8ad340ef9307
10.0,pathspec,pyjwt,120,0.1012,False,False,5000,0,98,source,mut_8adff7d261ef
10.0,pathspec,pyjwt,120,0.0156,False,False,5000,0,99,source,mut_8b68b9e8a642
10.0,pathspec,pyjwt,120,0.0156,False,False,5000,0,100,source,mut_8bea1842d255
10.0,pathspec,pyjwt,120,0.1523,False,False,5000,0,101,source,mut_8bfa7d74872d
10.0,pathspec,pyjwt,120,0.0374,False,False,5000,0,102,source,mut_8c2cb818e766
10.0,pathspec,pyjwt,120,0.027,False,False,5000,0,103,source,mut_8ce69e99be76
10.0,pathspec,pyjwt,120,0.0308,False,False,5000,0,104,source,mut_8d4bcd0255a9
10.0,pathspec,pyjwt,120,0.0453,False,False,5000,0,105,source,mut_8f2a2ec1d415
10.0,pathspec,pyjwt,120,0.3715,False,False,5000,0,106,source,mut_9092a77d0e53
10.0,pathspec,pyjwt,120,0.042,False,False,5000,0,107,source,mut_92ab8171bb0e
10.0,pathspec,pyjwt,120,0.4778,False,False,5000,0,108,source,mut_92addc6ad1be
10.0,pathspec,pyjwt,120,0.1615,False,False,5000,0,109,source,mut_93806bd38d9c
10.0,pathspec,pyjwt,120,0.2414,False,False,5000,0,110,source,mut_94db1e9297ba
10.0,pathspec,pyjwt,120,0.12,False,False,5000,0,111,source,mut_95719d0828b4
10.0,pathspec,pyjwt,120,0.0196,False,False,5000,0,112,source,mut_957cdf409595
10.0,pathspec,pyjwt,120,0.1183,False,False,5000,0,113,source,mut_95c4e91f4b0c
10.0,pathspec,pyjwt,120,0.0508,False,False,5000,0,114,source,mut_968dbc7e9989
10.0,pathspec,pyjwt,120,0.0344,False,False,5000,0,115,source,mut_992d5f59d2f2
10.0,pathspec,pyjwt,120,0.1623,False,False,5000,0,116,source,mut_99a079868ed1
10.0,pathspec,pyjwt,120,0.0268,False,False,5000,0,117,source,mut_9a8d5937b0cd
10.0,pathspec,pyjwt,120,0.0654,False,False,5000,0,118,source,mut_9b5216ce1154
10.0,pathspec,pyjwt,120,0.2467,False,False,5000,0,119,source,mut_9b565ea83a72
10.0,pathspec,pyjwt,120,0.1632,False,False,5000,0,120,target,mut_011b7a550781
10.0,pathspec,pyjwt,120,0.1317,False,False,5000,0,121,target,mut_025a2062b2d2
10.0,pathspec,pyjwt,120,0.6681,False,False,5000,0,122,target,mut_026e41ade2dd
10.0,pathspec,pyjwt,120,0.0169,False,False,5000,0,123,target,mut_0381f7a0347f
10.0,pathspec,pyjwt,120,0.2739,False,False,5000,0,124,target,mut_03b1ed75afd5
10.0,pathspec,pyjwt,120,0.7674,False,False,5000,0,125,target,mut_03f78dc2a2db
10.0,pathspec,pyjwt,120,0.3266,False,False,5000,0,126,target,mut_04a33694e06d
10.0,pathspec,pyjwt,120,0.1297,False,False,5000,0,127,target,mut_050fe3d70850
10.0,pathspec,pyjwt,120,0.1254,False,False,5000,0,128,target,mut_060ede386488
10.0,pathspec,pyjwt,120,0.2709,False,False,5000,0,129,target,mut_06dd54e998c8
10.0,pathspec,pyjwt,120,0.208,False,False,5000,0,130,target,mut_070c03ca5de7
10.0,pathspec,pyjwt,120,0.2567,False,False,5000,0,131,target,mut_0804fc88adc6
10.0,pathspec,pyjwt,120,0.202,False,False,5000,0,132,target,mut_08fe1ef1bf4f
10.0,pathspec,pyjwt,120,0.2504,False,False,5000,0,133,target,mut_0907a581ad8d
10.0,pathspec,pyjwt,120,0.171,False,False,5000,0,134,target,mut_0918eab2bdaa
10.0,pathspec,pyjwt,120,0.22,False,False,5000,0,135,target,mut_0a03e57cdd11
10.0,pathspec,pyjwt,120,0.1919,False,False,5000,0,136,target,mut_0aaa29b41f52
10.0,pathspec,pyjwt,120,0.1359,False,False,5000,0,137,target,mut_0bd7ee82381b
10.0,pathspec,pyjwt,120,0.3493,False,False,5000,0,138,target,mut_0c6969fb1099
10.0,pathspec,pyjwt,120,0.1612,False,False,5000,0,139,target,mut_0c91a0e64c2a
10.0,pathspec,pyjwt,120,0.1578,False,False,5000,0,140,target,mut_0cecdb08dd2e
10.0,pathspec,pyjwt,120,0.2183,False,False,5000,0,141,target,mut_0ee2194957d1
10.0,pathspec,pyjwt,120,0.3756,False,False,5000,0,142,target,mut_113f413c068a
10.0,pathspec,pyjwt,120,0.1486,False,False,5000,0,143,target,mut_11df805c8ef8
10.0,pathspec,pyjwt,120,0.1534,False,False,5000,0,144,target,mut_13ece2a867ee
10.0,pathspec,pyjwt,120,0.3755,False,False,5000,0,145,target,mut_14951975b253
10.0,pathspec,pyjwt,120,0.0685,False,False,5000,0,146,target,mut_15c1b66904c3
10.0,pathspec,pyjwt,120,0.1049,False,False,5000,0,147,target,mut_16dfd19f6c76
10.0,pathspec,pyjwt,120,0.1815,False,False,5000,0,148,target,mut_17e545452c8d
10.0,pathspec,pyjwt,120,0.1002,False,False,5000,0,149,target,mut_1890c6e1fdac
10.0,pathspec,pyjwt,120,0.2034,False,False,5000,0,150,target,mut_18cb0a587d65
10.0,pathspec,pyjwt,120,0.0981,False,False,5000,0,151,target,mut_19d075f690a5
10.0,pathspec,pyjwt,120,0.1028,False,False,5000,0,152,target,mut_1a9b70488b2c
10.0,pathspec,pyjwt,120,0.1008,False,False,5000,0,153,target,mut_1ac337afbb78
10.0,pathspec,pyjwt,120,0.0971,False,False,5000,0,154,target,mut_1c9279e74dda
10.0,pathspec,pyjwt,120,0.1905,False,False,5000,0,155,target,mut_1eb770f99e5e
10.0,pathspec,pyjwt,120,0.091,False,False,5000,0,156,target,mut_1f6f654065ec
10.0,pathspec,pyjwt,120,0.0678,False,False,5000,0,157,target,mut_1fc0f1a7b7f0
10.0,pathspec,pyjwt,120,0.0393,False,False,5000,0,158,target,mut_1ffaaa54c047
10.0,pathspec,pyjwt,120,0.045,False,False,5000,0,159,target,mut_20dbd0097bff
10.0,pathspec,pyjwt,120,0.1302,False,False,5000,0,160,target,mut_20f7c2b61afd
10.0,pathspec,pyjwt,120,0.041,False,False,5000,0,161,target,mut_2166c6015c41
10.0,pathspec,pyjwt,120,0.062,False,False,5000,0,162,target,mut_216f50c9920d
10.0,pathspec,pyjwt,120,0.0421,False,False,5000,0,163,target,mut_21a6decde87b
10.0,pathspec,pyjwt,120,0.0515,False,False,5000,0,164,target,mut_24e294eb01da
10.0,pathspec,pyjwt,120,0.0588,False,False,5000,0,165,target,mut_25bea34fda06
10.0,pathspec,pyjwt,120,0.0514,False,False,5000,0,166,target,mut_2718bf1b9b0e
10.0,pathspec,pyjwt,120,0.0465,False,False,5000,0,167,target,mut_27b09d8c7689
10.0,pathspec,pyjwt,120,0.0592,False,False,5000,0,168,target,mut_28ce0d973d74
10.0,pathspec,pyjwt,120,0.0916,False,False,5000,0,169,target,mut_295bafe67e4d
10.0,pathspec,pyjwt,120,0.1121,False,False,5000,0,170,target,mut_29e99c2cf3ea
10.0,pathspec,pyjwt,120,0.1015,False,False,5000,0,171,target,mut_29f508aa9ccf
10.0,pathspec,pyjwt,120,0.103,False,False,5000,0,172,target,mut_2a9c2a8eadc8
10.0,pathspec,pyjwt,120,0.0542,False,False,5000,0,173,target,mut_2aa3b6acb4ea
10.0,pathspec,pyjwt,120,0.0368,False,False,5000,0,174,target,mut_2ac852453414
10.0,pathspec,pyjwt,120,0.0351,False,False,5000,0,175,target,mut_2c4f80427f9d
10.0,pathspec,pyjwt,120,0.0325,False,False,5000,0,176,target,mut_2d948b208be0
10.0,pathspec,pyjwt,120,0.0152,False,False,5000,0,177,target,mut_2e00b44926f6
10.0,pathspec,pyjwt,120,0.0621,False,False,5000,0,178,target,mut_2f4454f56e97
10.0,pathspec,pyjwt,120,0.0377,False,False,5000,0,179,target,mut_309ac638becc
10.0,pathspec,pyjwt,120,0.0473,False,False,5000,0,180,target,mut_30a78d5efe94
10.0,pathspec,pyjwt,120,0.1986,False,False,5000,0,181,target,mut_30eaa795a680
10.0,pathspec,pyjwt,120,0.1077,False,False,5000,0,182,target,mut_3139b2ad0144
10.0,pathspec,pyjwt,120,0.1822,False,False,5000,0,183,target,mut_36d6b2eb1dd2
10.0,pathspec,pyjwt,120,0.0565,False,False,5000,0,184,target,mut_387d51aa0576
10.0,pathspec,pyjwt,120,0.0869,False,False,5000,0,185,target,mut_3932d965394a
10.0,pathspec,pyjwt,120,0.0707,False,False,5000,0,186,target,mut_398678965686
10.0,pathspec,pyjwt,120,0.062,False,False,5000,0,187,target,mut_3a6d87727a82
10.0,pathspec,pyjwt,120,0.0667,False,False,5000,0,188,target,mut_3a88b7a8d9a4
10.0,pathspec,pyjwt,120,0.0344,False,False,5000,0,189,target,mut_3ac3cf2072b8
10.0,pathspec,pyjwt,120,0.0737,False,False,5000,0,190,target,mut_3d3a5262de4b
10.0,pathspec,pyjwt,120,0.0639,False,False,5000,0,191,target,mut_3ff1e4e04ab9
10.0,pathspec,pyjwt,120,0.3745,False,False,5000,0,192,target,mut_4113d2e10736
10.0,pathspec,pyjwt,120,0.0512,False,False,5000,0,193,target,mut_42544b670025
10.0,pathspec,pyjwt,120,0.0779,False,False,5000,0,194,target,mut_437f7cc37d8d
10.0,pathspec,pyjwt,120,0.2299,False,False,5000,0,195,target,mut_43ec0ea9735a
10.0,pathspec,pyjwt,120,0.0525,False,False,5000,0,196,target,mut_43fb88911a37
10.0,pathspec,pyjwt,120,0.1895,False,False,5000,0,197,target,mut_444f60463623
10.0,pathspec,pyjwt,120,0.0762,False,False,5000,0,198,target,mut_456cfa26be64
10.0,pathspec,pyjwt,120,0.2249,False,False,5000,0,199,target,mut_463aa218c002
10.0,pathspec,pyjwt,120,0.2726,False,False,5000,0,200,target,mut_478a55ca2b09
10.0,pathspec,pyjwt,120,0.0594,False,False,5000,0,201,target,mut_4af46cbbaec7
10.0,pathspec,pyjwt,120,0.1022,False,False,5000,0,202,target,mut_4b3bb8874283
10.0,pathspec,pyjwt,120,0.391,False,False,5000,0,203,target,mut_4c0b49a434ba
10.0,pathspec,pyjwt,120,0.1097,False,False,5000,0,204,target,mut_4ccad6da159a
10.0,pathspec,pyjwt,120,0.1011,False,False,5000,0,205,target,mut_50e475c36c0a
10.0,pathspec,pyjwt,120,0.0576,False,False,5000,0,206,target,mut_50ed11f612cc
10.0,pathspec,pyjwt,120,0.0424,False,False,5000,0,207,target,mut_51e85f42c905
10.0,pathspec,pyjwt,120,0.0566,False,False,5000,0,208,target,mut_526a13aa0926
10.0,pathspec,pyjwt,120,0.0441,False,False,5000,0,209,target,mut_52ab84aad0d4
10.0,pathspec,pyjwt,120,0.0562,False,False,5000,0,210,target,mut_52fe5bac9a7a
10.0,pathspec,pyjwt,120,0.0545,False,False,5000,0,211,target,mut_545f16e5b3df
10.0,pathspec,pyjwt,120,0.0714,False,False,5000,0,212,target,mut_547f6fbbcbe2
10.0,pathspec,pyjwt,120,0.0616,False,False,5000,0,213,target,mut_54fa426f5858
10.0,pathspec,pyjwt,120,0.0959,False,False,5000,0,214,target,mut_592ce5f61ca7
10.0,pathspec,pyjwt,120,0.0635,False,False,5000,0,215,target,mut_5a0d26c058d4
10.0,pathspec,pyjwt,120,0.0778,False,False,5000,0,216,target,mut_5b3f2d9cbf03
10.0,pathspec,pyjwt,120,0.0387,False,False,5000,0,217,target,mut_5c64ff199ac5
10.0,pathspec,pyjwt,120,0.2376,False,False,5000,0,218,target,mut_5f51c0f4a848
10.0,pathspec,pyjwt,120,0.0766,False,False,5000,0,219,target,mut_6049d17f369e
10.0,pathspec,pyjwt,120,0.072,False,False,5000,0,220,target,mut_60552fac6908
10.0,pathspec,pyjwt,120,0.0394,False,False,5000,0,221,target,mut_60d6f3cf3948
10.0,pathspec,pyjwt,120,0.079,False,False,5000,0,222,target,mut_615c8ed8414e
10.0,pathspec,pyjwt,120,0.0615,False,False,5000,0,223,target,mut_6210fdc74359
10.0,pathspec,pyjwt,120,0.0463,False,False,5000,0,224,target,mut_65dbbf1f1b00
10.0,pathspec,pyjwt,120,0.0516,False,False,5000,0,225,target,mut_67610408123d
10.0,pathspec,pyjwt,120,0.0493,False,False,5000,0,226,target,mut_6762e5978e41
10.0,pathspec,pyjwt,120,0.0564,False,False,5000,0,227,target,mut_68fb61939483
10.0,pathspec,pyjwt,120,0.3832,False,False,5000,0,228,target,mut_69f17ac7f4ff
10.0,pathspec,pyjwt,120,0.1009,False,False,5000,0,229,target,mut_6a6c014ca1f7
10.0,pathspec,pyjwt,120,0.0753,False,False,5000,0,230,target,mut_6a9275dcfc0a
10.0,pathspec,pyjwt,120,0.3729,False,False,5000,0,231,target,mut_6ad127f32aea
10.0,pathspec,pyjwt,120,0.0568,False,False,5000,0,232,target,mut_6b65c1606cb4
10.0,pathspec,pyjwt,120,0.0367,False,False,5000,0,233,target,mut_6b81d79c96be
10.0,pathspec,pyjwt,120,0.0734,False,False,5000,0,234,target,mut_6c291d41de8b
10.0,pathspec,pyjwt,120,0.3573,False,False,5000,0,235,target,mut_6d9b19e64534
10.0,pathspec,pyjwt,120,0.0373,False,False,5000,0,236,target,mut_6db4ac6d9443
10.0,pathspec,pyjwt,120,0.0674,False,False,5000,0,237,target,mut_713de7973bcf
10.0,pathspec,pyjwt,120,0.0722,False,False,5000,0,238,target,mut_73d581fb62eb
10.0,pathspec,pyjwt,120,0.2217,False,False,5000,0,239,target,mut_74f0ea6a5857
10.0,pyjwt,sqlparse,120,0.1089,False,False,5000,0,0,source,mut_20f7c2b61afd
10.0,pyjwt,sqlparse,120,0.1176,False,False,5000,0,1,source,mut_2166c6015c41
10.0,pyjwt,sqlparse,120,0.0433,False,False,5000,0,2,source,mut_216f50c9920d
10.0,pyjwt,sqlparse,120,0.1372,False,False,5000,0,3,source,mut_21a6decde87b
10.0,pyjwt,sqlparse,120,0.0325,False,False,5000,0,4,source,mut_24e294eb01da
10.0,pyjwt,sqlparse,120,0.0404,False,False,5000,0,5,source,mut_25bea34fda06
10.0,pyjwt,sqlparse,120,0.0325,False,False,5000,0,6,source,mut_2718bf1b9b0e
10.0,pyjwt,sqlparse,120,0.0611,False,False,5000,0,7,source,mut_27b09d8c7689
10.0,pyjwt,sqlparse,120,0.0405,False,False,5000,0,8,source,mut_28ce0d973d74
10.0,pyjwt,sqlparse,120,0.0524,False,False,5000,0,9,source,mut_295bafe67e4d
10.0,pyjwt,sqlparse,120,0.0972,False,False,5000,0,10,source,mut_29e99c2cf3ea
10.0,pyjwt,sqlparse,120,0.0816,False,False,5000,0,11,source,mut_29f508aa9ccf
10.0,pyjwt,sqlparse,120,0.1009,False,False,5000,0,12,source,mut_2a9c2a8eadc8
10.0,pyjwt,sqlparse,120,0.0339,False,False,5000,0,13,source,mut_2aa3b6acb4ea
10.0,pyjwt,sqlparse,120,0.0419,False,False,5000,0,14,source,mut_2ac852453414
10.0,pyjwt,sqlparse,120,0.0373,False,False,5000,0,15,source,mut_2c4f80427f9d
10.0,pyjwt,sqlparse,120,0.0354,False,False,5000,0,16,source,mut_2d948b208be0
10.0,pyjwt,sqlparse,120,0.0263,False,False,5000,0,17,source,mut_2e00b44926f6
10.0,pyjwt,sqlparse,120,0.047,False,False,5000,0,18,source,mut_2f4454f56e97
10.0,pyjwt,sqlparse,120,0.1172,False,False,5000,0,19,source,mut_309ac638becc
10.0,pyjwt,sqlparse,120,0.0319,False,False,5000,0,20,source,mut_30a78d5efe94
10.0,pyjwt,sqlparse,120,0.1529,False,False,5000,0,21,source,mut_30eaa795a680
10.0,pyjwt,sqlparse,120,0.0945,False,False,5000,0,22,source,mut_3139b2ad0144
10.0,pyjwt,sqlparse,120,0.1634,False,False,5000,0,23,source,mut_36d6b2eb1dd2
10.0,pyjwt,sqlparse,120,0.037,False,False,5000,0,24,source,mut_387d51aa0576
10.0,pyjwt,sqlparse,120,0.07,False,False,5000,0,25,source,mut_3932d965394a
10.0,pyjwt,sqlparse,120,0.0638,False,False,5000,0,26,source,mut_398678965686
10.0,pyjwt,sqlparse,120,0.0416,False,False,5000,0,27,source,mut_3a6d87727a82
10.0,pyjwt,sqlparse,120,0.047,False,False,5000,0,28,source,mut_3a88b7a8d9a4
10.0,pyjwt,sqlparse,120,0.0383,False,False,5000,0,29,source,mut_3ac3cf2072b8
10.0,pyjwt,sqlparse,120,0.058,False,False,5000,0,30,source,mut_3d3a5262de4b
10.0,pyjwt,sqlparse,120,0.0501,False,False,5000,0,31,source,mut_3ff1e4e04ab9
10.0,pyjwt,sqlparse,120,0.3751,False,False,5000,0,32,source,mut_4113d2e10736
10.0,pyjwt,sqlparse,120,0.0318,False,False,5000,0,33,source,mut_42544b670025
10.0,pyjwt,sqlparse,120,0.0729,False,False,5000,0,34,source,mut_437f7cc37d8d
10.0,pyjwt,sqlparse,120,0.072,False,False,5000,0,35,source,mut_43ec0ea9735a
10.0,pyjwt,sqlparse,120,0.0313,False,False,5000,0,36,source,mut_43fb88911a37
10.0,pyjwt,sqlparse,120,0.1686,False,False,5000,0,37,source,mut_444f60463623
10.0,pyjwt,sqlparse,120,0.0555,False,False,5000,0,38,source,mut_456cfa26be64
10.0,pyjwt,sqlparse,120,0.195,False,False,5000,0,39,source,mut_463aa218c002
10.0,pyjwt,sqlparse,120,0.1129,False,False,5000,0,40,source,mut_478a55ca2b09
10.0,pyjwt,sqlparse,120,0.0374,False,False,5000,0,41,source,mut_4af46cbbaec7
10.0,pyjwt,sqlparse,120,0.0832,False,False,5000,0,42,source,mut_4b3bb8874283
10.0,pyjwt,sqlparse,120,0.3851,False,False,5000,0,43,source,mut_4c0b49a434ba
10.0,pyjwt,sqlparse,120,0.1489,False,False,5000,0,44,source,mut_4ccad6da159a
10.0,pyjwt,sqlparse,120,0.1242,False,False,5000,0,45,source,mut_50e475c36c0a
10.0,pyjwt,sqlparse,120,0.0562,False,False,5000,0,46,source,mut_50ed11f612cc
10.0,pyjwt,sqlparse,120,0.0456,False,False,5000,0,47,source,mut_51e85f42c905
10.0,pyjwt,sqlparse,120,0.0347,False,False,5000,0,48,source,mut_526a13aa0926
10.0,pyjwt,sqlparse,120,0.0773,False,False,5000,0,49,source,mut_52ab84aad0d4
10.0,pyjwt,sqlparse,120,0.0812,False,False,5000,0,50,source,mut_52fe5bac9a7a
10.0,pyjwt,sqlparse,120,0.0563,False,False,5000,0,51,source,mut_545f16e5b3df
10.0,pyjwt,sqlparse,120,0.0487,False,False,5000,0,52,source,mut_547f6fbbcbe2
10.0,pyjwt,sqlparse,120,0.0394,False,False,5000,0,53,source,mut_54fa426f5858
10.0,pyjwt,sqlparse,120,0.123,False,False,5000,0,54,source,mut_592ce5f61ca7
10.0,pyjwt,sqlparse,120,0.0419,False,False,5000,0,55,source,mut_5a0d26c058d4
10.0,pyjwt,sqlparse,120,0.0578,False,False,5000,0,56,source,mut_5b3f2d9cbf03
10.0,pyjwt,sqlparse,120,0.0382,False,False,5000,0,57,source,mut_5c64ff199ac5
10.0,pyjwt,sqlparse,120,0.0707,False,False,5000,0,58,source,mut_5f51c0f4a848
10.0,pyjwt,sqlparse,120,0.0507,False,False,5000,0,59,source,mut_6049d17f369e
10.0,pyjwt,sqlparse,120,0.0511,False,False,5000,0,60,source,mut_60552fac6908
10.0,pyjwt,sqlparse,120,0.0432,False,False,5000,0,61,source,mut_60d6f3cf3948
10.0,pyjwt,sqlparse,120,0.0605,False,False,5000,0,62,source,mut_615c8ed8414e
10.0,pyjwt,sqlparse,120,0.0423,False,False,5000,0,63,source,mut_6210fdc74359
10.0,pyjwt,sqlparse,120,0.0236,False,False,5000,0,64,source,mut_65dbbf1f1b00
10.0,pyjwt,sqlparse,120,0.0318,False,False,5000,0,65,source,mut_67610408123d
10.0,pyjwt,sqlparse,120,0.0501,False,False,5000,0,66,source,mut_6762e5978e41
10.0,pyjwt,sqlparse,120,0.0396,False,False,5000,0,67,source,mut_68fb61939483
10.0,pyjwt,sqlparse,120,0.3802,False,False,5000,0,68,source,mut_69f17ac7f4ff
10.0,pyjwt,sqlparse,120,0.1199,False,False,5000,0,69,source,mut_6a6c014ca1f7
10.0,pyjwt,sqlparse,120,0.0503,False,False,5000,0,70,source,mut_6a9275dcfc0a
10.0,pyjwt,sqlparse,120,0.372,False,False,5000,0,71,source,mut_6ad127f32aea
10.0,pyjwt,sqlparse,120,0.0573,False,False,5000,0,72,source,mut_6b65c1606cb4
10.0,pyjwt,sqlparse,120,0.0493,False,False,5000,0,73,source,mut_6b81d79c96be
10.0,pyjwt,sqlparse,120,0.0694,False,False,5000,0,74,source,mut_6c291d41de8b
10.0,pyjwt,sqlparse,120,0.3625,False,False,5000,0,75,source,mut_6d9b19e64534
10.0,pyjwt,sqlparse,120,0.0377,False,False,5000,0,76,source,mut_6db4ac6d9443
10.0,pyjwt,sqlparse,120,0.0708,False,False,5000,0,77,source,mut_713de7973bcf
10.0,pyjwt,sqlparse,120,0.0849,False,False,5000,0,78,source,mut_73d581fb62eb
10.0,pyjwt,sqlparse,120,0.1892,False,False,5000,0,79,source,mut_74f0ea6a5857
10.0,pyjwt,sqlparse,120,0.0255,False,False,5000,0,80,source,mut_75132a62bc6b
10.0,pyjwt,sqlparse,120,0.0466,False,False,5000,0,81,source,mut_77cad84aef17
10.0,pyjwt,sqlparse,120,0.033,False,False,5000,0,82,source,mut_7ab1e2c4cebd
10.0,pyjwt,sqlparse,120,0.0329,False,False,5000,0,83,source,mut_7ba5c6c51536
10.0,pyjwt,sqlparse,120,0.0439,False,False,5000,0,84,source,mut_7d2a2aa2296a
10.0,pyjwt,sqlparse,120,0.0274,False,False,5000,0,85,source,mut_7e0fb79566f5
10.0,pyjwt,sqlparse,120,0.0471,False,False,5000,0,86,source,mut_7ebf5a9a32cb
10.0,pyjwt,sqlparse,120,0.1072,False,False,5000,0,87,source,mut_825caac7065c
10.0,pyjwt,sqlparse,120,0.0219,False,False,5000,0,88,source,mut_82b6143e3e38
10.0,pyjwt,sqlparse,120,0.0891,False,False,5000,0,89,source,mut_842476a54c3f
10.0,pyjwt,sqlparse,120,0.0371,False,False,5000,0,90,source,mut_84bb1fa4caa8
10.0,pyjwt,sqlparse,120,0.0352,False,False,5000,0,91,source,mut_8535affd9884
10.0,pyjwt,sqlparse,120,0.0491,False,False,5000,0,92,source,mut_8544af5217f4
10.0,pyjwt,sqlparse,120,0.1331,False,False,5000,0,93,source,mut_889d49387bb1
10.0,pyjwt,sqlparse,120,0.2355,False,False,5000,0,94,source,mut_8ac5a6f05c07
10.0,pyjwt,sqlparse,120,0.089,False,False,5000,0,95,source,mut_8ad55c5ff59b
10.0,pyjwt,sqlparse,120,0.0441,False,False,5000,0,96,source,mut_8bae8add8f41
10.0,pyjwt,sqlparse,120,0.0473,False,False,5000,0,97,source,mut_8c1456f5a50b
10.0,pyjwt,sqlparse,120,0.0326,False,False,5000,0,98,source,mut_8c14b909d83c
10.0,pyjwt,sqlparse,120,0.0586,False,False,5000,0,99,source,mut_8c43829c33f8
10.0,pyjwt,sqlparse,120,0.0326,False,False,5000,0,100,source,mut_8ce25f2179e0
10.0,pyjwt,sqlparse,120,0.0745,False,False,5000,0,101,source,mut_8ce3abb21a38
10.0,pyjwt,sqlparse,120,0.0476,False,False,5000,0,102,source,mut_8e964d5ee0a6
10.0,pyjwt,sqlparse,120,0.0453,False,False,5000,0,103,source,mut_8f1c5520f4e7
10.0,pyjwt,sqlparse,120,0.041,False,False,5000,0,104,source,mut_91754eb2d23a
10.0,pyjwt,sqlparse,120,0.0488,False,False,5000,0,105,source,mut_94902348009a
10.0,pyjwt,sqlparse,120,0.3634,False,False,5000,0,106,source,mut_94d69deb5717
10.0,pyjwt,sqlparse,120,0.0376,False,False,5000,0,107,source,mut_9513cd281e72
10.0,pyjwt,sqlparse,120,0.0406,False,False,5000,0,108,source,mut_95b9f7b65bf2
10.0,pyjwt,sqlparse,120,0.0436,False,False,5000,0,109,source,mut_96598a40aa63
10.0,pyjwt,sqlparse,120,0.0213,False,False,5000,0,110,source,mut_9833817576ef
10.0,pyjwt,sqlparse,120,0.038,False,False,5000,0,111,source,mut_98758a682aa5
10.0,pyjwt,sqlparse,120,0.1151,False,False,5000,0,112,source,mut_99241348fde0
10.0,pyjwt,sqlparse,120,0.043,False,False,5000,0,113,source,mut_99b158ff3585
10.0,pyjwt,sqlparse,120,0.0445,False,False,5000,0,114,source,mut_99e45368bcbd
10.0,pyjwt,sqlparse,120,0.0328,False,False,5000,0,115,source,mut_9a4cd53ededa
10.0,pyjwt,sqlparse,120,0.0328,False,False,5000,0,116,source,mut_9aa4552580b1
10.0,pyjwt,sqlparse,120,0.0807,False,False,5000,0,117,source,mut_9b272810af03
10.0,pyjwt,sqlparse,120,0.0374,False,False,5000,0,118,source,mut_9d3f3dd7d526
10.0,pyjwt,sqlparse,120,0.0666,False,False,5000,0,119,source,mut_a101ac9aae77
10.0,pyjwt,sqlparse,120,0.0952,False,False,5000,0,120,target,mut_00ed85e60cd9
10.0,pyjwt,sqlparse,120,0.2308,False,False,5000,0,121,target,mut_01607a748050
10.0,pyjwt,sqlparse,120,0.3663,False,False,5000,0,122,target,mut_0224f619e35c
10.0,pyjwt,sqlparse,120,0.1247,False,False,5000,0,123,target,mut_026a10020b80
10.0,pyjwt,sqlparse,120,0.0859,False,False,5000,0,124,target,mut_03ee991cbb0a
10.0,pyjwt,sqlparse,120,0.1793,False,False,5000,0,125,target,mut_041c3482e05a
10.0,pyjwt,sqlparse,120,0.2333,False,False,5000,0,126,target,mut_0519ce964748
10.0,pyjwt,sqlparse,120,0.2266,False,False,5000,0,127,target,mut_05241599fa24
10.0,pyjwt,sqlparse,120,0.0823,False,False,5000,0,128,target,mut_05c5864de93f
10.0,pyjwt,sqlparse,120,0.2354,False,False,5000,0,129,target,mut_0633703f54bb
10.0,pyjwt,sqlparse,120,0.0978,False,False,5000,0,130,target,mut_0703ff01c280
10.0,pyjwt,sqlparse,120,0.0948,False,False,5000,0,131,target,mut_074fa6a12d6a
10.0,pyjwt,sqlparse,120,0.1197,False,False,5000,0,132,target,mut_084ecf13d0c7
10.0,pyjwt,sqlparse,120,0.0951,False,False,5000,0,133,target,mut_08c357c96661
10.0,pyjwt,sqlparse,120,0.1278,False,False,5000,0,134,target,mut_08c54a4a1774
10.0,pyjwt,sqlparse,120,0.1183,False,False,5000,0,135,target,mut_09e56869c62d
10.0,pyjwt,sqlparse,120,0.0812,False,False,5000,0,136,target,mut_0c28fc59246d
10.0,pyjwt,sqlparse,120,0.2484,False,False,5000,0,137,target,mut_0e6f69bff32e
10.0,pyjwt,sqlparse,120,0.3223,False,False,5000,0,138,target,mut_0ea074976f45
10.0,pyjwt,sqlparse,120,0.5905,False,False,5000,0,139,target,mut_0f6ab9f1dc53
10.0,pyjwt,sqlparse,120,0.1251,False,False,5000,0,140,target,mut_1110d9c4f3a2
10.0,pyjwt,sqlparse,120,0.3014,False,False,5000,0,141,target,mut_15da8a97f30d
10.0,pyjwt,sqlparse,120,0.0961,False,False,5000,0,142,target,mut_16d5526bba24
10.0,pyjwt,sqlparse,120,0.2011,False,False,5000,0,143,target,mut_1826940fb670
10.0,pyjwt,sqlparse,120,0.0956,False,False,5000,0,144,target,mut_18a327df7dd5
10.0,pyjwt,sqlparse,120,0.1028,False,False,5000,0,145,target,mut_1a27e32fb0d9
10.0,pyjwt,sqlparse,120,0.1505,False,False,5000,0,146,target,mut_1b410076d159
10.0,pyjwt,sqlparse,120,0.0989,False,False,5000,0,147,target,mut_1c741b52e4cc
10.0,pyjwt,sqlparse,120,0.6236,False,False,5000,0,148,target,mut_1d2a4ebddef7
10.0,pyjwt,sqlparse,120,0.1167,False,False,5000,0,149,target,mut_1dd1bf505ee1
10.0,pyjwt,sqlparse,120,0.2458,False,False,5000,0,150,target,mut_1e9e58f92d3c
10.0,pyjwt,sqlparse,120,0.3048,False,False,5000,0,151,target,mut_1f2e7bf62587
10.0,pyjwt,sqlparse,120,0.1377,False,False,5000,0,152,target,mut_1fc0cbcda288
10.0,pyjwt,sqlparse,120,0.2604,False,False,5000,0,153,target,mut_20eac5499782
10.0,pyjwt,sqlparse,120,0.1179,False,False,5000,0,154,target,mut_21429cd0b260
10.0,pyjwt,sqlparse,120,0.1371,False,False,5000,0,155,target,mut_217742f515df
10.0,pyjwt,sqlparse,120,0.3039,False,False,5000,0,156,target,mut_222d4967b863
10.0,pyjwt,sqlparse,120,0.6112,False,False,5000,0,157,target,mut_24e95de47642
10.0,pyjwt,sqlparse,120,0.7006,False,False,5000,0,158,target,mut_261a4ab9ed4c
10.0,pyjwt,sqlparse,120,0.1725,False,False,5000,0,159,target,mut_2634fd95f118
10.0,pyjwt,sqlparse,120,0.1423,False,False,5000,0,160,target,mut_274b3f00345f
10.0,pyjwt,sqlparse,120,0.1291,False,False,5000,0,161,target,mut_295c7ad3071a
10.0,pyjwt,sqlparse,120,0.1519,False,False,5000,0,162,target,mut_2a17d702d436
10.0,pyjwt,sqlparse,120,0.1491,False,False,5000,0,163,target,mut_2c129f4e9211
10.0,pyjwt,sqlparse,120,0.0693,False,False,5000,0,164,target,mut_2c2f66af1cfb
10.0,pyjwt,sqlparse,120,0.2007,False,False,5000,0,165,target,mut_2cbae98e3519
10.0,pyjwt,sqlparse,120,0.1663,False,False,5000,0,166,target,mut_2cdbaf08089d
10.0,pyjwt,sqlparse,120,0.1655,False,False,5000,0,167,target,mut_2dee09d62d9d
10.0,pyjwt,sqlparse,120,0.4446,False,False,5000,0,168,target,mut_30086f4982b4
10.0,pyjwt,sqlparse,120,0.1318,False,False,5000,0,169,target,mut_30eea9b5f492
10.0,pyjwt,sqlparse,120,0.038,False,False,5000,0,170,target,mut_30eec3bb4d68
10.0,pyjwt,sqlparse,120,0.1323,False,False,5000,0,171,target,mut_324c4b0e3c39
10.0,pyjwt,sqlparse,120,0.1096,False,False,5000,0,172,target,mut_33c0984d9374
10.0,pyjwt,sqlparse,120,0.1125,False,False,5000,0,173,target,mut_347bd9f817e9
10.0,pyjwt,sqlparse,120,0.1155,False,False,5000,0,174,target,mut_3607818929cb
10.0,pyjwt,sqlparse,120,0.0487,False,False,5000,0,175,target,mut_362a64bf5afe
10.0,pyjwt,sqlparse,120,0.0956,False,False,5000,0,176,target,mut_3729fae7806f
10.0,pyjwt,sqlparse,120,0.0478,False,False,5000,0,177,target,mut_37cb2031b486
10.0,pyjwt,sqlparse,120,0.1121,False,False,5000,0,178,target,mut_38183bd2c1ed
10.0,pyjwt,sqlparse,120,0.0305,False,False,5000,0,179,target,mut_38763383d7b0
10.0,pyjwt,sqlparse,120,0.0964,False,False,5000,0,180,target,mut_3955a686c91d
10.0,pyjwt,sqlparse,120,0.0997,False,False,5000,0,181,target,mut_3989cb53b832
10.0,pyjwt,sqlparse,120,0.2022,False,False,5000,0,182,target,mut_39975d92d790
10.0,pyjwt,sqlparse,120,0.0362,False,False,5000,0,183,target,mut_3a92baf97f66
10.0,pyjwt,sqlparse,120,0.0374,False,False,5000,0,184,target,mut_3b88002f0733
10.0,pyjwt,sqlparse,120,0.0936,False,False,5000,0,185,target,mut_3d58a54aa20f
10.0,pyjwt,sqlparse,120,0.1008,False,False,5000,0,186,target,mut_3e04b14de979
10.0,pyjwt,sqlparse,120,0.7559,False,False,5000,0,187,target,mut_3ffd50b21960
10.0,pyjwt,sqlparse,120,0.1868,False,False,5000,0,188,target,mut_407eb9486001
10.0,pyjwt,sqlparse,120,0.0974,False,False,5000,0,189,target,mut_4324b71a987c
10.0,pyjwt,sqlparse,120,0.1448,False,False,5000,0,190,target,mut_434d19a26cdb
10.0,pyjwt,sqlparse,120,0.0423,False,False,5000,0,191,target,mut_43695e7c2f7b
10.0,pyjwt,sqlparse,120,0.1015,False,False,5000,0,192,target,mut_437302185cb1
10.0,pyjwt,sqlparse,120,0.5792,False,False,5000,0,193,target,mut_463c594b3f76
10.0,pyjwt,sqlparse,120,0.0607,False,False,5000,0,194,target,mut_48baccea58f0
10.0,pyjwt,sqlparse,120,0.1446,False,False,5000,0,195,target,mut_48fde9d2deea
10.0,pyjwt,sqlparse,120,0.1265,False,False,5000,0,196,target,mut_4b13ccc70742
10.0,pyjwt,sqlparse,120,0.3423,False,False,5000,0,197,target,mut_4c09085f2073
10.0,pyjwt,sqlparse,120,0.1237,False,False,5000,0,198,target,mut_4c4e6b8ce530
10.0,pyjwt,sqlparse,120,0.127,False,False,5000,0,199,target,mut_4ddc4cbd929b
10.0,pyjwt,sqlparse,120,0.1357,False,False,5000,0,200,target,mut_4ec1d7e52659
10.0,pyjwt,sqlparse,120,0.0324,False,False,5000,0,201,target,mut_4fea0ea939d2
10.0,pyjwt,sqlparse,120,0.03,False,False,5000,0,202,target,mut_5058b98fc3dc
10.0,pyjwt,sqlparse,120,0.0657,False,False,5000,0,203,target,mut_50aabc4b5a25
10.0,pyjwt,sqlparse,120,0.0298,False,False,5000,0,204,target,mut_513085300da3
10.0,pyjwt,sqlparse,120,0.3253,False,False,5000,0,205,target,mut_515b7e3ac580
10.0,pyjwt,sqlparse,120,0.0437,False,False,5000,0,206,target,mut_51d953d55d3a
10.0,pyjwt,sqlparse,120,0.7418,False,False,5000,0,207,target,mut_563fc775221b
10.0,pyjwt,sqlparse,120,0.128,False,False,5000,0,208,target,mut_565c4e576970
10.0,pyjwt,sqlparse,120,0.159,False,False,5000,0,209,target,mut_577d92322485
10.0,pyjwt,sqlparse,120,0.0665,False,False,5000,0,210,target,mut_598fea02071b
10.0,pyjwt,sqlparse,120,0.0389,False,False,5000,0,211,target,mut_59ad839eb361
10.0,pyjwt,sqlparse,120,0.0477,False,False,5000,0,212,target,mut_59d5612d680e
10.0,pyjwt,sqlparse,120,0.1262,False,False,5000,0,213,target,mut_5a1265cdd7fd
10.0,pyjwt,sqlparse,120,0.0399,False,False,5000,0,214,target,mut_5a226ce8e9a0
10.0,pyjwt,sqlparse,120,0.0457,False,False,5000,0,215,target,mut_5c4e9febc1b4
10.0,pyjwt,sqlparse,120,0.2253,False,False,5000,0,216,target,mut_5c5dd82adb4a
10.0,pyjwt,sqlparse,120,0.086,False,False,5000,0,217,target,mut_5c709acf8a71
10.0,pyjwt,sqlparse,120,0.1082,False,False,5000,0,218,target,mut_5c83645a4b40
10.0,pyjwt,sqlparse,120,0.7554,False,False,5000,0,219,target,mut_5ca66cf5e21c
10.0,pyjwt,sqlparse,120,0.0402,False,False,5000,0,220,target,mut_5e1e3f22ddce
10.0,pyjwt,sqlparse,120,0.1263,False,False,5000,0,221,target,mut_5e911c243c0e
10.0,pyjwt,sqlparse,120,0.122,False,False,5000,0,222,target,mut_5f9ee10badbd
10.0,pyjwt,sqlparse,120,0.0326,False,False,5000,0,223,target,mut_603659d3c40d
10.0,pyjwt,sqlparse,120,0.2119,False,False,5000,0,224,target,mut_628c76f5d806
10.0,pyjwt,sqlparse,120,0.0996,False,False,5000,0,225,target,mut_683a907522ac
10.0,pyjwt,sqlparse,120,0.059,False,False,5000,0,226,target,mut_68be773b8e4f
10.0,pyjwt,sqlparse,120,0.1263,False,False,5000,0,227,target,mut_6a213918b9c2
10.0,pyjwt,sqlparse,120,0.1124,False,False,5000,0,228,target,mut_6e3d6f48ed29
10.0,pyjwt,sqlparse,120,0.1241,False,False,5000,0,229,target,mut_6e5ae450d2f4
10.0,pyjwt,sqlparse,120,0.0365,False,False,5000,0,230,target,mut_6f68b59e3602
10.0,pyjwt,sqlparse,120,0.0953,False,False,5000,0,231,target,mut_70e6e6870886
10.0,pyjwt,sqlparse,120,0.0356,False,False,5000,0,232,target,mut_7180d183cdb2
10.0,pyjwt,sqlparse,120,0.0435,False,False,5000,0,233,target,mut_71b88b2cf7de
10.0,pyjwt,sqlparse,120,0.1123,False,False,5000,0,234,target,mut_71f61f9f2540
10.0,pyjwt,sqlparse,120,0.0423,False,False,5000,0,235,target,mut_731cab0bcb1e
10.0,pyjwt,sqlparse,120,0.147,False,False,5000,0,236,target,mut_754d4bc16c13
10.0,pyjwt,sqlparse,120,0.0484,False,False,5000,0,237,target,mut_76df77b21013
10.0,pyjwt,sqlparse,120,0.0437,False,False,5000,0,238,target,mut_779fd8ca5ea2
10.0,pyjwt,sqlparse,120,0.7601,False,False,5000,0,239,target,mut_78f391f3ae79
10.0,sqlparse,tabulate,120,0.046,False,False,5000,0,0,source,mut_274b3f00345f
10.0,sqlparse,tabulate,120,0.0639,False,False,5000,0,1,source,mut_295c7ad3071a
10.0,sqlparse,tabulate,120,0.0941,False,False,5000,0,2,source,mut_2a17d702d436
10.0,sqlparse,tabulate,120,0.0431,False,False,5000,0,3,source,mut_2c129f4e9211
10.0,sqlparse,tabulate,120,0.0295,False,False,5000,0,4,source,mut_2c2f66af1cfb
10.0,sqlparse,tabulate,120,0.1604,False,False,5000,0,5,source,mut_2cbae98e3519
10.0,sqlparse,tabulate,120,0.0947,False,False,5000,0,6,source,mut_2cdbaf08089d
10.0,sqlparse,tabulate,120,0.1892,False,False,5000,0,7,source,mut_2dee09d62d9d
10.0,sqlparse,tabulate,120,0.4425,False,False,5000,0,8,source,mut_30086f4982b4
10.0,sqlparse,tabulate,120,0.042,False,False,5000,0,9,source,mut_30eea9b5f492
10.0,sqlparse,tabulate,120,0.0314,False,False,5000,0,10,source,mut_30eec3bb4d68
10.0,sqlparse,tabulate,120,0.067,False,False,5000,0,11,source,mut_324c4b0e3c39
10.0,sqlparse,tabulate,120,0.0578,False,False,5000,0,12,source,mut_33c0984d9374
10.0,sqlparse,tabulate,120,0.0418,False,False,5000,0,13,source,mut_347bd9f817e9
10.0,sqlparse,tabulate,120,0.0525,False,False,5000,0,14,source,mut_3607818929cb
10.0,sqlparse,tabulate,120,0.0425,False,False,5000,0,15,source,mut_362a64bf5afe
10.0,sqlparse,tabulate,120,0.0508,False,False,5000,0,16,source,mut_3729fae7806f
10.0,sqlparse,tabulate,120,0.0528,False,False,5000,0,17,source,mut_37cb2031b486
10.0,sqlparse,tabulate,120,0.0417,False,False,5000,0,18,source,mut_38183bd2c1ed
10.0,sqlparse,tabulate,120,0.0652,False,False,5000,0,19,source,mut_38763383d7b0
10.0,sqlparse,tabulate,120,0.0444,False,False,5000,0,20,source,mut_3955a686c91d
10.0,sqlparse,tabulate,120,0.0436,False,False,5000,0,21,source,mut_3989cb53b832
10.0,sqlparse,tabulate,120,0.1989,False,False,5000,0,22,source,mut_39975d92d790
10.0,sqlparse,tabulate,120,0.0316,False,False,5000,0,23,source,mut_3a92baf97f66
10.0,sqlparse,tabulate,120,0.056,False,False,5000,0,24,source,mut_3b88002f0733
10.0,sqlparse,tabulate,120,0.0411,False,False,5000,0,25,source,mut_3d58a54aa20f
10.0,sqlparse,tabulate,120,0.0427,False,False,5000,0,26,source,mut_3e04b14de979
10.0,sqlparse,tabulate,120,0.71,False,False,5000,0,27,source,mut_3ffd50b21960
10.0,sqlparse,tabulate,120,0.1819,False,False,5000,0,28,source,mut_407eb9486001
10.0,sqlparse,tabulate,120,0.0395,False,False,5000,0,29,source,mut_4324b71a987c
10.0,sqlparse,tabulate,120,0.0847,False,False,5000,0,30,source,mut_434d19a26cdb
10.0,sqlparse,tabulate,120,0.052,False,False,5000,0,31,source,mut_43695e7c2f7b
10.0,sqlparse,tabulate,120,0.0395,False,False,5000,0,32,source,mut_437302185cb1
10.0,sqlparse,tabulate,120,0.6337,False,False,5000,0,33,source,mut_463c594b3f76
10.0,sqlparse,tabulate,120,0.0394,False,False,5000,0,34,source,mut_48baccea58f0
10.0,sqlparse,tabulate,120,0.0846,False,False,5000,0,35,source,mut_48fde9d2deea
10.0,sqlparse,tabulate,120,0.0466,False,False,5000,0,36,source,mut_4b13ccc70742
10.0,sqlparse,tabulate,120,0.3367,False,False,5000,0,37,source,mut_4c09085f2073
10.0,sqlparse,tabulate,120,0.0404,False,False,5000,0,38,source,mut_4c4e6b8ce530
10.0,sqlparse,tabulate,120,0.0478,False,False,5000,0,39,source,mut_4ddc4cbd929b
10.0,sqlparse,tabulate,120,0.0587,False,False,5000,0,40,source,mut_4ec1d7e52659
10.0,sqlparse,tabulate,120,0.0877,False,False,5000,0,41,source,mut_4fea0ea939d2
10.0,sqlparse,tabulate,120,0.0862,False,False,5000,0,42,source,mut_5058b98fc3dc
10.0,sqlparse,tabulate,120,0.0554,False,False,5000,0,43,source,mut_50aabc4b5a25
10.0,sqlparse,tabulate,120,0.0735,False,False,5000,0,44,source,mut_513085300da3
10.0,sqlparse,tabulate,120,0.328,False,False,5000,0,45,source,mut_515b7e3ac580
10.0,sqlparse,tabulate,120,0.0368,False,False,5000,0,46,source,mut_51d953d55d3a
10.0,sqlparse,tabulate,120,0.6934,False,False,5000,0,47,source,mut_563fc775221b
10.0,sqlparse,tabulate,120,0.0481,False,False,5000,0,48,source,mut_565c4e576970
10.0,sqlparse,tabulate,120,0.0569,False,False,5000,0,49,source,mut_577d92322485
10.0,sqlparse,tabulate,120,0.1149,False,False,5000,0,50,source,mut_598fea02071b
10.0,sqlparse,tabulate,120,0.0295,False,False,5000,0,51,source,mut_59ad839eb361
10.0,sqlparse,tabulate,120,0.0388,False,False,5000,0,52,source,mut_59d5612d680e
10.0,sqlparse,tabulate,120,0.0515,False,False,5000,0,53,source,mut_5a1265cdd7fd
10.0,sqlparse,tabulate,120,0.05,False,False,5000,0,54,source,mut_5a226ce8e9a0
10.0,sqlparse,tabulate,120,0.0369,False,False,5000,0,55,source,mut_5c4e9febc1b4
10.0,sqlparse,tabulate,120,0.1964,False,False,5000,0,56,source,mut_5c5dd82adb4a
10.0,sqlparse,tabulate,120,0.0778,False,False,5000,0,57,source,mut_5c709acf8a71
10.0,sqlparse,tabulate,120,0.042,False,False,5000,0,58,source,mut_5c83645a4b40
10.0,sqlparse,tabulate,120,0.7113,False,False,5000,0,59,source,mut_5ca66cf5e21c
10.0,sqlparse,tabulate,120,0.0313,False,False,5000,0,60,source,mut_5e1e3f22ddce
10.0,sqlparse,tabulate,120,0.0413,False,False,5000,0,61,source,mut_5e911c243c0e
10.0,sqlparse,tabulate,120,0.0427,False,False,5000,0,62,source,mut_5f9ee10badbd
10.0,sqlparse,tabulate,120,0.0884,False,False,5000,0,63,source,mut_603659d3c40d
10.0,sqlparse,tabulate,120,0.0731,False,False,5000,0,64,source,mut_628c76f5d806
10.0,sqlparse,tabulate,120,0.0373,False,False,5000,0,65,source,mut_683a907522ac
10.0,sqlparse,tabulate,120,0.0373,False,False,5000,0,66,source,mut_68be773b8e4f
10.0,sqlparse,tabulate,120,0.1186,False,False,5000,0,67,source,mut_6a213918b9c2
10.0,sqlparse,tabulate,120,0.1034,False,False,5000,0,68,source,mut_6e3d6f48ed29
10.0,sqlparse,tabulate,120,0.117,False,False,5000,0,69,source,mut_6e5ae450d2f4
10.0,sqlparse,tabulate,120,0.0553,False,False,5000,0,70,source,mut_6f68b59e3602
10.0,sqlparse,tabulate,120,0.048,False,False,5000,0,71,source,mut_70e6e6870886
10.0,sqlparse,tabulate,120,0.0553,False,False,5000,0,72,source,mut_7180d183cdb2
10.0,sqlparse,tabulate,120,0.0407,False,False,5000,0,73,source,mut_71b88b2cf7de
10.0,sqlparse,tabulate,120,0.0702,False,False,5000,0,74,source,mut_71f61f9f2540
10.0,sqlparse,tabulate,120,0.0353,False,False,5000,0,75,source,mut_731cab0bcb1e
10.0,sqlparse,tabulate,120,0.1718,False,False,5000,0,76,source,mut_754d4bc16c13
10.0,sqlparse,tabulate,120,0.0415,False,False,5000,0,77,source,mut_76df77b21013
10.0,sqlparse,tabulate,120,0.0395,False,False,5000,0,78,source,mut_779fd8ca5ea2
10.0,sqlparse,tabulate,120,0.7145,False,False,5000,0,79,source,mut_78f391f3ae79
10.0,sqlparse,tabulate,120,0.0461,False,False,5000,0,80,source,mut_7a80661c2bdf
10.0,sqlparse,tabulate,120,0.0382,False,False,5000,0,81,source,mut_7ac454133642
10.0,sqlparse,tabulate,120,0.0484,False,False,5000,0,82,source,mut_7f1ddc9250cb
10.0,sqlparse,tabulate,120,0.0314,False,False,5000,0,83,source,mut_806afac0611b
10.0,sqlparse,tabulate,120,0.0479,False,False,5000,0,84,source,mut_807d8e804bf8
10.0,sqlparse,tabulate,120,0.0357,False,False,5000,0,85,source,mut_81b0f720b4ad
10.0,sqlparse,tabulate,120,0.0331,False,False,5000,0,86,source,mut_857cd34d9508
10.0,sqlparse,tabulate,120,0.4462,False,False,5000,0,87,source,mut_859de364d4a7
10.0,sqlparse,tabulate,120,0.4239,False,False,5000,0,88,source,mut_8732d5380027
10.0,sqlparse,tabulate,120,0.1565,False,False,5000,0,89,source,mut_8a5d75cb4aec
10.0,sqlparse,tabulate,120,0.0691,False,False,5000,0,90,source,mut_8afc8711c974
10.0,sqlparse,tabulate,120,0.0295,False,False,5000,0,91,source,mut_8afcbc176f7c
10.0,sqlparse,tabulate,120,0.0858,False,False,5000,0,92,source,mut_8bb6b81c5c05
10.0,sqlparse,tabulate,120,0.1762,False,False,5000,0,93,source,mut_8dec537426f2
10.0,sqlparse,tabulate,120,0.0462,False,False,5000,0,94,source,mut_8eb2650ff656
10.0,sqlparse,tabulate,120,0.0799,False,False,5000,0,95,source,mut_908604a45c2c
10.0,sqlparse,tabulate,120,0.7016,False,False,5000,0,96,source,mut_90c65e06e91d
10.0,sqlparse,tabulate,120,0.0408,False,False,5000,0,97,source,mut_930916d9cada
10.0,sqlparse,tabulate,120,0.0481,False,False,5000,0,98,source,mut_9399d7fed319
10.0,sqlparse,tabulate,120,0.0992,False,False,5000,0,99,source,mut_95b57bdb8e06
10.0,sqlparse,tabulate,120,0.1111,False,False,5000,0,100,source,mut_95f34860eb42
10.0,sqlparse,tabulate,120,0.1329,False,False,5000,0,101,source,mut_982ebface207
10.0,sqlparse,tabulate,120,0.4833,False,False,5000,0,102,source,mut_99b614a17041
10.0,sqlparse,tabulate,120,0.1248,False,False,5000,0,103,source,mut_99bbe3921446
10.0,sqlparse,tabulate,120,0.1355,False,False,5000,0,104,source,mut_9b3ec648417a
10.0,sqlparse,tabulate,120,0.0385,False,False,5000,0,105,source,mut_9bf67af918bd
10.0,sqlparse,tabulate,120,0.1266,False,False,5000,0,106,source,mut_9c15331910a5
10.0,sqlparse,tabulate,120,0.1955,False,False,5000,0,107,source,mut_9c99d9603470
10.0,sqlparse,tabulate,120,0.0405,False,False,5000,0,108,source,mut_9d8e6cc0069c
10.0,sqlparse,tabulate,120,0.047,False,False,5000,0,109,source,mut_9f9228b8c4ec
10.0,sqlparse,tabulate,120,0.081,False,False,5000,0,110,source,mut_a0e430d2e24c
10.0,sqlparse,tabulate,120,0.1091,False,False,5000,0,111,source,mut_a16d02f2dc00
10.0,sqlparse,tabulate,120,0.1312,False,False,5000,0,112,source,mut_a1f58669a52a
10.0,sqlparse,tabulate,120,0.0536,False,False,5000,0,113,source,mut_a21f60a5d0a2
10.0,sqlparse,tabulate,120,0.0498,False,False,5000,0,114,source,mut_a69c8d55276b
10.0,sqlparse,tabulate,120,0.0434,False,False,5000,0,115,source,mut_a8bedd912dd0
10.0,sqlparse,tabulate,120,0.0315,False,False,5000,0,116,source,mut_a949d8b1dc85
10.0,sqlparse,tabulate,120,0.0415,False,False,5000,0,117,source,mut_aa28b02f08d0
10.0,sqlparse,tabulate,120,0.0617,False,False,5000,0,118,source,mut_aa2b8a0635bf
10.0,sqlparse,tabulate,120,0.0562,False,False,5000,0,119,source,mut_aaeb7748441b
10.0,sqlparse,tabulate,120,0.7158,False,False,5000,0,120,target,mut_01ff1dcdaf8f
10.0,sqlparse,tabulate,120,0.1104,False,False,5000,0,121,target,mut_030f8643f53d
10.0,sqlparse,tabulate,120,0.109,False,False,5000,0,122,target,mut_0418ca7582e6
10.0,sqlparse,tabulate,120,0.081,False,False,5000,0,123,target,mut_064986125f71
10.0,sqlparse,tabulate,120,0.1532,False,False,5000,0,124,target,mut_080e4fcfb8a7
10.0,sqlparse,tabulate,120,0.1594,False,False,5000,0,125,target,mut_085d658cb5db
10.0,sqlparse,tabulate,120,0.0813,False,False,5000,0,126,target,mut_099834607006
10.0,sqlparse,tabulate,120,0.1809,False,False,5000,0,127,target,mut_0a099168b515
10.0,sqlparse,tabulate,120,0.1015,False,False,5000,0,128,target,mut_0e0deaefa0bc
10.0,sqlparse,tabulate,120,0.1166,False,False,5000,0,129,target,mut_0f07e7c4eca1
10.0,sqlparse,tabulate,120,0.1015,False,False,5000,0,130,target,mut_0f5523b9c786
10.0,sqlparse,tabulate,120,0.1098,False,False,5000,0,131,target,mut_0f846223248f
10.0,sqlparse,tabulate,120,0.0925,False,False,5000,0,132,target,mut_10790f95463d
10.0,sqlparse,tabulate,120,0.0947,False,False,5000,0,133,target,mut_10a084bd1391
10.0,sqlparse,tabulate,120,0.0875,False,False,5000,0,134,target,mut_1330de122069
10.0,sqlparse,tabulate,120,0.1537,False,False,5000,0,135,target,mut_13e43bd30215
10.0,sqlparse,tabulate,120,0.127,False,False,5000,0,136,target,mut_14b738b2f366
10.0,sqlparse,tabulate,120,0.2262,False,False,5000,0,137,target,mut_16107d20d4f6
10.0,sqlparse,tabulate,120,0.1252,False,False,5000,0,138,target,mut_180689350b61
10.0,sqlparse,tabulate,120,0.119,False,False,5000,0,139,target,mut_1869f40a11fe
10.0,sqlparse,tabulate,120,0.1629,False,False,5000,0,140,target,mut_18772feacc7e
10.0,sqlparse,tabulate,120,0.1112,False,False,5000,0,141,target,mut_1bda071a6f7d
10.0,sqlparse,tabulate,120,0.0915,False,False,5000,0,142,target,mut_1cadb3e755b1
10.0,sqlparse,tabulate,120,0.061,False,False,5000,0,143,target,mut_1e27d8008c13
10.0,sqlparse,tabulate,120,0.067,False,False,5000,0,144,target,mut_242a460375e2
10.0,sqlparse,tabulate,120,0.0561,False,False,5000,0,145,target,mut_2648b8dfc8ed
10.0,sqlparse,tabulate,120,0.0603,False,False,5000,0,146,target,mut_284c0fbe9e56
10.0,sqlparse,tabulate,120,0.0702,False,False,5000,0,147,target,mut_28b6393a4993
10.0,sqlparse,tabulate,120,0.3405,False,False,5000,0,148,target,mut_2939aef51aa6
10.0,sqlparse,tabulate,120,0.5971,False,False,5000,0,149,target,mut_2979613d9f2b
10.0,sqlparse,tabulate,120,0.0796,False,False,5000,0,150,target,mut_298287932461
10.0,sqlparse,tabulate,120,0.0423,False,False,5000,0,151,target,mut_2a5743e6e9db
10.0,sqlparse,tabulate,120,0.0506,False,False,5000,0,152,target,mut_2b05b1e50571
10.0,sqlparse,tabulate,120,0.0431,False,False,5000,0,153,target,mut_2c3cc24849a0
10.0,sqlparse,tabulate,120,0.0459,False,False,5000,0,154,target,mut_2d8272190c42
10.0,sqlparse,tabulate,120,0.0458,False,False,5000,0,155,target,mut_2f34020fb58d
10.0,sqlparse,tabulate,120,0.0623,False,False,5000,0,156,target,mut_2fda078ae429
10.0,sqlparse,tabulate,120,0.1307,False,False,5000,0,157,target,mut_3174687b1191
10.0,sqlparse,tabulate,120,0.0755,False,False,5000,0,158,target,mut_32c633b81087
10.0,sqlparse,tabulate,120,0.0662,False,False,5000,0,159,target,mut_3330b13319e9
10.0,sqlparse,tabulate,120,0.0353,False,False,5000,0,160,target,mut_363ef3f029dc
10.0,sqlparse,tabulate,120,0.0381,False,False,5000,0,161,target,mut_375120641df2
10.0,sqlparse,tabulate,120,0.0433,False,False,5000,0,162,target,mut_37999cf9db01
10.0,sqlparse,tabulate,120,0.0489,False,False,5000,0,163,target,mut_37e23300dba2
10.0,sqlparse,tabulate,120,0.0408,False,False,5000,0,164,target,mut_38324fb7a27b
10.0,sqlparse,tabulate,120,0.03,False,False,5000,0,165,target,mut_39025c466681
10.0,sqlparse,tabulate,120,0.0489,False,False,5000,0,166,target,mut_39d29cc47391
10.0,sqlparse,tabulate,120,0.03,False,False,5000,0,167,target,mut_3bd3c269dfe5
10.0,sqlparse,tabulate,120,0.0382,False,False,5000,0,168,target,mut_3be2be653944
10.0,sqlparse,tabulate,120,0.7497,False,False,5000,0,169,target,mut_3cffefe36798
10.0,sqlparse,tabulate,120,0.074,False,False,5000,0,170,target,mut_3e06caa9cc95
10.0,sqlparse,tabulate,120,0.532,False,False,5000,0,171,target,mut_3ef310da54b1
10.0,sqlparse,tabulate,120,0.0331,False,False,5000,0,172,target,mut_3efbe3e5ff36
10.0,sqlparse,tabulate,120,0.7627,False,False,5000,0,173,target,mut_3f8a2adaee1c
10.0,sqlparse,tabulate,120,0.6842,False,False,5000,0,174,target,mut_3fc83c229263
10.0,sqlparse,tabulate,120,0.0303,False,False,5000,0,175,target,mut_40b111a0ea20
10.0,sqlparse,tabulate,120,0.0357,False,False,5000,0,176,target,mut_4194c4a4dfe6
10.0,sqlparse,tabulate,120,0.0276,False,False,5000,0,177,target,mut_41fa99991f0b
10.0,sqlparse,tabulate,120,0.033,False,False,5000,0,178,target,mut_4384a219c955
10.0,sqlparse,tabulate,120,0.4829,False,False,5000,0,179,target,mut_43bcabda2c1c
10.0,sqlparse,tabulate,120,0.0275,False,False,5000,0,180,target,mut_457012a4d98c
10.0,sqlparse,tabulate,120,0.0275,False,False,5000,0,181,target,mut_485192f8feb7
10.0,sqlparse,tabulate,120,0.0275,False,False,5000,0,182,target,mut_4bd59480cc4f
10.0,sqlparse,tabulate,120,0.0384,False,False,5000,0,183,target,mut_4cddc602efff
10.0,sqlparse,tabulate,120,0.0276,False,False,5000,0,184,target,mut_4d373729c558
10.0,sqlparse,tabulate,120,0.5858,False,False,5000,0,185,target,mut_4d3c42537ccd
10.0,sqlparse,tabulate,120,0.028,False,False,5000,0,186,target,mut_4f5f9a062b32
10.0,sqlparse,tabulate,120,0.028,False,False,5000,0,187,target,mut_50802d486d65
10.0,sqlparse,tabulate,120,0.043,False,False,5000,0,188,target,mut_5178b3c4bcef
10.0,sqlparse,tabulate,120,0.028,False,False,5000,0,189,target,mut_526f4add9f2a
10.0,sqlparse,tabulate,120,0.0473,False,False,5000,0,190,target,mut_52744975db96
10.0,sqlparse,tabulate,120,0.0364,False,False,5000,0,191,target,mut_52d3d84c77f0
10.0,sqlparse,tabulate,120,0.0364,False,False,5000,0,192,target,mut_55889f174052
10.0,sqlparse,tabulate,120,0.0337,False,False,5000,0,193,target,mut_55ad4af114d8
10.0,sqlparse,tabulate,120,0.0603,False,False,5000,0,194,target,mut_56245a077a9f
10.0,sqlparse,tabulate,120,0.0337,False,False,5000,0,195,target,mut_562d394e9f72
10.0,sqlparse,tabulate,120,0.4018,False,False,5000,0,196,target,mut_57d0c9cb114e
10.0,sqlparse,tabulate,120,0.0341,False,False,5000,0,197,target,mut_58305a6f4eb2
10.0,sqlparse,tabulate,120,0.1503,False,False,5000,0,198,target,mut_58c9743489d6
10.0,sqlparse,tabulate,120,0.0662,False,False,5000,0,199,target,mut_5abe2e3e882c
10.0,sqlparse,tabulate,120,0.0431,False,False,5000,0,200,target,mut_5c1b5c05a7d5
10.0,sqlparse,tabulate,120,0.3205,False,False,5000,0,201,target,mut_5d39580f9286
10.0,sqlparse,tabulate,120,0.0362,False,False,5000,0,202,target,mut_5e3e2fd199aa
10.0,sqlparse,tabulate,120,0.0363,False,False,5000,0,203,target,mut_6078fe15ed24
10.0,sqlparse,tabulate,120,0.6972,False,False,5000,0,204,target,mut_61eea6c5ca38
10.0,sqlparse,tabulate,120,0.0331,False,False,5000,0,205,target,mut_63a7dbc5cfb4
10.0,sqlparse,tabulate,120,0.0276,False,False,5000,0,206,target,mut_65f9a94d5de9
10.0,sqlparse,tabulate,120,0.0331,False,False,5000,0,207,target,mut_66749e506a20
10.0,sqlparse,tabulate,120,0.0304,False,False,5000,0,208,target,mut_66dc922fc183
10.0,sqlparse,tabulate,120,0.7731,False,False,5000,0,209,target,mut_6706ca197df4
10.0,sqlparse,tabulate,120,0.0329,False,False,5000,0,210,target,mut_683996bdd811
10.0,sqlparse,tabulate,120,0.4124,False,False,5000,0,211,target,mut_68ec67ac89e4
10.0,sqlparse,tabulate,120,0.7735,False,False,5000,0,212,target,mut_69467f2af28e
10.0,sqlparse,tabulate,120,0.2612,False,False,5000,0,213,target,mut_69f7a0487a31
10.0,sqlparse,tabulate,120,0.0724,False,False,5000,0,214,target,mut_6aabac65417d
10.0,sqlparse,tabulate,120,0.0356,False,False,5000,0,215,target,mut_6b6d9a306e87
10.0,sqlparse,tabulate,120,0.0356,False,False,5000,0,216,target,mut_6be766ffae3e
10.0,sqlparse,tabulate,120,0.7084,False,False,5000,0,217,target,mut_6c3722313f43
10.0,sqlparse,tabulate,120,0.0518,False,False,5000,0,218,target,mut_6c389af055e7
10.0,sqlparse,tabulate,120,0.3612,False,False,5000,0,219,target,mut_6ca07ddd644b
10.0,sqlparse,tabulate,120,0.0437,False,False,5000,0,220,target,mut_6dfb599fc04e
10.0,sqlparse,tabulate,120,0.0383,False,False,5000,0,221,target,mut_6ee34073c9da
10.0,sqlparse,tabulate,120,0.0436,False,False,5000,0,222,target,mut_6f1c5b362cb6
10.0,sqlparse,tabulate,120,0.5315,False,False,5000,0,223,target,mut_7206f44e82b9
10.0,sqlparse,tabulate,120,0.0274,False,False,5000,0,224,target,mut_726a1e3349be
10.0,sqlparse,tabulate,120,0.0491,False,False,5000,0,225,target,mut_728a1c133c64
10.0,sqlparse,tabulate,120,0.3721,False,False,5000,0,226,target,mut_73c5ea89e51f
10.0,sqlparse,tabulate,120,0.0924,False,False,5000,0,227,target,mut_74d7ef899586
10.0,sqlparse,tabulate,120,0.0304,False,False,5000,0,228,target,mut_75f9a0f96be0
10.0,sqlparse,tabulate,120,0.339,False,False,5000,0,229,target,mut_771bdbf1556c
10.0,sqlparse,tabulate,120,0.2529,False,False,5000,0,230,target,mut_785ceb473257
10.0,sqlparse,tabulate,120,0.0356,False,False,5000,0,231,target,mut_78e23d7106f2
10.0,sqlparse,tabulate,120,0.0969,False,False,5000,0,232,target,mut_797997904741
10.0,sqlparse,tabulate,120,0.2449,False,False,5000,0,233,target,mut_7af923a5072e
10.0,sqlparse,tabulate,120,0.044,False,False,5000,0,234,target,mut_7c286298a8cf
10.0,sqlparse,tabulate,120,0.0278,False,False,5000,0,235,target,mut_7c5fdede9d4c
10.0,sqlparse,tabulate,120,0.0278,False,False,5000,0,236,target,mut_7cc98fec983c
10.0,sqlparse,tabulate,120,0.0444,False,False,5000,0,237,target,mut_7d31ed51251a
10.0,sqlparse,tabulate,120,0.0512,False,False,5000,0,238,target,mut_7ef06352d3a7
10.0,sqlparse,tabulate,120,0.0365,False,False,5000,0,239,target,mut_80615b5b7282
10.0,tabulate,validators,120,0.2127,False,False,5000,0,0,source,mut_363ef3f029dc
10.0,tabulate,validators,120,0.2175,False,False,5000,0,1,source,mut_375120641df2
10.0,tabulate,validators,120,0.0496,False,False,5000,0,2,source,mut_37999cf9db01
10.0,tabulate,validators,120,0.2181,False,False,5000,0,3,source,mut_37e23300dba2
10.0,tabulate,validators,120,0.2126,False,False,5000,0,4,source,mut_38324fb7a27b
10.0,tabulate,validators,120,0.2112,False,False,5000,0,5,source,mut_39025c466681
10.0,tabulate,validators,120,0.2233,False,False,5000,0,6,source,mut_39d29cc47391
10.0,tabulate,validators,120,0.2106,False,False,5000,0,7,source,mut_3bd3c269dfe5
10.0,tabulate,validators,120,0.2137,False,False,5000,0,8,source,mut_3be2be653944
10.0,tabulate,validators,120,0.6147,False,False,5000,0,9,source,mut_3cffefe36798
10.0,tabulate,validators,120,0.2676,False,False,5000,0,10,source,mut_3e06caa9cc95
10.0,tabulate,validators,120,0.4545,False,False,5000,0,11,source,mut_3ef310da54b1
10.0,tabulate,validators,120,0.2165,False,False,5000,0,12,source,mut_3efbe3e5ff36
10.0,tabulate,validators,120,0.6172,False,False,5000,0,13,source,mut_3f8a2adaee1c
10.0,tabulate,validators,120,0.5961,False,False,5000,0,14,source,mut_3fc83c229263
10.0,tabulate,validators,120,0.2227,False,False,5000,0,15,source,mut_40b111a0ea20
10.0,tabulate,validators,120,0.2239,False,False,5000,0,16,source,mut_4194c4a4dfe6
10.0,tabulate,validators,120,0.2217,False,False,5000,0,17,source,mut_41fa99991f0b
10.0,tabulate,validators,120,0.2296,False,False,5000,0,18,source,mut_4384a219c955
10.0,tabulate,validators,120,0.4647,False,False,5000,0,19,source,mut_43bcabda2c1c
10.0,tabulate,validators,120,0.2296,False,False,5000,0,20,source,mut_457012a4d98c
10.0,tabulate,validators,120,0.2152,False,False,5000,0,21,source,mut_485192f8feb7
10.0,tabulate,validators,120,0.2173,False,False,5000,0,22,source,mut_4bd59480cc4f
10.0,tabulate,validators,120,0.226,False,False,5000,0,23,source,mut_4cddc602efff
10.0,tabulate,validators,120,0.2343,False,False,5000,0,24,source,mut_4d373729c558
10.0,tabulate,validators,120,0.4945,False,False,5000,0,25,source,mut_4d3c42537ccd
10.0,tabulate,validators,120,0.2421,False,False,5000,0,26,source,mut_4f5f9a062b32
10.0,tabulate,validators,120,0.2422,False,False,5000,0,27,source,mut_50802d486d65
10.0,tabulate,validators,120,0.0453,False,False,5000,0,28,source,mut_5178b3c4bcef
10.0,tabulate,validators,120,0.2343,False,False,5000,0,29,source,mut_526f4add9f2a
10.0,tabulate,validators,120,0.2484,False,False,5000,0,30,source,mut_52744975db96
10.0,tabulate,validators,120,0.2433,False,False,5000,0,31,source,mut_52d3d84c77f0
10.0,tabulate,validators,120,0.2451,False,False,5000,0,32,source,mut_55889f174052
10.0,tabulate,validators,120,0.2445,False,False,5000,0,33,source,mut_55ad4af114d8
10.0,tabulate,validators,120,0.0708,False,False,5000,0,34,source,mut_56245a077a9f
10.0,tabulate,validators,120,0.2479,False,False,5000,0,35,source,mut_562d394e9f72
10.0,tabulate,validators,120,0.4053,False,False,5000,0,36,source,mut_57d0c9cb114e
10.0,tabulate,validators,120,0.2444,False,False,5000,0,37,source,mut_58305a6f4eb2
10.0,tabulate,validators,120,0.3278,False,False,5000,0,38,source,mut_58c9743489d6
10.0,tabulate,validators,120,0.2591,False,False,5000,0,39,source,mut_5abe2e3e882c
10.0,tabulate,validators,120,0.0637,False,False,5000,0,40,source,mut_5c1b5c05a7d5
10.0,tabulate,validators,120,0.351,False,False,5000,0,41,source,mut_5d39580f9286
10.0,tabulate,validators,120,0.2466,False,False,5000,0,42,source,mut_5e3e2fd199aa
10.0,tabulate,validators,120,0.2494,False,False,5000,0,43,source,mut_6078fe15ed24
10.0,tabulate,validators,120,0.5562,False,False,5000,0,44,source,mut_61eea6c5ca38
10.0,tabulate,validators,120,0.2342,False,False,5000,0,45,source,mut_63a7dbc5cfb4
10.0,tabulate,validators,120,0.2243,False,False,5000,0,46,source,mut_65f9a94d5de9
10.0,tabulate,validators,120,0.2455,False,False,5000,0,47,source,mut_66749e506a20
10.0,tabulate,validators,120,0.2454,False,False,5000,0,48,source,mut_66dc922fc183
10.0,tabulate,validators,120,0.5942,False,False,5000,0,49,source,mut_6706ca197df4
10.0,tabulate,validators,120,0.2307,False,False,5000,0,50,source,mut_683996bdd811
10.0,tabulate,validators,120,0.4329,False,False,5000,0,51,source,mut_68ec67ac89e4
10.0,tabulate,validators,120,0.6083,False,False,5000,0,52,source,mut_69467f2af28e
10.0,tabulate,validators,120,0.3442,False,False,5000,0,53,source,mut_69f7a0487a31
10.0,tabulate,validators,120,0.0827,False,False,5000,0,54,source,mut_6aabac65417d
10.0,tabulate,validators,120,0.2274,False,False,5000,0,55,source,mut_6b6d9a306e87
10.0,tabulate,validators,120,0.2277,False,False,5000,0,56,source,mut_6be766ffae3e
10.0,tabulate,validators,120,0.579,False,False,5000,0,57,source,mut_6c3722313f43
10.0,tabulate,validators,120,0.2299,False,False,5000,0,58,source,mut_6c389af055e7
10.0,tabulate,validators,120,0.4015,False,False,5000,0,59,source,mut_6ca07ddd644b
10.0,tabulate,validators,120,0.2311,False,False,5000,0,60,source,mut_6dfb599fc04e
10.0,tabulate,validators,120,0.2312,False,False,5000,0,61,source,mut_6ee34073c9da
10.0,tabulate,validators,120,0.0631,False,False,5000,0,62,source,mut_6f1c5b362cb6
10.0,tabulate,validators,120,0.4753,False,False,5000,0,63,source,mut_7206f44e82b9
10.0,tabulate,validators,120,0.2255,False,False,5000,0,64,source,mut_726a1e3349be
10.0,tabulate,validators,120,0.236,False,False,5000,0,65,source,mut_728a1c133c64
10.0,tabulate,validators,120,0.4213,False,False,5000,0,66,source,mut_73c5ea89e51f
10.0,tabulate,validators,120,0.2525,False,False,5000,0,67,source,mut_74d7ef899586
10.0,tabulate,validators,120,0.2308,False,False,5000,0,68,source,mut_75f9a0f96be0
10.0,tabulate,validators,120,0.3898,False,False,5000,0,69,source,mut_771bdbf1556c
10.0,tabulate,validators,120,0.327,False,False,5000,0,70,source,mut_785ceb473257
10.0,tabulate,validators,120,0.2367,False,False,5000,0,71,source,mut_78e23d7106f2
10.0,tabulate,validators,120,0.099,False,False,5000,0,72,source,mut_797997904741
10.0,tabulate,validators,120,0.3361,False,False,5000,0,73,source,mut_7af923a5072e
10.0,tabulate,validators,120,0.2376,False,False,5000,0,74,source,mut_7c286298a8cf
10.0,tabulate,validators,120,0.2326,False,False,5000,0,75,source,mut_7c5fdede9d4c
10.0,tabulate,validators,120,0.2367,False,False,5000,0,76,source,mut_7cc98fec983c
10.0,tabulate,validators,120,0.2423,False,False,5000,0,77,source,mut_7d31ed51251a
10.0,tabulate,validators,120,0.0678,False,False,5000,0,78,source,mut_7ef06352d3a7
10.0,tabulate,validators,120,0.2408,False,False,5000,0,79,source,mut_80615b5b7282
10.0,tabulate,validators,120,0.3121,False,False,5000,0,80,source,mut_811487a68c5d
10.0,tabulate,validators,120,0.2351,False,False,5000,0,81,source,mut_8181a2f82da7
10.0,tabulate,validators,120,0.25,False,False,5000,0,82,source,mut_88b12601c6b4
10.0,tabulate,validators,120,0.2426,False,False,5000,0,83,source,mut_89568a9687b8
10.0,tabulate,validators,120,0.2419,False,False,5000,0,84,source,mut_8a98ecc1d2d4
10.0,tabulate,validators,120,0.2425,False,False,5000,0,85,source,mut_8c4aaa0e41ce
10.0,tabulate,validators,120,0.2468,False,False,5000,0,86,source,mut_8c608518a181
10.0,tabulate,validators,120,0.2432,False,False,5000,0,87,source,mut_8c786843757a
10.0,tabulate,validators,120,0.24,False,False,5000,0,88,source,mut_8cf7bb535c6a
10.0,tabulate,validators,120,0.3268,False,False,5000,0,89,source,mut_8d903b6b05a3
10.0,tabulate,validators,120,0.0863,False,False,5000,0,90,source,mut_8f3048c9fdb7
10.0,tabulate,validators,120,0.2516,False,False,5000,0,91,source,mut_921c9bdec666
10.0,tabulate,validators,120,0.3278,False,False,5000,0,92,source,mut_92feb5abd563
10.0,tabulate,validators,120,0.2406,False,False,5000,0,93,source,mut_932e7cda0930
10.0,tabulate,validators,120,0.2434,False,False,5000,0,94,source,mut_93ab546ac587
10.0,tabulate,validators,120,0.2362,False,False,5000,0,95,source,mut_9425e56c8f32
10.0,tabulate,validators,120,0.459,False,False,5000,0,96,source,mut_95e0ba25ca32
10.0,tabulate,validators,120,0.2388,False,False,5000,0,97,source,mut_999907b4c7a6
10.0,tabulate,validators,120,0.5017,False,False,5000,0,98,source,mut_9b7d45f02538
10.0,tabulate,validators,120,0.2398,False,False,5000,0,99,source,mut_9cb5320581a3
10.0,tabulate,validators,120,0.2361,False,False,5000,0,100,source,mut_9de10da28138
10.0,tabulate,validators,120,0.2368,False,False,5000,0,101,source,mut_9e01564fb2ab
10.0,tabulate,validators,120,0.2368,False,False,5000,0,102,source,mut_9e6ff70ad808
10.0,tabulate,validators,120,0.2651,False,False,5000,0,103,source,mut_a1a4182595b1
10.0,tabulate,validators,120,0.2368,False,False,5000,0,104,source,mut_a241047a443f
10.0,tabulate,validators,120,0.2504,False,False,5000,0,105,source,mut_a2b65cfb3d3a
10.0,tabulate,validators,120,0.2424,False,False,5000,0,106,source,mut_a63f710c92d1
10.0,tabulate,validators,120,0.2465,False,False,5000,0,107,source,mut_a67051d78031
10.0,tabulate,validators,120,0.2438,False,False,5000,0,108,source,mut_aa7f0f34b10d
10.0,tabulate,validators,120,0.441,False,False,5000,0,109,source,mut_aafb68a62b09
10.0,tabulate,validators,120,0.0557,False,False,5000,0,110,source,mut_ab09c49fd53a
10.0,tabulate,validators,120,0.4615,False,False,5000,0,111,source,mut_ab58be0bb8c2
10.0,tabulate,validators,120,0.2424,False,False,5000,0,112,source,mut_ad33877f23bb
10.0,tabulate,validators,120,0.2624,False,False,5000,0,113,source,mut_ae36e3d9e7f6
10.0,tabulate,validators,120,0.2414,False,False,5000,0,114,source,mut_b07810dc98f4
10.0,tabulate,validators,120,0.2467,False,False,5000,0,115,source,mut_b0ff2a65ff0d
10.0,tabulate,validators,120,0.2373,False,False,5000,0,116,source,mut_b2a32bf545ca
10.0,tabulate,validators,120,0.2357,False,False,5000,0,117,source,mut_b5768671456c
10.0,tabulate,validators,120,0.2484,False,False,5000,0,118,source,mut_b688877f7d5c
10.0,tabulate,validators,120,0.2424,False,False,5000,0,119,source,mut_b6a2085614f1
10.0,tabulate,validators,120,0.1695,False,False,5000,0,120,target,mut_001b988525ce
10.0,tabulate,validators,120,0.0332,False,False,5000,0,121,target,mut_0050ec50d7f6
10.0,tabulate,validators,120,0.0291,False,False,5000,0,122,target,mut_0151fb65ff25
10.0,tabulate,validators,120,0.0278,False,False,5000,0,123,target,mut_01a12dc9938d
10.0,tabulate,validators,120,0.0393,False,False,5000,0,124,target,mut_01a42bc76525
10.0,tabulate,validators,120,0.028,False,False,5000,0,125,target,mut_01b58447823e
10.0,tabulate,validators,120,0.0336,False,False,5000,0,126,target,mut_023a8f13b446
10.0,tabulate,validators,120,0.0389,False,False,5000,0,127,target,mut_026fd25fc412
10.0,tabulate,validators,120,0.0246,False,False,5000,0,128,target,mut_02c592edc150
10.0,tabulate,validators,120,0.0246,False,False,5000,0,129,target,mut_03246c80d914
10.0,tabulate,validators,120,0.0208,False,False,5000,0,130,target,mut_06c55d30e1cb
10.0,tabulate,validators,120,0.0302,False,False,5000,0,131,target,mut_06ef31fddfdd
10.0,tabulate,validators,120,0.0201,False,False,5000,0,132,target,mut_07b921225588
10.0,tabulate,validators,120,0.0231,False,False,5000,0,133,target,mut_0824a54d85d5
10.0,tabulate,validators,120,0.0229,False,False,5000,0,134,target,mut_094b75585191
10.0,tabulate,validators,120,0.0385,False,False,5000,0,135,target,mut_0a400a1d1f2e
10.0,tabulate,validators,120,0.0402,False,False,5000,0,136,target,mut_0b8fa6e03d72
10.0,tabulate,validators,120,0.0545,False,False,5000,0,137,target,mut_0c8cf609b6a9
10.0,tabulate,validators,120,0.0375,False,False,5000,0,138,target,mut_0fe60d4211b3
10.0,tabulate,validators,120,0.0384,False,False,5000,0,139,target,mut_109e58907214
10.0,tabulate,validators,120,0.0206,False,False,5000,0,140,target,mut_10d02430144a
10.0,tabulate,validators,120,0.0312,False,False,5000,0,141,target,mut_1194944ee0a0
10.0,tabulate,validators,120,0.0364,False,False,5000,0,142,target,mut_126f999cbf80
10.0,tabulate,validators,120,0.0409,False,False,5000,0,143,target,mut_134c76afce8c
10.0,tabulate,validators,120,0.0213,False,False,5000,0,144,target,mut_13ffada5a316
10.0,tabulate,validators,120,0.0234,False,False,5000,0,145,target,mut_141193d2b654
10.0,tabulate,validators,120,0.0222,False,False,5000,0,146,target,mut_16383dcdb31c
10.0,tabulate,validators,120,0.0332,False,False,5000,0,147,target,mut_166a946c500f
10.0,tabulate,validators,120,0.0326,False,False,5000,0,148,target,mut_1a70d67d835f
10.0,tabulate,validators,120,0.04,False,False,5000,0,149,target,mut_1a89bab39aee
10.0,tabulate,validators,120,0.1738,False,False,5000,0,150,target,mut_1a9410854252
10.0,tabulate,validators,120,0.0258,False,False,5000,0,151,target,mut_1aa5729f476d
10.0,tabulate,validators,120,0.0284,False,False,5000,0,152,target,mut_1de5686af8b8
10.0,tabulate,validators,120,0.0342,False,False,5000,0,153,target,mut_1f45b57e6554
10.0,tabulate,validators,120,0.0295,False,False,5000,0,154,target,mut_1f47e8bb3664
10.0,tabulate,validators,120,0.0295,False,False,5000,0,155,target,mut_1f9c7d81a427
10.0,tabulate,validators,120,0.031,False,False,5000,0,156,target,mut_20fb6937abce
10.0,tabulate,validators,120,0.0382,False,False,5000,0,157,target,mut_2317c2a229ce
10.0,tabulate,validators,120,0.0243,False,False,5000,0,158,target,mut_27ec4b9275fd
10.0,tabulate,validators,120,0.0272,False,False,5000,0,159,target,mut_285f5b886dd5
10.0,tabulate,validators,120,0.032,False,False,5000,0,160,target,mut_289f57866ae7
10.0,tabulate,validators,120,0.0335,False,False,5000,0,161,target,mut_2901fb77a5d5
10.0,tabulate,validators,120,0.0263,False,False,5000,0,162,target,mut_29ccdf85d582
10.0,tabulate,validators,120,0.0214,False,False,5000,0,163,target,mut_2a92b8d95ee8
10.0,tabulate,validators,120,0.035,False,False,5000,0,164,target,mut_2ad0e4dafa3b
10.0,tabulate,validators,120,0.0367,False,False,5000,0,165,target,mut_2cdea7c4328e
10.0,tabulate,validators,120,0.0226,False,False,5000,0,166,target,mut_2d0a27e2afa6
10.0,tabulate,validators,120,0.0253,False,False,5000,0,167,target,mut_2d8d84c4d455
10.0,tabulate,validators,120,0.0333,False,False,5000,0,168,target,mut_30a7d491f32f
10.0,tabulate,validators,120,0.0371,False,False,5000,0,169,target,mut_30e86d697433
10.0,tabulate,validators,120,0.0335,False,False,5000,0,170,target,mut_36c2d446fe15
10.0,tabulate,validators,120,0.0265,False,False,5000,0,171,target,mut_36e292ffc3ef
10.0,tabulate,validators,120,0.0373,False,False,5000,0,172,target,mut_3774cdaf370e
10.0,tabulate,validators,120,0.0353,False,False,5000,0,173,target,mut_3928233dbdcc
10.0,tabulate,validators,120,0.0332,False,False,5000,0,174,target,mut_395f1ab98b35
10.0,tabulate,validators,120,0.0342,False,False,5000,0,175,target,mut_39be6b85e7ee
10.0,tabulate,validators,120,0.0256,False,False,5000,0,176,target,mut_3a5ca7649694
10.0,tabulate,validators,120,0.0242,False,False,5000,0,177,target,mut_3dcec3ec759c
10.0,tabulate,validators,120,0.0203,False,False,5000,0,178,target,mut_3dd0386d5f78
10.0,tabulate,validators,120,0.0476,False,False,5000,0,179,target,mut_3e4a582a3a2b
10.0,tabulate,validators,120,0.0283,False,False,5000,0,180,target,mut_3e739b7fe6fc
10.0,tabulate,validators,120,0.0357,False,False,5000,0,181,target,mut_3fd09fd69732
10.0,tabulate,validators,120,0.0332,False,False,5000,0,182,target,mut_41b88e094971
10.0,tabulate,validators,120,0.0433,False,False,5000,0,183,target,mut_428e29ee962b
10.0,tabulate,validators,120,0.0331,False,False,5000,0,184,target,mut_4426be1f5b7d
10.0,tabulate,validators,120,0.0331,False,False,5000,0,185,target,mut_44819cc538eb
10.0,tabulate,validators,120,0.0262,False,False,5000,0,186,target,mut_453957b0c500
10.0,tabulate,validators,120,0.0305,False,False,5000,0,187,target,mut_4584024a2a86
10.0,tabulate,validators,120,0.0324,False,False,5000,0,188,target,mut_47d744973bf5
10.0,tabulate,validators,120,0.0302,False,False,5000,0,189,target,mut_4ab43ceb3983
10.0,tabulate,validators,120,0.0381,False,False,5000,0,190,target,mut_4aed3bddcc61
10.0,tabulate,validators,120,0.0241,False,False,5000,0,191,target,mut_4b34fe7f59f8
10.0,tabulate,validators,120,0.0408,False,False,5000,0,192,target,mut_4c85d54acda3
10.0,tabulate,validators,120,0.0318,False,False,5000,0,193,target,mut_4cc6f0bf5261
10.0,tabulate,validators,120,0.0326,False,False,5000,0,194,target,mut_4d12f9bffa5f
10.0,tabulate,validators,120,0.0325,False,False,5000,0,195,target,mut_4d42ec13aec8
10.0,tabulate,validators,120,0.0363,False,False,5000,0,196,target,mut_4e55dc8c2d32
10.0,tabulate,validators,120,0.0362,False,False,5000,0,197,target,mut_4ed941e580f6
10.0,tabulate,validators,120,0.03,False,False,5000,0,198,target,mut_505bd34e9c8d
10.0,tabulate,validators,120,0.1264,False,False,5000,0,199,target,mut_52c53bfdad3f
10.0,tabulate,validators,120,0.023,False,False,5000,0,200,target,mut_533d36268a8c
10.0,tabulate,validators,120,0.0481,False,False,5000,0,201,target,mut_5492b61f4a33
10.0,tabulate,validators,120,0.0313,False,False,5000,0,202,target,mut_561578945597
10.0,tabulate,validators,120,0.0344,False,False,5000,0,203,target,mut_575f8abb0cc1
10.0,tabulate,validators,120,0.0252,False,False,5000,0,204,target,mut_59db72f424fa
10.0,tabulate,validators,120,0.0393,False,False,5000,0,205,target,mut_59e1449d4175
10.0,tabulate,validators,120,0.0284,False,False,5000,0,206,target,mut_5b96aab3b716
10.0,tabulate,validators,120,0.0356,False,False,5000,0,207,target,mut_5bb558d9b7f1
10.0,tabulate,validators,120,0.0404,False,False,5000,0,208,target,mut_5d6c202373bf
10.0,tabulate,validators,120,0.0311,False,False,5000,0,209,target,mut_5fdb6c75ba1b
10.0,tabulate,validators,120,0.0328,False,False,5000,0,210,target,mut_60097c426393
10.0,tabulate,validators,120,0.0349,False,False,5000,0,211,target,mut_631b9ca41a84
10.0,tabulate,validators,120,0.0457,False,False,5000,0,212,target,mut_63364a85d8b3
10.0,tabulate,validators,120,0.0434,False,False,5000,0,213,target,mut_63f77ca240ed
10.0,tabulate,validators,120,0.0324,False,False,5000,0,214,target,mut_6543eba7d306
10.0,tabulate,validators,120,0.0302,False,False,5000,0,215,target,mut_666d29aa1353
10.0,tabulate,validators,120,0.0492,False,False,5000,0,216,target,mut_674f92c64e7a
10.0,tabulate,validators,120,0.0406,False,False,5000,0,217,target,mut_67c4217fd609
10.0,tabulate,validators,120,0.0288,False,False,5000,0,218,target,mut_680a2363c4c8
10.0,tabulate,validators,120,0.05,False,False,5000,0,219,target,mut_6a3eb59c025d
10.0,tabulate,validators,120,0.0225,False,False,5000,0,220,target,mut_6cbf02918859
10.0,tabulate,validators,120,0.0468,False,False,5000,0,221,target,mut_6e600cedd9bc
10.0,tabulate,validators,120,0.0226,False,False,5000,0,222,target,mut_6ed5f0ff4947
10.0,tabulate,validators,120,0.0468,False,False,5000,0,223,target,mut_6f7aa3e309c5
10.0,tabulate,validators,120,0.0414,False,False,5000,0,224,target,mut_6f927eb2c6a3
10.0,tabulate,validators,120,0.1057,False,False,5000,0,225,target,mut_714e0600922e
10.0,tabulate,validators,120,0.0447,False,False,5000,0,226,target,mut_71a35d67c468
10.0,tabulate,validators,120,0.046,False,False,5000,0,227,target,mut_72564fffeb22
10.0,tabulate,validators,120,0.0431,False,False,5000,0,228,target,mut_72e8b501e2f7
10.0,tabulate,validators,120,0.0262,False,False,5000,0,229,target,mut_731b7e032dbf
10.0,tabulate,validators,120,0.0346,False,False,5000,0,230,target,mut_73748398dc44
10.0,tabulate,validators,120,0.0374,False,False,5000,0,231,target,mut_73d6163b93ca
10.0,tabulate,validators,120,0.0332,False,False,5000,0,232,target,mut_75464f8634f2
10.0,tabulate,validators,120,0.0387,False,False,5000,0,233,target,mut_75a622bca676
10.0,tabulate,validators,120,0.1139,False,False,5000,0,234,target,mut_776e97ff8166
10.0,tabulate,validators,120,0.0391,False,False,5000,0,235,target,mut_793525131c6b
10.0,tabulate,validators,120,0.0363,False,False,5000,0,236,target,mut_793ea7b426d8
10.0,tabulate,validators,120,0.045,False,False,5000,0,237,target,mut_794b20d97c83
10.0,tabulate,validators,120,0.0429,False,False,5000,0,238,target,mut_813f338b5985
10.0,tabulate,validators,120,0.1295,False,False,5000,0,239,target,mut_81ac38131bac
10.0,validators,pathspec,120,0.0646,False,False,5000,0,0,source,mut_289f57866ae7
10.0,validators,pathspec,120,0.0221,False,False,5000,0,1,source,mut_2901fb77a5d5
10.0,validators,pathspec,120,0.0297,False,False,5000,0,2,source,mut_29ccdf85d582
10.0,validators,pathspec,120,0.0214,False,False,5000,0,3,source,mut_2a92b8d95ee8
10.0,validators,pathspec,120,0.0682,False,False,5000,0,4,source,mut_2ad0e4dafa3b
10.0,validators,pathspec,120,0.0383,False,False,5000,0,5,source,mut_2cdea7c4328e
10.0,validators,pathspec,120,0.0243,False,False,5000,0,6,source,mut_2d0a27e2afa6
10.0,validators,pathspec,120,0.0331,False,False,5000,0,7,source,mut_2d8d84c4d455
10.0,validators,pathspec,120,0.0241,False,False,5000,0,8,source,mut_30a7d491f32f
10.0,validators,pathspec,120,0.0282,False,False,5000,0,9,source,mut_30e86d697433
10.0,validators,pathspec,120,0.0277,False,False,5000,0,10,source,mut_36c2d446fe15
10.0,validators,pathspec,120,0.0808,False,False,5000,0,11,source,mut_36e292ffc3ef
10.0,validators,pathspec,120,0.0434,False,False,5000,0,12,source,mut_3774cdaf370e
10.0,validators,pathspec,120,0.0478,False,False,5000,0,13,source,mut_3928233dbdcc
10.0,validators,pathspec,120,0.0268,False,False,5000,0,14,source,mut_395f1ab98b35
10.0,validators,pathspec,120,0.0305,False,False,5000,0,15,source,mut_39be6b85e7ee
10.0,validators,pathspec,120,0.0339,False,False,5000,0,16,source,mut_3a5ca7649694
10.0,validators,pathspec,120,0.037,False,False,5000,0,17,source,mut_3dcec3ec759c
10.0,validators,pathspec,120,0.0258,False,False,5000,0,18,source,mut_3dd0386d5f78
10.0,validators,pathspec,120,0.0355,False,False,5000,0,19,source,mut_3e4a582a3a2b
10.0,validators,pathspec,120,0.0329,False,False,5000,0,20,source,mut_3e739b7fe6fc
10.0,validators,pathspec,120,0.0399,False,False,5000,0,21,source,mut_3fd09fd69732
10.0,validators,pathspec,120,0.0298,False,False,5000,0,22,source,mut_41b88e094971
10.0,validators,pathspec,120,0.0459,False,False,5000,0,23,source,mut_428e29ee962b
10.0,validators,pathspec,120,0.0263,False,False,5000,0,24,source,mut_4426be1f5b7d
10.0,validators,pathspec,120,0.0349,False,False,5000,0,25,source,mut_44819cc538eb
10.0,validators,pathspec,120,0.1019,False,False,5000,0,26,source,mut_453957b0c500
10.0,validators,pathspec,120,0.0224,False,False,5000,0,27,source,mut_4584024a2a86
10.0,validators,pathspec,120,0.0244,False,False,5000,0,28,source,mut_47d744973bf5
10.0,validators,pathspec,120,0.061,False,False,5000,0,29,source,mut_4ab43ceb3983
10.0,validators,pathspec,120,0.0358,False,False,5000,0,30,source,mut_4aed3bddcc61
10.0,validators,pathspec,120,0.0229,False,False,5000,0,31,source,mut_4b34fe7f59f8
10.0,validators,pathspec,120,0.0307,False,False,5000,0,32,source,mut_4c85d54acda3
10.0,validators,pathspec,120,0.0224,False,False,5000,0,33,source,mut_4cc6f0bf5261
10.0,validators,pathspec,120,0.0241,False,False,5000,0,34,source,mut_4d12f9bffa5f
10.0,validators,pathspec,120,0.0234,False,False,5000,0,35,source,mut_4d42ec13aec8
10.0,validators,pathspec,120,0.0365,False,False,5000,0,36,source,mut_4e55dc8c2d32
10.0,validators,pathspec,120,0.0239,False,False,5000,0,37,source,mut_4ed941e580f6
10.0,validators,pathspec,120,0.0214,False,False,5000,0,38,source,mut_505bd34e9c8d
10.0,validators,pathspec,120,0.1298,False,False,5000,0,39,source,mut_52c53bfdad3f
10.0,validators,pathspec,120,0.0558,False,False,5000,0,40,source,mut_533d36268a8c
10.0,validators,pathspec,120,0.0226,False,False,5000,0,41,source,mut_5492b61f4a33
10.0,validators,pathspec,120,0.0219,False,False,5000,0,42,source,mut_561578945597
10.0,validators,pathspec,120,0.0387,False,False,5000,0,43,source,mut_575f8abb0cc1
10.0,validators,pathspec,120,0.0277,False,False,5000,0,44,source,mut_59db72f424fa
10.0,validators,pathspec,120,0.0266,False,False,5000,0,45,source,mut_59e1449d4175
10.0,validators,pathspec,120,0.0269,False,False,5000,0,46,source,mut_5b96aab3b716
10.0,validators,pathspec,120,0.0381,False,False,5000,0,47,source,mut_5bb558d9b7f1
10.0,validators,pathspec,120,0.0393,False,False,5000,0,48,source,mut_5d6c202373bf
10.0,validators,pathspec,120,0.022,False,False,5000,0,49,source,mut_5fdb6c75ba1b
10.0,validators,pathspec,120,0.0214,False,False,5000,0,50,source,mut_60097c426393
10.0,validators,pathspec,120,0.0414,False,False,5000,0,51,source,mut_631b9ca41a84
10.0,validators,pathspec,120,0.0228,False,False,5000,0,52,source,mut_63364a85d8b3
10.0,validators,pathspec,120,0.0316,False,False,5000,0,53,source,mut_63f77ca240ed
10.0,validators,pathspec,120,0.0601,False,False,5000,0,54,source,mut_6543eba7d306
10.0,validators,pathspec,120,0.0201,False,False,5000,0,55,source,mut_666d29aa1353
10.0,validators,pathspec,120,0.0239,False,False,5000,0,56,source,mut_674f92c64e7a
10.0,validators,pathspec,120,0.0277,False,False,5000,0,57,source,mut_67c4217fd609
10.0,validators,pathspec,120,0.0289,False,False,5000,0,58,source,mut_680a2363c4c8
10.0,validators,pathspec,120,0.0246,False,False,5000,0,59,source,mut_6a3eb59c025d
10.0,validators,pathspec,120,0.061,False,False,5000,0,60,source,mut_6cbf02918859
10.0,validators,pathspec,120,0.0206,False,False,5000,0,61,source,mut_6e600cedd9bc
10.0,validators,pathspec,120,0.0216,False,False,5000,0,62,source,mut_6ed5f0ff4947
10.0,validators,pathspec,120,0.0206,False,False,5000,0,63,source,mut_6f7aa3e309c5
10.0,validators,pathspec,120,0.0222,False,False,5000,0,64,source,mut_6f927eb2c6a3
10.0,validators,pathspec,120,0.106,False,False,5000,0,65,source,mut_714e0600922e
10.0,validators,pathspec,120,0.0214,False,False,5000,0,66,source,mut_71a35d67c468
10.0,validators,pathspec,120,0.093,False,False,5000,0,67,source,mut_72564fffeb22
10.0,validators,pathspec,120,0.0384,False,False,5000,0,68,source,mut_72e8b501e2f7
10.0,validators,pathspec,120,0.0235,False,False,5000,0,69,source,mut_731b7e032dbf
10.0,validators,pathspec,120,0.035,False,False,5000,0,70,source,mut_73748398dc44
10.0,validators,pathspec,120,0.0855,False,False,5000,0,71,source,mut_73d6163b93ca
10.0,validators,pathspec,120,0.0549,False,False,5000,0,72,source,mut_75464f8634f2
10.0,validators,pathspec,120,0.0401,False,False,5000,0,73,source,mut_75a622bca676
10.0,validators,pathspec,120,0.1069,False,False,5000,0,74,source,mut_776e97ff8166
10.0,validators,pathspec,120,0.0261,False,False,5000,0,75,source,mut_793525131c6b
10.0,validators,pathspec,120,0.0293,False,False,5000,0,76,source,mut_793ea7b426d8
10.0,validators,pathspec,120,0.0183,False,False,5000,0,77,source,mut_794b20d97c83
10.0,validators,pathspec,120,0.0254,False,False,5000,0,78,source,mut_813f338b5985
10.0,validators,pathspec,120,0.1151,False,False,5000,0,79,source,mut_81ac38131bac
10.0,validators,pathspec,120,0.0272,False,False,5000,0,80,source,mut_838c3bdd1f58
10.0,validators,pathspec,120,0.0339,False,False,5000,0,81,source,mut_847b15bfdda6
10.0,validators,pathspec,120,0.0567,False,False,5000,0,82,source,mut_84e0d10594e1
10.0,validators,pathspec,120,0.0256,False,False,5000,0,83,source,mut_8581be366750
10.0,validators,pathspec,120,0.0202,False,False,5000,0,84,source,mut_86f410eb6ca3
10.0,validators,pathspec,120,0.0323,False,False,5000,0,85,source,mut_871f51c5b640
10.0,validators,pathspec,120,0.0343,False,False,5000,0,86,source,mut_8804b1d19eb6
10.0,validators,pathspec,120,0.1127,False,False,5000,0,87,source,mut_88eac4dab581
10.0,validators,pathspec,120,0.087,False,False,5000,0,88,source,mut_899c2cb44109
10.0,validators,pathspec,120,0.1203,False,False,5000,0,89,source,mut_89d3e6a3ab26
10.0,validators,pathspec,120,0.1162,False,False,5000,0,90,source,mut_89e87ebc41d2
10.0,validators,pathspec,120,0.0317,False,False,5000,0,91,source,mut_8b739a475a3c
10.0,validators,pathspec,120,0.0676,False,False,5000,0,92,source,mut_8c4a95f3d471
10.0,validators,pathspec,120,0.0306,False,False,5000,0,93,source,mut_8cb6b9beec51
10.0,validators,pathspec,120,0.0601,False,False,5000,0,94,source,mut_8e913d78891b
10.0,validators,pathspec,120,0.0203,False,False,5000,0,95,source,mut_90656d0adbc2
10.0,validators,pathspec,120,0.0384,False,False,5000,0,96,source,mut_913b26921954
10.0,validators,pathspec,120,0.0624,False,False,5000,0,97,source,mut_915efbcdbbc4
10.0,validators,pathspec,120,0.0334,False,False,5000,0,98,source,mut_919ddde49884
10.0,validators,pathspec,120,0.0377,False,False,5000,0,99,source,mut_91f5aedf3372
10.0,validators,pathspec,120,0.0342,False,False,5000,0,100,source,mut_91ffe6d6fa41
10.0,validators,pathspec,120,0.0265,False,False,5000,0,101,source,mut_92415c8ed3fa
10.0,validators,pathspec,120,0.0244,False,False,5000,0,102,source,mut_94cee2c8847e
10.0,validators,pathspec,120,0.0325,False,False,5000,0,103,source,mut_96ddf7184ca4
10.0,validators,pathspec,120,0.0318,False,False,5000,0,104,source,mut_97d1014eb70f
10.0,validators,pathspec,120,0.128,False,False,5000,0,105,source,mut_97f85571aaf2
10.0,validators,pathspec,120,0.0251,False,False,5000,0,106,source,mut_989e7c951463
10.0,validators,pathspec,120,0.0346,False,False,5000,0,107,source,mut_98aa516e39a1
10.0,validators,pathspec,120,0.0242,False,False,5000,0,108,source,mut_999c0399e544
10.0,validators,pathspec,120,0.0252,False,False,5000,0,109,source,mut_9b30abde7a51
10.0,validators,pathspec,120,0.0381,False,False,5000,0,110,source,mut_9baa8e0b1105
10.0,validators,pathspec,120,0.0201,False,False,5000,0,111,source,mut_9bfc0d74569f
10.0,validators,pathspec,120,0.0185,False,False,5000,0,112,source,mut_9c91b6447fe3
10.0,validators,pathspec,120,0.0201,False,False,5000,0,113,source,mut_9dbe121ade48
10.0,validators,pathspec,120,0.0208,False,False,5000,0,114,source,mut_9e129b50a8e1
10.0,validators,pathspec,120,0.0245,False,False,5000,0,115,source,mut_9e7665c49799
10.0,validators,pathspec,120,0.0885,False,False,5000,0,116,source,mut_9fbf777b07c4
10.0,validators,pathspec,120,0.0506,False,False,5000,0,117,source,mut_a0b9f50cf520
10.0,validators,pathspec,120,0.049,False,False,5000,0,118,source,mut_a1543330de3c
10.0,validators,pathspec,120,0.0872,False,False,5000,0,119,source,mut_a3ad2a55ddaf
10.0,validators,pathspec,120,0.2758,False,False,5000,0,120,target,mut_00c265e970ea
10.0,validators,pathspec,120,0.2574,False,False,5000,0,121,target,mut_00c48ce16a2f
10.0,validators,pathspec,120,0.2574,False,False,5000,0,122,target,mut_01295249e722
10.0,validators,pathspec,120,0.4294,False,False,5000,0,123,target,mut_042cc4aaec00
10.0,validators,pathspec,120,0.3271,False,False,5000,0,124,target,mut_0537991382a1
10.0,validators,pathspec,120,0.0459,False,False,5000,0,125,target,mut_063037d34f5c
10.0,validators,pathspec,120,0.3711,False,False,5000,0,126,target,mut_08ca2ff2fd49
10.0,validators,pathspec,120,0.01,False,False,5000,0,127,target,mut_0c9c25505bf8
10.0,validators,pathspec,120,0.1551,False,False,5000,0,128,target,mut_0db0cae15629
10.0,validators,pathspec,120,0.0038,False,False,5000,0,129,target,mut_0df2fc80778c
10.0,validators,pathspec,120,0.036,False,False,5000,0,130,target,mut_0e1856ed9c82
10.0,validators,pathspec,120,0.0112,False,False,5000,0,131,target,mut_0e71bd8eeb9b
10.0,validators,pathspec,120,0.0112,False,False,5000,0,132,target,mut_0eae59124819
10.0,validators,pathspec,120,0.0256,False,False,5000,0,133,target,mut_103c57e8b52b
10.0,validators,pathspec,120,0.0142,False,False,5000,0,134,target,mut_105fd5984a08
10.0,validators,pathspec,120,0.1035,False,False,5000,0,135,target,mut_1077b8e04940
10.0,validators,pathspec,120,0.0084,False,False,5000,0,136,target,mut_11046ca225a1
10.0,validators,pathspec,120,0.0341,False,False,5000,0,137,target,mut_129b5a0395cd
10.0,validators,pathspec,120,0.0104,False,False,5000,0,138,target,mut_12b50720c6b0
10.0,validators,pathspec,120,0.0148,False,False,5000,0,139,target,mut_12f0655255ff
10.0,validators,pathspec,120,0.0099,False,False,5000,0,140,target,mut_13b2c5018f00
10.0,validators,pathspec,120,0.0173,False,False,5000,0,141,target,mut_16156a06d3b2
10.0,validators,pathspec,120,0.0533,False,False,5000,0,142,target,mut_16562207f831
10.0,validators,pathspec,120,0.0036,False,False,5000,0,143,target,mut_169756297ddb
10.0,validators,pathspec,120,0.0078,False,False,5000,0,144,target,mut_174744bfd65b
10.0,validators,pathspec,120,0.477,False,False,5000,0,145,target,mut_17b5b3e7586c
10.0,validators,pathspec,120,0.1376,False,False,5000,0,146,target,mut_181f3c338c4f
10.0,validators,pathspec,120,0.032,False,False,5000,0,147,target,mut_1837836f5018
10.0,validators,pathspec,120,0.0141,False,False,5000,0,148,target,mut_1871f18e8955
10.0,validators,pathspec,120,0.0437,False,False,5000,0,149,target,mut_18b46aa31898
10.0,validators,pathspec,120,0.1033,False,False,5000,0,150,target,mut_19b3c964fc12
10.0,validators,pathspec,120,0.0051,False,False,5000,0,151,target,mut_1b180004feb5
10.0,validators,pathspec,120,0.0051,False,False,5000,0,152,target,mut_1dcbe1f01b7b
10.0,validators,pathspec,120,0.0051,False,False,5000,0,153,target,mut_2034d433ac40
10.0,validators,pathspec,120,0.0149,False,False,5000,0,154,target,mut_230e632c5e55
10.0,validators,pathspec,120,0.4457,False,False,5000,0,155,target,mut_247ddadc59f1
10.0,validators,pathspec,120,0.1941,False,False,5000,0,156,target,mut_24a9efd7a4ab
10.0,validators,pathspec,120,0.0074,False,False,5000,0,157,target,mut_24e47521abf2
10.0,validators,pathspec,120,0.0072,False,False,5000,0,158,target,mut_268ef88dd929
10.0,validators,pathspec,120,0.0141,False,False,5000,0,159,target,mut_26be5e5ea9b6
10.0,validators,pathspec,120,0.4898,False,False,5000,0,160,target,mut_271a88b94f2a
10.0,validators,pathspec,120,0.1741,False,False,5000,0,161,target,mut_273b59fab021
10.0,validators,pathspec,120,0.2776,False,False,5000,0,162,target,mut_27531e910b3c
10.0,validators,pathspec,120,0.0052,False,False,5000,0,163,target,mut_2772e8b27f7f
10.0,validators,pathspec,120,0.0552,False,False,5000,0,164,target,mut_29db292771c0
10.0,validators,pathspec,120,0.2607,False,False,5000,0,165,target,mut_2a46d9d58366
10.0,validators,pathspec,120,0.0704,False,False,5000,0,166,target,mut_2a4800141334
10.0,validators,pathspec,120,0.0083,False,False,5000,0,167,target,mut_2aad23831dd3
10.0,validators,pathspec,120,0.0083,False,False,5000,0,168,target,mut_2b23de3aacc0
10.0,validators,pathspec,120,0.086,False,False,5000,0,169,target,mut_2c26ae5c9de4
10.0,validators,pathspec,120,0.0239,False,False,5000,0,170,target,mut_2ddbc9596010
10.0,validators,pathspec,120,0.0985,False,False,5000,0,171,target,mut_2eb63ee45454
10.0,validators,pathspec,120,0.0188,False,False,5000,0,172,target,mut_2ec8e80960f0
10.0,validators,pathspec,120,0.0137,False,False,5000,0,173,target,mut_3082e187b8ef
10.0,validators,pathspec,120,0.0085,False,False,5000,0,174,target,mut_31f518d1d40a
10.0,validators,pathspec,120,0.0188,False,False,5000,0,175,target,mut_320e16630e8d
10.0,validators,pathspec,120,0.0144,False,False,5000,0,176,target,mut_320f1bbd9777
10.0,validators,pathspec,120,0.0086,False,False,5000,0,177,target,mut_3435678f3d1f
10.0,validators,pathspec,120,0.0086,False,False,5000,0,178,target,mut_34de7097f517
10.0,validators,pathspec,120,0.0986,False,False,5000,0,179,target,mut_36ed19b50bb6
10.0,validators,pathspec,120,0.1018,False,False,5000,0,180,target,mut_38e31a877c89
10.0,validators,pathspec,120,0.0345,False,False,5000,0,181,target,mut_3d9c3b57e236
10.0,validators,pathspec,120,0.0138,False,False,5000,0,182,target,mut_3e91be117447
10.0,validators,pathspec,120,0.1427,False,False,5000,0,183,target,mut_3f8d3853760f
10.0,validators,pathspec,120,0.0137,False,False,5000,0,184,target,mut_421ebecfcd7e
10.0,validators,pathspec,120,0.0137,False,False,5000,0,185,target,mut_427622f7a299
10.0,validators,pathspec,120,0.0085,False,False,5000,0,186,target,mut_431b67bbe621
10.0,validators,pathspec,120,0.0086,False,False,5000,0,187,target,mut_44b56e710faf
10.0,validators,pathspec,120,0.0137,False,False,5000,0,188,target,mut_45affd13a77a
10.0,validators,pathspec,120,0.1069,False,False,5000,0,189,target,mut_471432ae8885
10.0,validators,pathspec,120,0.0267,False,False,5000,0,190,target,mut_478be483b398
10.0,validators,pathspec,120,0.0624,False,False,5000,0,191,target,mut_4895293b4211
10.0,validators,pathspec,120,0.0081,False,False,5000,0,192,target,mut_48a4dc98589d
10.0,validators,pathspec,120,0.3185,False,False,5000,0,193,target,mut_4b178ce7b1ef
10.0,validators,pathspec,120,0.008,False,False,5000,0,194,target,mut_4b8753325a9a
10.0,validators,pathspec,120,0.0287,False,False,5000,0,195,target,mut_4bd9378efc44
10.0,validators,pathspec,120,0.0184,False,False,5000,0,196,target,mut_4bebc81d0582
10.0,validators,pathspec,120,0.0521,False,False,5000,0,197,target,mut_4cf8d68b4291
10.0,validators,pathspec,120,0.1478,False,False,5000,0,198,target,mut_4d1623ec4661
10.0,validators,pathspec,120,0.0261,False,False,5000,0,199,target,mut_4e8862e3cf3a
10.0,validators,pathspec,120,0.008,False,False,5000,0,200,target,mut_4f76f7f314d9
10.0,validators,pathspec,120,0.0861,False,False,5000,0,201,target,mut_4fdd8a6da136
10.0,validators,pathspec,120,0.0085,False,False,5000,0,202,target,mut_5089b607bf5d
10.0,validators,pathspec,120,0.0085,False,False,5000,0,203,target,mut_51b7548f6be4
10.0,validators,pathspec,120,0.0144,False,False,5000,0,204,target,mut_526e56868cea
10.0,validators,pathspec,120,0.2051,False,False,5000,0,205,target,mut_52a73d0e3ebe
10.0,validators,pathspec,120,0.024,False,False,5000,0,206,target,mut_57980718178c
10.0,validators,pathspec,120,0.0085,False,False,5000,0,207,target,mut_57b8d262b042
10.0,validators,pathspec,120,0.261,False,False,5000,0,208,target,mut_58050a99f914
10.0,validators,pathspec,120,0.0137,False,False,5000,0,209,target,mut_581dbb890a1d
10.0,validators,pathspec,120,0.1016,False,False,5000,0,210,target,mut_586d7fb49e4c
10.0,validators,pathspec,120,0.261,False,False,5000,0,211,target,mut_592bf6aa2871
10.0,validators,pathspec,120,0.0137,False,False,5000,0,212,target,mut_5c86363cc27b
10.0,validators,pathspec,120,0.0137,False,False,5000,0,213,target,mut_610480bcafb0
10.0,validators,pathspec,120,0.1429,False,False,5000,0,214,target,mut_61c1c1b6fb62
10.0,validators,pathspec,120,0.0052,False,False,5000,0,215,target,mut_62cc960809a5
10.0,validators,pathspec,120,0.0499,False,False,5000,0,216,target,mut_62faa507b1c3
10.0,validators,pathspec,120,0.081,False,False,5000,0,217,target,mut_63b475f1563c
10.0,validators,pathspec,120,0.2983,False,False,5000,0,218,target,mut_65cb36909e91
10.0,validators,pathspec,120,0.0292,False,False,5000,0,219,target,mut_65cf5fe0fb77
10.0,validators,pathspec,120,0.3448,False,False,5000,0,220,target,mut_664907c5da3e
10.0,validators,pathspec,120,0.7432,False,False,5000,0,221,target,mut_68c0e2f4e9c2
10.0,validators,pathspec,120,0.0104,False,False,5000,0,222,target,mut_699eece1d1ef
10.0,validators,pathspec,120,0.0083,False,False,5000,0,223,target,mut_69f3d31ece8f
10.0,validators,pathspec,120,0.1584,False,False,5000,0,224,target,mut_6bd882e7041d
10.0,validators,pathspec,120,0.0911,False,False,5000,0,225,target,mut_6ca284c6786a
10.0,validators,pathspec,120,0.2567,False,False,5000,0,226,target,mut_6e1d88e54444
10.0,validators,pathspec,120,0.1039,False,False,5000,0,227,target,mut_6e31d7e44de0
10.0,validators,pathspec,120,0.0238,False,False,5000,0,228,target,mut_6e8869a3ac2f
10.0,validators,pathspec,120,0.0139,False,False,5000,0,229,target,mut_6f26d36d59d7
10.0,validators,pathspec,120,0.0186,False,False,5000,0,230,target,mut_71ead901f38b
10.0,validators,pathspec,120,0.0139,False,False,5000,0,231,target,mut_726eabd9fbbd
10.0,validators,pathspec,120,0.4275,False,False,5000,0,232,target,mut_728748b397c9
10.0,validators,pathspec,120,0.0238,False,False,5000,0,233,target,mut_74b7d1c7be63
10.0,validators,pathspec,120,0.029,False,False,5000,0,234,target,mut_75540a1b95e9
10.0,validators,pathspec,120,0.0291,False,False,5000,0,235,target,mut_76ffaf9691b5
10.0,validators,pathspec,120,0.0121,False,False,5000,0,236,target,mut_783a4dba2250
10.0,validators,pathspec,120,0.2871,False,False,5000,0,237,target,mut_789106b2993b
10.0,validators,pathspec,120,0.525,False,False,5000,0,238,target,mut_78c8d340d52d
10.0,validators,pathspec,120,0.0074,False,False,5000,0,239,target,mut_7aacf915363b
15.0,pathspec,pyjwt,120,0.484,False,False,5000,0,0,source,mut_271a88b94f2a
15.0,pathspec,pyjwt,120,0.1686,False,False,5000,0,1,source,mut_273b59fab021
15.0,pathspec,pyjwt,120,0.2808,False,False,5000,0,2,source,mut_27531e910b3c
15.0,pathspec,pyjwt,120,0.0182,False,False,5000,0,3,source,mut_2772e8b27f7f
15.0,pathspec,pyjwt,120,0.0565,False,False,5000,0,4,source,mut_29db292771c0
15.0,pathspec,pyjwt,120,0.2303,False,False,5000,0,5,source,mut_2a46d9d58366
15.0,pathspec,pyjwt,120,0.0779,False,False,5000,0,6,source,mut_2a4800141334
15.0,pathspec,pyjwt,120,0.1293,False,False,5000,0,7,source,mut_2aad23831dd3
15.0,pathspec,pyjwt,120,0.1293,False,False,5000,0,8,source,mut_2b23de3aacc0
15.0,pathspec,pyjwt,120,0.1012,False,False,5000,0,9,source,mut_2c26ae5c9de4
15.0,pathspec,pyjwt,120,0.042,False,False,5000,0,10,source,mut_2ddbc9596010
15.0,pathspec,pyjwt,120,0.1112,False,False,5000,0,11,source,mut_2eb63ee45454
15.0,pathspec,pyjwt,120,0.1394,False,False,5000,0,12,source,mut_2ec8e80960f0
15.0,pathspec,pyjwt,120,0.0297,False,False,5000,0,13,source,mut_3082e187b8ef
15.0,pathspec,pyjwt,120,0.0316,False,False,5000,0,14,source,mut_31f518d1d40a
15.0,pathspec,pyjwt,120,0.0359,False,False,5000,0,15,source,mut_320e16630e8d
15.0,pathspec,pyjwt,120,0.0166,False,False,5000,0,16,source,mut_320f1bbd9777
15.0,pathspec,pyjwt,120,0.1275,False,False,5000,0,17,source,mut_3435678f3d1f
15.0,pathspec,pyjwt,120,0.0243,False,False,5000,0,18,source,mut_34de7097f517
15.0,pathspec,pyjwt,120,0.1076,False,False,5000,0,19,source,mut_36ed19b50bb6
15.0,pathspec,pyjwt,120,0.1012,False,False,5000,0,20,source,mut_38e31a877c89
15.0,pathspec,pyjwt,120,0.0485,False,False,5000,0,21,source,mut_3d9c3b57e236
15.0,pathspec,pyjwt,120,0.0293,False,False,5000,0,22,source,mut_3e91be117447
15.0,pathspec,pyjwt,120,0.1498,False,False,5000,0,23,source,mut_3f8d3853760f
15.0,pathspec,pyjwt,120,0.0841,False,False,5000,0,24,source,mut_421ebecfcd7e
15.0,pathspec,pyjwt,120,0.0225,False,False,5000,0,25,source,mut_427622f7a299
15.0,pathspec,pyjwt,120,0.1275,False,False,5000,0,26,source,mut_431b67bbe621
15.0,pathspec,pyjwt,120,0.1275,False,False,5000,0,27,source,mut_44b56e710faf
15.0,pathspec,pyjwt,120,0.0841,False,False,5000,0,28,source,mut_45affd13a77a
15.0,pathspec,pyjwt,120,0.1061,False,False,5000,0,29,source,mut_471432ae8885
15.0,pathspec,pyjwt,120,0.044,False,False,5000,0,30,source,mut_478be483b398
15.0,pathspec,pyjwt,120,0.0727,False,False,5000,0,31,source,mut_4895293b4211
15.0,pathspec,pyjwt,120,0.1244,False,False,5000,0,32,source,mut_48a4dc98589d
15.0,pathspec,pyjwt,120,0.3197,False,False,5000,0,33,source,mut_4b178ce7b1ef
15.0,pathspec,pyjwt,120,0.1255,False,False,5000,0,34,source,mut_4b8753325a9a
15.0,pathspec,pyjwt,120,0.1458,False,False,5000,0,35,source,mut_4bd9378efc44
15.0,pathspec,pyjwt,120,0.1272,False,False,5000,0,36,source,mut_4bebc81d0582
15.0,pathspec,pyjwt,120,0.0631,False,False,5000,0,37,source,mut_4cf8d68b4291
15.0,pathspec,pyjwt,120,0.1516,False,False,5000,0,38,source,mut_4d1623ec4661
15.0,pathspec,pyjwt,120,0.0383,False,False,5000,0,39,source,mut_4e8862e3cf3a
15.0,pathspec,pyjwt,120,0.1255,False,False,5000,0,40,source,mut_4f76f7f314d9
15.0,pathspec,pyjwt,120,0.1376,False,False,5000,0,41,source,mut_4fdd8a6da136
15.0,pathspec,pyjwt,120,0.0183,False,False,5000,0,42,source,mut_5089b607bf5d
15.0,pathspec,pyjwt,120,0.1255,False,False,5000,0,43,source,mut_51b7548f6be4
15.0,pathspec,pyjwt,120,0.0167,False,False,5000,0,44,source,mut_526e56868cea
15.0,pathspec,pyjwt,120,0.2104,False,False,5000,0,45,source,mut_52a73d0e3ebe
15.0,pathspec,pyjwt,120,0.0388,False,False,5000,0,46,source,mut_57980718178c
15.0,pathspec,pyjwt,120,0.1251,False,False,5000,0,47,source,mut_57b8d262b042
15.0,pathspec,pyjwt,120,0.2565,False,False,5000,0,48,source,mut_58050a99f914
15.0,pathspec,pyjwt,120,0.031,False,False,5000,0,49,source,mut_581dbb890a1d
15.0,pathspec,pyjwt,120,0.1012,False,False,5000,0,50,source,mut_586d7fb49e4c
15.0,pathspec,pyjwt,120,0.2564,False,False,5000,0,51,source,mut_592bf6aa2871
15.0,pathspec,pyjwt,120,0.0902,False,False,5000,0,52,source,mut_5c86363cc27b
15.0,pathspec,pyjwt,120,0.0295,False,False,5000,0,53,source,mut_610480bcafb0
15.0,pathspec,pyjwt,120,0.1497,False,False,5000,0,54,source,mut_61c1c1b6fb62
15.0,pathspec,pyjwt,120,0.0185,False,False,5000,0,55,source,mut_62cc960809a5
15.0,pathspec,pyjwt,120,0.0594,False,False,5000,0,56,source,mut_62faa507b1c3
15.0,pathspec,pyjwt,120,0.1345,False,False,5000,0,57,source,mut_63b475f1563c
15.0,pathspec,pyjwt,120,0.2223,False,False,5000,0,58,source,mut_65cb36909e91
15.0,pathspec,pyjwt,120,0.0436,False,False,5000,0,59,source,mut_65cf5fe0fb77
15.0,pathspec,pyjwt,120,0.3453,False,False,5000,0,60,source,mut_664907c5da3e
15.0,pathspec,pyjwt,120,0.7314,False,False,5000,0,61,source,mut_68c0e2f4e9c2
15.0,pathspec,pyjwt,120,0.037,False,False,5000,0,62,source,mut_699eece1d1ef
15.0,pathspec,pyjwt,120,0.0267,False,False,5000,0,63,source,mut_69f3d31ece8f
15.0,pathspec,pyjwt,120,0.1421,False,False,5000,0,64,source,mut_6bd882e7041d
15.0,pathspec,pyjwt,120,0.1052,False,False,5000,0,65,source,mut_6ca284c6786a
15.0,pathspec,pyjwt,120,0.2593,False,False,5000,0,66,source,mut_6e1d88e54444
15.0,pathspec,pyjwt,120,0.1124,False,False,5000,0,67,source,mut_6e31d7e44de0
15.0,pathspec,pyjwt,120,0.0403,False,False,5000,0,68,source,mut_6e8869a3ac2f
15.0,pathspec,pyjwt,120,0.0167,False,False,5000,0,69,source,mut_6f26d36d59d7
15.0,pathspec,pyjwt,120,0.1389,False,False,5000,0,70,source,mut_71ead901f38b
15.0,pathspec,pyjwt,120,0.0167,False,False,5000,0,71,source,mut_726eabd9fbbd
15.0,pathspec,pyjwt,120,0.4248,False,False,5000,0,72,source,mut_728748b397c9
15.0,pathspec,pyjwt,120,0.0402,False,False,5000,0,73,source,mut_74b7d1c7be63
15.0,pathspec,pyjwt,120,0.0456,False,False,5000,0,74,source,mut_75540a1b95e9
15.0,pathspec,pyjwt,120,0.0505,False,False,5000,0,75,source,mut_76ffaf9691b5
15.0,pathspec,pyjwt,120,0.0167,False,False,5000,0,76,source,mut_783a4dba2250
15.0,pathspec,pyjwt,120,0.2879,False,False,5000,0,77,source,mut_789106b2993b
15.0,pathspec,pyjwt,120,0.5199,False,False,5000,0,78,source,mut_78c8d340d52d
15.0,pathspec,pyjwt,120,0.1229,False,False,5000,0,79,source,mut_7aacf915363b
15.0,pathspec,pyjwt,120,0.1229,False,False,5000,0,80,source,mut_7c7d5e47831b
15.0,pathspec,pyjwt,120,0.0364,False,False,5000,0,81,source,mut_7d335baf7651
15.0,pathspec,pyjwt,120,0.0156,False,False,5000,0,82,source,mut_7dde5d5f76e6
15.0,pathspec,pyjwt,120,0.0167,False,False,5000,0,83,source,mut_7df37d728be3
15.0,pathspec,pyjwt,120,0.1792,False,False,5000,0,84,source,mut_7f34ecd06216
15.0,pathspec,pyjwt,120,0.0259,False,False,5000,0,85,source,mut_7f7ae1f96c94
15.0,pathspec,pyjwt,120,0.077,False,False,5000,0,86,source,mut_7fc96ad184cc
15.0,pathspec,pyjwt,120,0.0424,False,False,5000,0,87,source,mut_80373f5711eb
15.0,pathspec,pyjwt,120,0.0156,False,False,5000,0,88,source,mut_80b7a3269452
15.0,pathspec,pyjwt,120,0.5397,False,False,5000,0,89,source,mut_823f018497ed
15.0,pathspec,pyjwt,120,0.1125,False,False,5000,0,90,source,mut_831bd74c2ac9
15.0,pathspec,pyjwt,120,0.0806,False,False,5000,0,91,source,mut_8387b0f3a73a
15.0,pathspec,pyjwt,120,0.0156,False,False,5000,0,92,source,mut_84239c3bcfc2
15.0,pathspec,pyjwt,120,0.1185,False,False,5000,0,93,source,mut_84b5132b5f1c
15.0,pathspec,pyjwt,120,0.1124,False,False,5000,0,94,source,mut_863433ea349d
15.0,pathspec,pyjwt,120,0.4827,False,False,5000,0,95,source,mut_877609ab6efc
15.0,pathspec,pyjwt,120,0.1235,False,False,5000,0,96,source,mut_8794532a3677
15.0,pathspec,pyjwt,120,0.2313,False,False,5000,0,97,source,mut_8ad340ef9307
15.0,pathspec,pyjwt,120,0.1012,False,False,5000,0,98,source,mut_8adff7d261ef
15.0,pathspec,pyjwt,120,0.0156,False,False,5000,0,99,source,mut_8b68b9e8a642
15.0,pathspec,pyjwt,120,0.0156,False,False,5000,0,100,source,mut_8bea1842d255
15.0,pathspec,pyjwt,120,0.1523,False,False,5000,0,101,source,mut_8bfa7d74872d
15.0,pathspec,pyjwt,120,0.0374,False,False,5000,0,102,source,mut_8c2cb818e766
15.0,pathspec,pyjwt,120,0.027,False,False,5000,0,103,source,mut_8ce69e99be76
15.0,pathspec,pyjwt,120,0.0308,False,False,5000,0,104,source,mut_8d4bcd0255a9
15.0,pathspec,pyjwt,120,0.0453,False,False,5000,0,105,source,mut_8f2a2ec1d415
15.0,pathspec,pyjwt,120,0.3715,False,False,5000,0,106,source,mut_9092a77d0e53
15.0,pathspec,pyjwt,120,0.042,False,False,5000,0,107,source,mut_92ab8171bb0e
15.0,pathspec,pyjwt,120,0.4778,False,False,5000,0,108,source,mut_92addc6ad1be
15.0,pathspec,pyjwt,120,0.1615,False,False,5000,0,109,source,mut_93806bd38d9c
15.0,pathspec,pyjwt,120,0.2414,False,False,5000,0,110,source,mut_94db1e9297ba
15.0,pathspec,pyjwt,120,0.12,False,False,5000,0,111,source,mut_95719d0828b4
15.0,pathspec,pyjwt,120,0.0196,False,False,5000,0,112,source,mut_957cdf409595
15.0,pathspec,pyjwt,120,0.1183,False,False,5000,0,113,source,mut_95c4e91f4b0c
15.0,pathspec,pyjwt,120,0.0508,False,False,5000,0,114,source,mut_968dbc7e9989
15.0,pathspec,pyjwt,120,0.0344,False,False,5000,0,115,source,mut_992d5f59d2f2
15.0,pathspec,pyjwt,120,0.1623,False,False,5000,0,116,source,mut_99a079868ed1
15.0,pathspec,pyjwt,120,0.0268,False,False,5000,0,117,source,mut_9a8d5937b0cd
15.0,pathspec,pyjwt,120,0.0654,False,False,5000,0,118,source,mut_9b5216ce1154
15.0,pathspec,pyjwt,120,0.2467,False,False,5000,0,119,source,mut_9b565ea83a72
15.0,pathspec,pyjwt,120,0.1632,False,False,5000,0,120,target,mut_011b7a550781
15.0,pathspec,pyjwt,120,0.1317,False,False,5000,0,121,target,mut_025a2062b2d2
15.0,pathspec,pyjwt,120,0.6681,False,False,5000,0,122,target,mut_026e41ade2dd
15.0,pathspec,pyjwt,120,0.0169,False,False,5000,0,123,target,mut_0381f7a0347f
15.0,pathspec,pyjwt,120,0.2739,False,False,5000,0,124,target,mut_03b1ed75afd5
15.0,pathspec,pyjwt,120,0.7674,False,False,5000,0,125,target,mut_03f78dc2a2db
15.0,pathspec,pyjwt,120,0.3266,False,False,5000,0,126,target,mut_04a33694e06d
15.0,pathspec,pyjwt,120,0.1297,False,False,5000,0,127,target,mut_050fe3d70850
15.0,pathspec,pyjwt,120,0.1254,False,False,5000,0,128,target,mut_060ede386488
15.0,pathspec,pyjwt,120,0.2709,False,False,5000,0,129,target,mut_06dd54e998c8
15.0,pathspec,pyjwt,120,0.208,False,False,5000,0,130,target,mut_070c03ca5de7
15.0,pathspec,pyjwt,120,0.2567,False,False,5000,0,131,target,mut_0804fc88adc6
15.0,pathspec,pyjwt,120,0.202,False,False,5000,0,132,target,mut_08fe1ef1bf4f
15.0,pathspec,pyjwt,120,0.2504,False,False,5000,0,133,target,mut_0907a581ad8d
15.0,pathspec,pyjwt,120,0.171,False,False,5000,0,134,target,mut_0918eab2bdaa
15.0,pathspec,pyjwt,120,0.22,False,False,5000,0,135,target,mut_0a03e57cdd11
15.0,pathspec,pyjwt,120,0.1919,False,False,5000,0,136,target,mut_0aaa29b41f52
15.0,pathspec,pyjwt,120,0.1359,False,False,5000,0,137,target,mut_0bd7ee82381b
15.0,pathspec,pyjwt,120,0.3493,False,False,5000,0,138,target,mut_0c6969fb1099
15.0,pathspec,pyjwt,120,0.1612,False,False,5000,0,139,target,mut_0c91a0e64c2a
15.0,pathspec,pyjwt,120,0.1578,False,False,5000,0,140,target,mut_0cecdb08dd2e
15.0,pathspec,pyjwt,120,0.2183,False,False,5000,0,141,target,mut_0ee2194957d1
15.0,pathspec,pyjwt,120,0.3756,False,False,5000,0,142,target,mut_113f413c068a
15.0,pathspec,pyjwt,120,0.1486,False,False,5000,0,143,target,mut_11df805c8ef8
15.0,pathspec,pyjwt,120,0.1534,False,False,5000,0,144,target,mut_13ece2a867ee
15.0,pathspec,pyjwt,120,0.3755,False,False,5000,0,145,target,mut_14951975b253
15.0,pathspec,pyjwt,120,0.0685,False,False,5000,0,146,target,mut_15c1b66904c3
15.0,pathspec,pyjwt,120,0.1049,False,False,5000,0,147,target,mut_16dfd19f6c76
15.0,pathspec,pyjwt,120,0.1815,False,False,5000,0,148,target,mut_17e545452c8d
15.0,pathspec,pyjwt,120,0.1002,False,False,5000,0,149,target,mut_1890c6e1fdac
15.0,pathspec,pyjwt,120,0.2034,False,False,5000,0,150,target,mut_18cb0a587d65
15.0,pathspec,pyjwt,120,0.0981,False,False,5000,0,151,target,mut_19d075f690a5
15.0,pathspec,pyjwt,120,0.1028,False,False,5000,0,152,target,mut_1a9b70488b2c
15.0,pathspec,pyjwt,120,0.1008,False,False,5000,0,153,target,mut_1ac337afbb78
15.0,pathspec,pyjwt,120,0.0971,False,False,5000,0,154,target,mut_1c9279e74dda
15.0,pathspec,pyjwt,120,0.1905,False,False,5000,0,155,target,mut_1eb770f99e5e
15.0,pathspec,pyjwt,120,0.091,False,False,5000,0,156,target,mut_1f6f654065ec
15.0,pathspec,pyjwt,120,0.0678,False,False,5000,0,157,target,mut_1fc0f1a7b7f0
15.0,pathspec,pyjwt,120,0.0393,False,False,5000,0,158,target,mut_1ffaaa54c047
15.0,pathspec,pyjwt,120,0.045,False,False,5000,0,159,target,mut_20dbd0097bff
15.0,pathspec,pyjwt,120,0.1302,False,False,5000,0,160,target,mut_20f7c2b61afd
15.0,pathspec,pyjwt,120,0.041,False,False,5000,0,161,target,mut_2166c6015c41
15.0,pathspec,pyjwt,120,0.062,False,False,5000,0,162,target,mut_216f50c9920d
15.0,pathspec,pyjwt,120,0.0421,False,False,5000,0,163,target,mut_21a6decde87b
15.0,pathspec,pyjwt,120,0.0515,False,False,5000,0,164,target,mut_24e294eb01da
15.0,pathspec,pyjwt,120,0.0588,False,False,5000,0,165,target,mut_25bea34fda06
15.0,pathspec,pyjwt,120,0.0514,False,False,5000,0,166,target,mut_2718bf1b9b0e
15.0,pathspec,pyjwt,120,0.0465,False,False,5000,0,167,target,mut_27b09d8c7689
15.0,pathspec,pyjwt,120,0.0592,False,False,5000,0,168,target,mut_28ce0d973d74
15.0,pathspec,pyjwt,120,0.0916,False,False,5000,0,169,target,mut_295bafe67e4d
15.0,pathspec,pyjwt,120,0.1121,False,False,5000,0,170,target,mut_29e99c2cf3ea
15.0,pathspec,pyjwt,120,0.1015,False,False,5000,0,171,target,mut_29f508aa9ccf
15.0,pathspec,pyjwt,120,0.103,False,False,5000,0,172,target,mut_2a9c2a8eadc8
15.0,pathspec,pyjwt,120,0.0542,False,False,5000,0,173,target,mut_2aa3b6acb4ea
15.0,pathspec,pyjwt,120,0.0368,False,False,5000,0,174,target,mut_2ac852453414
15.0,pathspec,pyjwt,120,0.0351,False,False,5000,0,175,target,mut_2c4f80427f9d
15.0,pathspec,pyjwt,120,0.0325,False,False,5000,0,176,target,mut_2d948b208be0
15.0,pathspec,pyjwt,120,0.0152,False,False,5000,0,177,target,mut_2e00b44926f6
15.0,pathspec,pyjwt,120,0.0621,False,False,5000,0,178,target,mut_2f4454f56e97
15.0,pathspec,pyjwt,120,0.0377,False,False,5000,0,179,target,mut_309ac638becc
15.0,pathspec,pyjwt,120,0.0473,False,False,5000,0,180,target,mut_30a78d5efe94
15.0,pathspec,pyjwt,120,0.1986,False,False,5000,0,181,target,mut_30eaa795a680
15.0,pathspec,pyjwt,120,0.1077,False,False,5000,0,182,target,mut_3139b2ad0144
15.0,pathspec,pyjwt,120,0.1822,False,False,5000,0,183,target,mut_36d6b2eb1dd2
15.0,pathspec,pyjwt,120,0.0565,False,False,5000,0,184,target,mut_387d51aa0576
15.0,pathspec,pyjwt,120,0.0869,False,False,5000,0,185,target,mut_3932d965394a
15.0,pathspec,pyjwt,120,0.0707,False,False,5000,0,186,target,mut_398678965686
15.0,pathspec,pyjwt,120,0.062,False,False,5000,0,187,target,mut_3a6d87727a82
15.0,pathspec,pyjwt,120,0.0667,False,False,5000,0,188,target,mut_3a88b7a8d9a4
15.0,pathspec,pyjwt,120,0.0344,False,False,5000,0,189,target,mut_3ac3cf2072b8
15.0,pathspec,pyjwt,120,0.0737,False,False,5000,0,190,target,mut_3d3a5262de4b
15.0,pathspec,pyjwt,120,0.0639,False,False,5000,0,191,target,mut_3ff1e4e04ab9
15.0,pathspec,pyjwt,120,0.3745,False,False,5000,0,192,target,mut_4113d2e10736
15.0,pathspec,pyjwt,120,0.0512,False,False,5000,0,193,target,mut_42544b670025
15.0,pathspec,pyjwt,120,0.0779,False,False,5000,0,194,target,mut_437f7cc37d8d
15.0,pathspec,pyjwt,120,0.2299,False,False,5000,0,195,target,mut_43ec0ea9735a
15.0,pathspec,pyjwt,120,0.0525,False,False,5000,0,196,target,mut_43fb88911a37
15.0,pathspec,pyjwt,120,0.1895,False,False,5000,0,197,target,mut_444f60463623
15.0,pathspec,pyjwt,120,0.0762,False,False,5000,0,198,target,mut_456cfa26be64
15.0,pathspec,pyjwt,120,0.2249,False,False,5000,0,199,target,mut_463aa218c002
15.0,pathspec,pyjwt,120,0.2726,False,False,5000,0,200,target,mut_478a55ca2b09
15.0,pathspec,pyjwt,120,0.0594,False,False,5000,0,201,target,mut_4af46cbbaec7
15.0,pathspec,pyjwt,120,0.1022,False,False,5000,0,202,target,mut_4b3bb8874283
15.0,pathspec,pyjwt,120,0.391,False,False,5000,0,203,target,mut_4c0b49a434ba
15.0,pathspec,pyjwt,120,0.1097,False,False,5000,0,204,target,mut_4ccad6da159a
15.0,pathspec,pyjwt,120,0.1011,False,False,5000,0,205,target,mut_50e475c36c0a
15.0,pathspec,pyjwt,120,0.0576,False,False,5000,0,206,target,mut_50ed11f612cc
15.0,pathspec,pyjwt,120,0.0424,False,False,5000,0,207,target,mut_51e85f42c905
15.0,pathspec,pyjwt,120,0.0566,False,False,5000,0,208,target,mut_526a13aa0926
15.0,pathspec,pyjwt,120,0.0441,False,False,5000,0,209,target,mut_52ab84aad0d4
15.0,pathspec,pyjwt,120,0.0562,False,False,5000,0,210,target,mut_52fe5bac9a7a
15.0,pathspec,pyjwt,120,0.0545,False,False,5000,0,211,target,mut_545f16e5b3df
15.0,pathspec,pyjwt,120,0.0714,False,False,5000,0,212,target,mut_547f6fbbcbe2
15.0,pathspec,pyjwt,120,0.0616,False,False,5000,0,213,target,mut_54fa426f5858
15.0,pathspec,pyjwt,120,0.0959,False,False,5000,0,214,target,mut_592ce5f61ca7
15.0,pathspec,pyjwt,120,0.0635,False,False,5000,0,215,target,mut_5a0d26c058d4
15.0,pathspec,pyjwt,120,0.0778,False,False,5000,0,216,target,mut_5b3f2d9cbf03
15.0,pathspec,pyjwt,120,0.0387,False,False,5000,0,217,target,mut_5c64ff199ac5
15.0,pathspec,pyjwt,120,0.2376,False,False,5000,0,218,target,mut_5f51c0f4a848
15.0,pathspec,pyjwt,120,0.0766,False,False,5000,0,219,target,mut_6049d17f369e
15.0,pathspec,pyjwt,120,0.072,False,False,5000,0,220,target,mut_60552fac6908
15.0,pathspec,pyjwt,120,0.0394,False,False,5000,0,221,target,mut_60d6f3cf3948
15.0,pathspec,pyjwt,120,0.079,False,False,5000,0,222,target,mut_615c8ed8414e
15.0,pathspec,pyjwt,120,0.0615,False,False,5000,0,223,target,mut_6210fdc74359
15.0,pathspec,pyjwt,120,0.0463,False,False,5000,0,224,target,mut_65dbbf1f1b00
15.0,pathspec,pyjwt,120,0.0516,False,False,5000,0,225,target,mut_67610408123d
15.0,pathspec,pyjwt,120,0.0493,False,False,5000,0,226,target,mut_6762e5978e41
15.0,pathspec,pyjwt,120,0.0564,False,False,5000,0,227,target,mut_68fb61939483
15.0,pathspec,pyjwt,120,0.3832,False,False,5000,0,228,target,mut_69f17ac7f4ff
15.0,pathspec,pyjwt,120,0.1009,False,False,5000,0,229,target,mut_6a6c014ca1f7
15.0,pathspec,pyjwt,120,0.0753,False,False,5000,0,230,target,mut_6a9275dcfc0a
15.0,pathspec,pyjwt,120,0.3729,False,False,5000,0,231,target,mut_6ad127f32aea
15.0,pathspec,pyjwt,120,0.0568,False,False,5000,0,232,target,mut_6b65c1606cb4
15.0,pathspec,pyjwt,120,0.0367,False,False,5000,0,233,target,mut_6b81d79c96be
15.0,pathspec,pyjwt,120,0.0734,False,False,5000,0,234,target,mut_6c291d41de8b
15.0,pathspec,pyjwt,120,0.3573,False,False,5000,0,235,target,mut_6d9b19e64534
15.0,pathspec,pyjwt,120,0.0373,False,False,5000,0,236,target,mut_6db4ac6d9443
15.0,pathspec,pyjwt,120,0.0674,False,False,5000,0,237,target,mut_713de7973bcf
15.0,pathspec,pyjwt,120,0.0722,False,False,5000,0,238,target,mut_73d581fb62eb
15.0,pathspec,pyjwt,120,0.2217,False,False,5000,0,239,target,mut_74f0ea6a5857
15.0,pyjwt,sqlparse,120,0.1089,False,False,5000,0,0,source,mut_20f7c2b61afd
15.0,pyjwt,sqlparse,120,0.1176,False,False,5000,0,1,source,mut_2166c6015c41
15.0,pyjwt,sqlparse,120,0.0433,False,False,5000,0,2,source,mut_216f50c9920d
15.0,pyjwt,sqlparse,120,0.1372,False,False,5000,0,3,source,mut_21a6decde87b
15.0,pyjwt,sqlparse,120,0.0325,False,False,5000,0,4,source,mut_24e294eb01da
15.0,pyjwt,sqlparse,120,0.0404,False,False,5000,0,5,source,mut_25bea34fda06
15.0,pyjwt,sqlparse,120,0.0325,False,False,5000,0,6,source,mut_2718bf1b9b0e
15.0,pyjwt,sqlparse,120,0.0611,False,False,5000,0,7,source,mut_27b09d8c7689
15.0,pyjwt,sqlparse,120,0.0405,False,False,5000,0,8,source,mut_28ce0d973d74
15.0,pyjwt,sqlparse,120,0.0524,False,False,5000,0,9,source,mut_295bafe67e4d
15.0,pyjwt,sqlparse,120,0.0972,False,False,5000,0,10,source,mut_29e99c2cf3ea
15.0,pyjwt,sqlparse,120,0.0816,False,False,5000,0,11,source,mut_29f508aa9ccf
15.0,pyjwt,sqlparse,120,0.1009,False,False,5000,0,12,source,mut_2a9c2a8eadc8
15.0,pyjwt,sqlparse,120,0.0339,False,False,5000,0,13,source,mut_2aa3b6acb4ea
15.0,pyjwt,sqlparse,120,0.0419,False,False,5000,0,14,source,mut_2ac852453414
15.0,pyjwt,sqlparse,120,0.0373,False,False,5000,0,15,source,mut_2c4f80427f9d
15.0,pyjwt,sqlparse,120,0.0354,False,False,5000,0,16,source,mut_2d948b208be0
15.0,pyjwt,sqlparse,120,0.0263,False,False,5000,0,17,source,mut_2e00b44926f6
15.0,pyjwt,sqlparse,120,0.047,False,False,5000,0,18,source,mut_2f4454f56e97
15.0,pyjwt,sqlparse,120,0.1172,False,False,5000,0,19,source,mut_309ac638becc
15.0,pyjwt,sqlparse,120,0.0319,False,False,5000,0,20,source,mut_30a78d5efe94
15.0,pyjwt,sqlparse,120,0.1529,False,False,5000,0,21,source,mut_30eaa795a680
15.0,pyjwt,sqlparse,120,0.0945,False,False,5000,0,22,source,mut_3139b2ad0144
15.0,pyjwt,sqlparse,120,0.1634,False,False,5000,0,23,source,mut_36d6b2eb1dd2
15.0,pyjwt,sqlparse,120,0.037,False,False,5000,0,24,source,mut_387d51aa0576
15.0,pyjwt,sqlparse,120,0.07,False,False,5000,0,25,source,mut_3932d965394a
15.0,pyjwt,sqlparse,120,0.0638,False,False,5000,0,26,source,mut_398678965686
15.0,pyjwt,sqlparse,120,0.0416,False,False,5000,0,27,source,mut_3a6d87727a82
15.0,pyjwt,sqlparse,120,0.047,False,False,5000,0,28,source,mut_3a88b7a8d9a4
15.0,pyjwt,sqlparse,120,0.0383,False,False,5000,0,29,source,mut_3ac3cf2072b8
15.0,pyjwt,sqlparse,120,0.058,False,False,5000,0,30,source,mut_3d3a5262de4b
15.0,pyjwt,sqlparse,120,0.0501,False,False,5000,0,31,source,mut_3ff1e4e04ab9
15.0,pyjwt,sqlparse,120,0.3751,False,False,5000,0,32,source,mut_4113d2e10736
15.0,pyjwt,sqlparse,120,0.0318,False,False,5000,0,33,source,mut_42544b670025
15.0,pyjwt,sqlparse,120,0.0729,False,False,5000,0,34,source,mut_437f7cc37d8d
15.0,pyjwt,sqlparse,120,0.072,False,False,5000,0,35,source,mut_43ec0ea9735a
15.0,pyjwt,sqlparse,120,0.0313,False,False,5000,0,36,source,mut_43fb88911a37
15.0,pyjwt,sqlparse,120,0.1686,False,False,5000,0,37,source,mut_444f60463623
15.0,pyjwt,sqlparse,120,0.0555,False,False,5000,0,38,source,mut_456cfa26be64
15.0,pyjwt,sqlparse,120,0.195,False,False,5000,0,39,source,mut_463aa218c002
15.0,pyjwt,sqlparse,120,0.1129,False,False,5000,0,40,source,mut_478a55ca2b09
15.0,pyjwt,sqlparse,120,0.0374,False,False,5000,0,41,source,mut_4af46cbbaec7
15.0,pyjwt,sqlparse,120,0.0832,False,False,5000,0,42,source,mut_4b3bb8874283
15.0,pyjwt,sqlparse,120,0.3851,False,False,5000,0,43,source,mut_4c0b49a434ba
15.0,pyjwt,sqlparse,120,0.1489,False,False,5000,0,44,source,mut_4ccad6da159a
15.0,pyjwt,sqlparse,120,0.1242,False,False,5000,0,45,source,mut_50e475c36c0a
15.0,pyjwt,sqlparse,120,0.0562,False,False,5000,0,46,source,mut_50ed11f612cc
15.0,pyjwt,sqlparse,120,0.0456,False,False,5000,0,47,source,mut_51e85f42c905
15.0,pyjwt,sqlparse,120,0.0347,False,False,5000,0,48,source,mut_526a13aa0926
15.0,pyjwt,sqlparse,120,0.0773,False,False,5000,0,49,source,mut_52ab84aad0d4
15.0,pyjwt,sqlparse,120,0.0812,False,False,5000,0,50,source,mut_52fe5bac9a7a
15.0,pyjwt,sqlparse,120,0.0563,False,False,5000,0,51,source,mut_545f16e5b3df
15.0,pyjwt,sqlparse,120,0.0487,False,False,5000,0,52,source,mut_547f6fbbcbe2
15.0,pyjwt,sqlparse,120,0.0394,False,False,5000,0,53,source,mut_54fa426f5858
15.0,pyjwt,sqlparse,120,0.123,False,False,5000,0,54,source,mut_592ce5f61ca7
15.0,pyjwt,sqlparse,120,0.0419,False,False,5000,0,55,source,mut_5a0d26c058d4
15.0,pyjwt,sqlparse,120,0.0578,False,False,5000,0,56,source,mut_5b3f2d9cbf03
15.0,pyjwt,sqlparse,120,0.0382,False,False,5000,0,57,source,mut_5c64ff199ac5
15.0,pyjwt,sqlparse,120,0.0707,False,False,5000,0,58,source,mut_5f51c0f4a848
15.0,pyjwt,sqlparse,120,0.0507,False,False,5000,0,59,source,mut_6049d17f369e
15.0,pyjwt,sqlparse,120,0.0511,False,False,5000,0,60,source,mut_60552fac6908
15.0,pyjwt,sqlparse,120,0.0432,False,False,5000,0,61,source,mut_60d6f3cf3948
15.0,pyjwt,sqlparse,120,0.0605,False,False,5000,0,62,source,mut_615c8ed8414e
15.0,pyjwt,sqlparse,120,0.0423,False,False,5000,0,63,source,mut_6210fdc74359
15.0,pyjwt,sqlparse,120,0.0236,False,False,5000,0,64,source,mut_65dbbf1f1b00
15.0,pyjwt,sqlparse,120,0.0318,False,False,5000,0,65,source,mut_67610408123d
15.0,pyjwt,sqlparse,120,0.0501,False,False,5000,0,66,source,mut_6762e5978e41
15.0,pyjwt,sqlparse,120,0.0396,False,False,5000,0,67,source,mut_68fb61939483
15.0,pyjwt,sqlparse,120,0.3802,False,False,5000,0,68,source,mut_69f17ac7f4ff
15.0,pyjwt,sqlparse,120,0.1199,False,False,5000,0,69,source,mut_6a6c014ca1f7
15.0,pyjwt,sqlparse,120,0.0503,False,False,5000,0,70,source,mut_6a9275dcfc0a
15.0,pyjwt,sqlparse,120,0.372,False,False,5000,0,71,source,mut_6ad127f32aea
15.0,pyjwt,sqlparse,120,0.0573,False,False,5000,0,72,source,mut_6b65c1606cb4
15.0,pyjwt,sqlparse,120,0.0493,False,False,5000,0,73,source,mut_6b81d79c96be
15.0,pyjwt,sqlparse,120,0.0694,False,False,5000,0,74,source,mut_6c291d41de8b
15.0,pyjwt,sqlparse,120,0.3625,False,False,5000,0,75,source,mut_6d9b19e64534
15.0,pyjwt,sqlparse,120,0.0377,False,False,5000,0,76,source,mut_6db4ac6d9443
15.0,pyjwt,sqlparse,120,0.0708,False,False,5000,0,77,source,mut_713de7973bcf
15.0,pyjwt,sqlparse,120,0.0849,False,False,5000,0,78,source,mut_73d581fb62eb
15.0,pyjwt,sqlparse,120,0.1892,False,False,5000,0,79,source,mut_74f0ea6a5857
15.0,pyjwt,sqlparse,120,0.0255,False,False,5000,0,80,source,mut_75132a62bc6b
15.0,pyjwt,sqlparse,120,0.0466,False,False,5000,0,81,source,mut_77cad84aef17
15.0,pyjwt,sqlparse,120,0.033,False,False,5000,0,82,source,mut_7ab1e2c4cebd
15.0,pyjwt,sqlparse,120,0.0329,False,False,5000,0,83,source,mut_7ba5c6c51536
15.0,pyjwt,sqlparse,120,0.0439,False,False,5000,0,84,source,mut_7d2a2aa2296a
15.0,pyjwt,sqlparse,120,0.0274,False,False,5000,0,85,source,mut_7e0fb79566f5
15.0,pyjwt,sqlparse,120,0.0471,False,False,5000,0,86,source,mut_7ebf5a9a32cb
15.0,pyjwt,sqlparse,120,0.1072,False,False,5000,0,87,source,mut_825caac7065c
15.0,pyjwt,sqlparse,120,0.0219,False,False,5000,0,88,source,mut_82b6143e3e38
15.0,pyjwt,sqlparse,120,0.0891,False,False,5000,0,89,source,mut_842476a54c3f
15.0,pyjwt,sqlparse,120,0.0371,False,False,5000,0,90,source,mut_84bb1fa4caa8
15.0,pyjwt,sqlparse,120,0.0352,False,False,5000,0,91,source,mut_8535affd9884
15.0,pyjwt,sqlparse,120,0.0491,False,False,5000,0,92,source,mut_8544af5217f4
15.0,pyjwt,sqlparse,120,0.1331,False,False,5000,0,93,source,mut_889d49387bb1
15.0,pyjwt,sqlparse,120,0.2355,False,False,5000,0,94,source,mut_8ac5a6f05c07
15.0,pyjwt,sqlparse,120,0.089,False,False,5000,0,95,source,mut_8ad55c5ff59b
15.0,pyjwt,sqlparse,120,0.0441,False,False,5000,0,96,source,mut_8bae8add8f41
15.0,pyjwt,sqlparse,120,0.0473,False,False,5000,0,97,source,mut_8c1456f5a50b
15.0,pyjwt,sqlparse,120,0.0326,False,False,5000,0,98,source,mut_8c14b909d83c
15.0,pyjwt,sqlparse,120,0.0586,False,False,5000,0,99,source,mut_8c43829c33f8
15.0,pyjwt,sqlparse,120,0.0326,False,False,5000,0,100,source,mut_8ce25f2179e0
15.0,pyjwt,sqlparse,120,0.0745,False,False,5000,0,101,source,mut_8ce3abb21a38
15.0,pyjwt,sqlparse,120,0.0476,False,False,5000,0,102,source,mut_8e964d5ee0a6
15.0,pyjwt,sqlparse,120,0.0453,False,False,5000,0,103,source,mut_8f1c5520f4e7
15.0,pyjwt,sqlparse,120,0.041,False,False,5000,0,104,source,mut_91754eb2d23a
15.0,pyjwt,sqlparse,120,0.0488,False,False,5000,0,105,source,mut_94902348009a
15.0,pyjwt,sqlparse,120,0.3634,False,False,5000,0,106,source,mut_94d69deb5717
15.0,pyjwt,sqlparse,120,0.0376,False,False,5000,0,107,source,mut_9513cd281e72
15.0,pyjwt,sqlparse,120,0.0406,False,False,5000,0,108,source,mut_95b9f7b65bf2
15.0,pyjwt,sqlparse,120,0.0436,False,False,5000,0,109,source,mut_96598a40aa63
15.0,pyjwt,sqlparse,120,0.0213,False,False,5000,0,110,source,mut_9833817576ef
15.0,pyjwt,sqlparse,120,0.038,False,False,5000,0,111,source,mut_98758a682aa5
15.0,pyjwt,sqlparse,120,0.1151,False,False,5000,0,112,source,mut_99241348fde0
15.0,pyjwt,sqlparse,120,0.043,False,False,5000,0,113,source,mut_99b158ff3585
15.0,pyjwt,sqlparse,120,0.0445,False,False,5000,0,114,source,mut_99e45368bcbd
15.0,pyjwt,sqlparse,120,0.0328,False,False,5000,0,115,source,mut_9a4cd53ededa
15.0,pyjwt,sqlparse,120,0.0328,False,False,5000,0,116,source,mut_9aa4552580b1
15.0,pyjwt,sqlparse,120,0.0807,False,False,5000,0,117,source,mut_9b272810af03
15.0,pyjwt,sqlparse,120,0.0374,False,False,5000,0,118,source,mut_9d3f3dd7d526
15.0,pyjwt,sqlparse,120,0.0666,False,False,5000,0,119,source,mut_a101ac9aae77
15.0,pyjwt,sqlparse,120,0.0952,False,False,5000,0,120,target,mut_00ed85e60cd9
15.0,pyjwt,sqlparse,120,0.2308,False,False,5000,0,121,target,mut_01607a748050
15.0,pyjwt,sqlparse,120,0.3663,False,False,5000,0,122,target,mut_0224f619e35c
15.0,pyjwt,sqlparse,120,0.1247,False,False,5000,0,123,target,mut_026a10020b80
15.0,pyjwt,sqlparse,120,0.0859,False,False,5000,0,124,target,mut_03ee991cbb0a
15.0,pyjwt,sqlparse,120,0.1793,False,False,5000,0,125,target,mut_041c3482e05a
15.0,pyjwt,sqlparse,120,0.2333,False,False,5000,0,126,target,mut_0519ce964748
15.0,pyjwt,sqlparse,120,0.2266,False,False,5000,0,127,target,mut_05241599fa24
15.0,pyjwt,sqlparse,120,0.0823,False,False,5000,0,128,target,mut_05c5864de93f
15.0,pyjwt,sqlparse,120,0.2354,False,False,5000,0,129,target,mut_0633703f54bb
15.0,pyjwt,sqlparse,120,0.0978,False,False,5000,0,130,target,mut_0703ff01c280
15.0,pyjwt,sqlparse,120,0.0948,False,False,5000,0,131,target,mut_074fa6a12d6a
15.0,pyjwt,sqlparse,120,0.1197,False,False,5000,0,132,target,mut_084ecf13d0c7
15.0,pyjwt,sqlparse,120,0.0951,False,False,5000,0,133,target,mut_08c357c96661
15.0,pyjwt,sqlparse,120,0.1278,False,False,5000,0,134,target,mut_08c54a4a1774
15.0,pyjwt,sqlparse,120,0.1183,False,False,5000,0,135,target,mut_09e56869c62d
15.0,pyjwt,sqlparse,120,0.0812,False,False,5000,0,136,target,mut_0c28fc59246d
15.0,pyjwt,sqlparse,120,0.2484,False,False,5000,0,137,target,mut_0e6f69bff32e
15.0,pyjwt,sqlparse,120,0.3223,False,False,5000,0,138,target,mut_0ea074976f45
15.0,pyjwt,sqlparse,120,0.5905,False,False,5000,0,139,target,mut_0f6ab9f1dc53
15.0,pyjwt,sqlparse,120,0.1251,False,False,5000,0,140,target,mut_1110d9c4f3a2
15.0,pyjwt,sqlparse,120,0.3014,False,False,5000,0,141,target,mut_15da8a97f30d
15.0,pyjwt,sqlparse,120,0.0961,False,False,5000,0,142,target,mut_16d5526bba24
15.0,pyjwt,sqlparse,120,0.2011,False,False,5000,0,143,target,mut_1826940fb670
15.0,pyjwt,sqlparse,120,0.0956,False,False,5000,0,144,target,mut_18a327df7dd5
15.0,pyjwt,sqlparse,120,0.1028,False,False,5000,0,145,target,mut_1a27e32fb0d9
15.0,pyjwt,sqlparse,120,0.1505,False,False,5000,0,146,target,mut_1b410076d159
15.0,pyjwt,sqlparse,120,0.0989,False,False,5000,0,147,target,mut_1c741b52e4cc
15.0,pyjwt,sqlparse,120,0.6236,False,False,5000,0,148,target,mut_1d2a4ebddef7
15.0,pyjwt,sqlparse,120,0.1167,False,False,5000,0,149,target,mut_1dd1bf505ee1
15.0,pyjwt,sqlparse,120,0.2458,False,False,5000,0,150,target,mut_1e9e58f92d3c
15.0,pyjwt,sqlparse,120,0.3048,False,False,5000,0,151,target,mut_1f2e7bf62587
15.0,pyjwt,sqlparse,120,0.1377,False,False,5000,0,152,target,mut_1fc0cbcda288
15.0,pyjwt,sqlparse,120,0.2604,False,False,5000,0,153,target,mut_20eac5499782
15.0,pyjwt,sqlparse,120,0.1179,False,False,5000,0,154,target,mut_21429cd0b260
15.0,pyjwt,sqlparse,120,0.1371,False,False,5000,0,155,target,mut_217742f515df
15.0,pyjwt,sqlparse,120,0.3039,False,False,5000,0,156,target,mut_222d4967b863
15.0,pyjwt,sqlparse,120,0.6112,False,False,5000,0,157,target,mut_24e95de47642
15.0,pyjwt,sqlparse,120,0.7006,False,False,5000,0,158,target,mut_261a4ab9ed4c
15.0,pyjwt,sqlparse,120,0.1725,False,False,5000,0,159,target,mut_2634fd95f118
15.0,pyjwt,sqlparse,120,0.1423,False,False,5000,0,160,target,mut_274b3f00345f
15.0,pyjwt,sqlparse,120,0.1291,False,False,5000,0,161,target,mut_295c7ad3071a
15.0,pyjwt,sqlparse,120,0.1519,False,False,5000,0,162,target,mut_2a17d702d436
15.0,pyjwt,sqlparse,120,0.1491,False,False,5000,0,163,target,mut_2c129f4e9211
15.0,pyjwt,sqlparse,120,0.0693,False,False,5000,0,164,target,mut_2c2f66af1cfb
15.0,pyjwt,sqlparse,120,0.2007,False,False,5000,0,165,target,mut_2cbae98e3519
15.0,pyjwt,sqlparse,120,0.1663,False,False,5000,0,166,target,mut_2cdbaf08089d
15.0,pyjwt,sqlparse,120,0.1655,False,False,5000,0,167,target,mut_2dee09d62d9d
15.0,pyjwt,sqlparse,120,0.4446,False,False,5000,0,168,target,mut_30086f4982b4
15.0,pyjwt,sqlparse,120,0.1318,False,False,5000,0,169,target,mut_30eea9b5f492
15.0,pyjwt,sqlparse,120,0.038,False,False,5000,0,170,target,mut_30eec3bb4d68
15.0,pyjwt,sqlparse,120,0.1323,False,False,5000,0,171,target,mut_324c4b0e3c39
15.0,pyjwt,sqlparse,120,0.1096,False,False,5000,0,172,target,mut_33c0984d9374
15.0,pyjwt,sqlparse,120,0.1125,False,False,5000,0,173,target,mut_347bd9f817e9
15.0,pyjwt,sqlparse,120,0.1155,False,False,5000,0,174,target,mut_3607818929cb
15.0,pyjwt,sqlparse,120,0.0487,False,False,5000,0,175,target,mut_362a64bf5afe
15.0,pyjwt,sqlparse,120,0.0956,False,False,5000,0,176,target,mut_3729fae7806f
15.0,pyjwt,sqlparse,120,0.0478,False,False,5000,0,177,target,mut_37cb2031b486
15.0,pyjwt,sqlparse,120,0.1121,False,False,5000,0,178,target,mut_38183bd2c1ed
15.0,pyjwt,sqlparse,120,0.0305,False,False,5000,0,179,target,mut_38763383d7b0
15.0,pyjwt,sqlparse,120,0.0964,False,False,5000,0,180,target,mut_3955a686c91d
15.0,pyjwt,sqlparse,120,0.0997,False,False,5000,0,181,target,mut_3989cb53b832
15.0,pyjwt,sqlparse,120,0.2022,False,False,5000,0,182,target,mut_39975d92d790
15.0,pyjwt,sqlparse,120,0.0362,False,False,5000,0,183,target,mut_3a92baf97f66
15.0,pyjwt,sqlparse,120,0.0374,False,False,5000,0,184,target,mut_3b88002f0733
15.0,pyjwt,sqlparse,120,0.0936,False,False,5000,0,185,target,mut_3d58a54aa20f
15.0,pyjwt,sqlparse,120,0.1008,False,False,5000,0,186,target,mut_3e04b14de979
15.0,pyjwt,sqlparse,120,0.7559,False,False,5000,0,187,target,mut_3ffd50b21960
15.0,pyjwt,sqlparse,120,0.1868,False,False,5000,0,188,target,mut_407eb9486001
15.0,pyjwt,sqlparse,120,0.0974,False,False,5000,0,189,target,mut_4324b71a987c
15.0,pyjwt,sqlparse,120,0.1448,False,False,5000,0,190,target,mut_434d19a26cdb
15.0,pyjwt,sqlparse,120,0.0423,False,False,5000,0,191,target,mut_43695e7c2f7b
15.0,pyjwt,sqlparse,120,0.1015,False,False,5000,0,192,target,mut_437302185cb1
15.0,pyjwt,sqlparse,120,0.5792,False,False,5000,0,193,target,mut_463c594b3f76
15.0,pyjwt,sqlparse,120,0.0607,False,False,5000,0,194,target,mut_48baccea58f0
15.0,pyjwt,sqlparse,120,0.1446,False,False,5000,0,195,target,mut_48fde9d2deea
15.0,pyjwt,sqlparse,120,0.1265,False,False,5000,0,196,target,mut_4b13ccc70742
15.0,pyjwt,sqlparse,120,0.3423,False,False,5000,0,197,target,mut_4c09085f2073
15.0,pyjwt,sqlparse,120,0.1237,False,False,5000,0,198,target,mut_4c4e6b8ce530
15.0,pyjwt,sqlparse,120,0.127,False,False,5000,0,199,target,mut_4ddc4cbd929b
15.0,pyjwt,sqlparse,120,0.1357,False,False,5000,0,200,target,mut_4ec1d7e52659
15.0,pyjwt,sqlparse,120,0.0324,False,False,5000,0,201,target,mut_4fea0ea939d2
15.0,pyjwt,sqlparse,120,0.03,False,False,5000,0,202,target,mut_5058b98fc3dc
15.0,pyjwt,sqlparse,120,0.0657,False,False,5000,0,203,target,mut_50aabc4b5a25
15.0,pyjwt,sqlparse,120,0.0298,False,False,5000,0,204,target,mut_513085300da3
15.0,pyjwt,sqlparse,120,0.3253,False,False,5000,0,205,target,mut_515b7e3ac580
15.0,pyjwt,sqlparse,120,0.0437,False,False,5000,0,206,target,mut_51d953d55d3a
15.0,pyjwt,sqlparse,120,0.7418,False,False,5000,0,207,target,mut_563fc775221b
15.0,pyjwt,sqlparse,120,0.128,False,False,5000,0,208,target,mut_565c4e576970
15.0,pyjwt,sqlparse,120,0.159,False,False,5000,0,209,target,mut_577d92322485
15.0,pyjwt,sqlparse,120,0.0665,False,False,5000,0,210,target,mut_598fea02071b
15.0,pyjwt,sqlparse,120,0.0389,False,False,5000,0,211,target,mut_59ad839eb361
15.0,pyjwt,sqlparse,120,0.0477,False,False,5000,0,212,target,mut_59d5612d680e
15.0,pyjwt,sqlparse,120,0.1262,False,False,5000,0,213,target,mut_5a1265cdd7fd
15.0,pyjwt,sqlparse,120,0.0399,False,False,5000,0,214,target,mut_5a226ce8e9a0
15.0,pyjwt,sqlparse,120,0.0457,False,False,5000,0,215,target,mut_5c4e9febc1b4
15.0,pyjwt,sqlparse,120,0.2253,False,False,5000,0,216,target,mut_5c5dd82adb4a
15.0,pyjwt,sqlparse,120,0.086,False,False,5000,0,217,target,mut_5c709acf8a71
15.0,pyjwt,sqlparse,120,0.1082,False,False,5000,0,218,target,mut_5c83645a4b40
15.0,pyjwt,sqlparse,120,0.7554,False,False,5000,0,219,target,mut_5ca66cf5e21c
15.0,pyjwt,sqlparse,120,0.0402,False,False,5000,0,220,target,mut_5e1e3f22ddce
15.0,pyjwt,sqlparse,120,0.1263,False,False,5000,0,221,target,mut_5e911c243c0e
15.0,pyjwt,sqlparse,120,0.122,False,False,5000,0,222,target,mut_5f9ee10badbd
15.0,pyjwt,sqlparse,120,0.0326,False,False,5000,0,223,target,mut_603659d3c40d
15.0,pyjwt,sqlparse,120,0.2119,False,False,5000,0,224,target,mut_628c76f5d806
15.0,pyjwt,sqlparse,120,0.0996,False,False,5000,0,225,target,mut_683a907522ac
15.0,pyjwt,sqlparse,120,0.059,False,False,5000,0,226,target,mut_68be773b8e4f
15.0,pyjwt,sqlparse,120,0.1263,False,False,5000,0,227,target,mut_6a213918b9c2
15.0,pyjwt,sqlparse,120,0.1124,False,False,5000,0,228,target,mut_6e3d6f48ed29
15.0,pyjwt,sqlparse,120,0.1241,False,False,5000,0,229,target,mut_6e5ae450d2f4
15.0,pyjwt,sqlparse,120,0.0365,False,False,5000,0,230,target,mut_6f68b59e3602
15.0,pyjwt,sqlparse,120,0.0953,False,False,5000,0,231,target,mut_70e6e6870886
15.0,pyjwt,sqlparse,120,0.0356,False,False,5000,0,232,target,mut_7180d183cdb2
15.0,pyjwt,sqlparse,120,0.0435,False,False,5000,0,233,target,mut_71b88b2cf7de
15.0,pyjwt,sqlparse,120,0.1123,False,False,5000,0,234,target,mut_71f61f9f2540
15.0,pyjwt,sqlparse,120,0.0423,False,False,5000,0,235,target,mut_731cab0bcb1e
15.0,pyjwt,sqlparse,120,0.147,False,False,5000,0,236,target,mut_754d4bc16c13
15.0,pyjwt,sqlparse,120,0.0484,False,False,5000,0,237,target,mut_76df77b21013
15.0,pyjwt,sqlparse,120,0.0437,False,False,5000,0,238,target,mut_779fd8ca5ea2
15.0,pyjwt,sqlparse,120,0.7601,False,False,5000,0,239,target,mut_78f391f3ae79
15.0,sqlparse,tabulate,120,0.046,False,False,5000,0,0,source,mut_274b3f00345f
15.0,sqlparse,tabulate,120,0.0639,False,False,5000,0,1,source,mut_295c7ad3071a
15.0,sqlparse,tabulate,120,0.0941,False,False,5000,0,2,source,mut_2a17d702d436
15.0,sqlparse,tabulate,120,0.0431,False,False,5000,0,3,source,mut_2c129f4e9211
15.0,sqlparse,tabulate,120,0.0295,False,False,5000,0,4,source,mut_2c2f66af1cfb
15.0,sqlparse,tabulate,120,0.1604,False,False,5000,0,5,source,mut_2cbae98e3519
15.0,sqlparse,tabulate,120,0.0947,False,False,5000,0,6,source,mut_2cdbaf08089d
15.0,sqlparse,tabulate,120,0.1892,False,False,5000,0,7,source,mut_2dee09d62d9d
15.0,sqlparse,tabulate,120,0.4425,False,False,5000,0,8,source,mut_30086f4982b4
15.0,sqlparse,tabulate,120,0.042,False,False,5000,0,9,source,mut_30eea9b5f492
15.0,sqlparse,tabulate,120,0.0314,False,False,5000,0,10,source,mut_30eec3bb4d68
15.0,sqlparse,tabulate,120,0.067,False,False,5000,0,11,source,mut_324c4b0e3c39
15.0,sqlparse,tabulate,120,0.0578,False,False,5000,0,12,source,mut_33c0984d9374
15.0,sqlparse,tabulate,120,0.0418,False,False,5000,0,13,source,mut_347bd9f817e9
15.0,sqlparse,tabulate,120,0.0525,False,False,5000,0,14,source,mut_3607818929cb
15.0,sqlparse,tabulate,120,0.0425,False,False,5000,0,15,source,mut_362a64bf5afe
15.0,sqlparse,tabulate,120,0.0508,False,False,5000,0,16,source,mut_3729fae7806f
15.0,sqlparse,tabulate,120,0.0528,False,False,5000,0,17,source,mut_37cb2031b486
15.0,sqlparse,tabulate,120,0.0417,False,False,5000,0,18,source,mut_38183bd2c1ed
15.0,sqlparse,tabulate,120,0.0652,False,False,5000,0,19,source,mut_38763383d7b0
15.0,sqlparse,tabulate,120,0.0444,False,False,5000,0,20,source,mut_3955a686c91d
15.0,sqlparse,tabulate,120,0.0436,False,False,5000,0,21,source,mut_3989cb53b832
15.0,sqlparse,tabulate,120,0.1989,False,False,5000,0,22,source,mut_39975d92d790
15.0,sqlparse,tabulate,120,0.0316,False,False,5000,0,23,source,mut_3a92baf97f66
15.0,sqlparse,tabulate,120,0.056,False,False,5000,0,24,source,mut_3b88002f0733
15.0,sqlparse,tabulate,120,0.0411,False,False,5000,0,25,source,mut_3d58a54aa20f
15.0,sqlparse,tabulate,120,0.0427,False,False,5000,0,26,source,mut_3e04b14de979
15.0,sqlparse,tabulate,120,0.71,False,False,5000,0,27,source,mut_3ffd50b21960
15.0,sqlparse,tabulate,120,0.1819,False,False,5000,0,28,source,mut_407eb9486001
15.0,sqlparse,tabulate,120,0.0395,False,False,5000,0,29,source,mut_4324b71a987c
15.0,sqlparse,tabulate,120,0.0847,False,False,5000,0,30,source,mut_434d19a26cdb
15.0,sqlparse,tabulate,120,0.052,False,False,5000,0,31,source,mut_43695e7c2f7b
15.0,sqlparse,tabulate,120,0.0395,False,False,5000,0,32,source,mut_437302185cb1
15.0,sqlparse,tabulate,120,0.6337,False,False,5000,0,33,source,mut_463c594b3f76
15.0,sqlparse,tabulate,120,0.0394,False,False,5000,0,34,source,mut_48baccea58f0
15.0,sqlparse,tabulate,120,0.0846,False,False,5000,0,35,source,mut_48fde9d2deea
15.0,sqlparse,tabulate,120,0.0466,False,False,5000,0,36,source,mut_4b13ccc70742
15.0,sqlparse,tabulate,120,0.3367,False,False,5000,0,37,source,mut_4c09085f2073
15.0,sqlparse,tabulate,120,0.0404,False,False,5000,0,38,source,mut_4c4e6b8ce530
15.0,sqlparse,tabulate,120,0.0478,False,False,5000,0,39,source,mut_4ddc4cbd929b
15.0,sqlparse,tabulate,120,0.0587,False,False,5000,0,40,source,mut_4ec1d7e52659
15.0,sqlparse,tabulate,120,0.0877,False,False,5000,0,41,source,mut_4fea0ea939d2
15.0,sqlparse,tabulate,120,0.0862,False,False,5000,0,42,source,mut_5058b98fc3dc
15.0,sqlparse,tabulate,120,0.0554,False,False,5000,0,43,source,mut_50aabc4b5a25
15.0,sqlparse,tabulate,120,0.0735,False,False,5000,0,44,source,mut_513085300da3
15.0,sqlparse,tabulate,120,0.328,False,False,5000,0,45,source,mut_515b7e3ac580
15.0,sqlparse,tabulate,120,0.0368,False,False,5000,0,46,source,mut_51d953d55d3a
15.0,sqlparse,tabulate,120,0.6934,False,False,5000,0,47,source,mut_563fc775221b
15.0,sqlparse,tabulate,120,0.0481,False,False,5000,0,48,source,mut_565c4e576970
15.0,sqlparse,tabulate,120,0.0569,False,False,5000,0,49,source,mut_577d92322485
15.0,sqlparse,tabulate,120,0.1149,False,False,5000,0,50,source,mut_598fea02071b
15.0,sqlparse,tabulate,120,0.0295,False,False,5000,0,51,source,mut_59ad839eb361
15.0,sqlparse,tabulate,120,0.0388,False,False,5000,0,52,source,mut_59d5612d680e
15.0,sqlparse,tabulate,120,0.0515,False,False,5000,0,53,source,mut_5a1265cdd7fd
15.0,sqlparse,tabulate,120,0.05,False,False,5000,0,54,source,mut_5a226ce8e9a0
15.0,sqlparse,tabulate,120,0.0369,False,False,5000,0,55,source,mut_5c4e9febc1b4
15.0,sqlparse,tabulate,120,0.1964,False,False,5000,0,56,source,mut_5c5dd82adb4a
15.0,sqlparse,tabulate,120,0.0778,False,False,5000,0,57,source,mut_5c709acf8a71
15.0,sqlparse,tabulate,120,0.042,False,False,5000,0,58,source,mut_5c83645a4b40
15.0,sqlparse,tabulate,120,0.7113,False,False,5000,0,59,source,mut_5ca66cf5e21c
15.0,sqlparse,tabulate,120,0.0313,False,False,5000,0,60,source,mut_5e1e3f22ddce
15.0,sqlparse,tabulate,120,0.0413,False,False,5000,0,61,source,mut_5e911c243c0e
15.0,sqlparse,tabulate,120,0.0427,False,False,5000,0,62,source,mut_5f9ee10badbd
15.0,sqlparse,tabulate,120,0.0884,False,False,5000,0,63,source,mut_603659d3c40d
15.0,sqlparse,tabulate,120,0.0731,False,False,5000,0,64,source,mut_628c76f5d806
15.0,sqlparse,tabulate,120,0.0373,False,False,5000,0,65,source,mut_683a907522ac
15.0,sqlparse,tabulate,120,0.0373,False,False,5000,0,66,source,mut_68be773b8e4f
15.0,sqlparse,tabulate,120,0.1186,False,False,5000,0,67,source,mut_6a213918b9c2
15.0,sqlparse,tabulate,120,0.1034,False,False,5000,0,68,source,mut_6e3d6f48ed29
15.0,sqlparse,tabulate,120,0.117,False,False,5000,0,69,source,mut_6e5ae450d2f4
15.0,sqlparse,tabulate,120,0.0553,False,False,5000,0,70,source,mut_6f68b59e3602
15.0,sqlparse,tabulate,120,0.048,False,False,5000,0,71,source,mut_70e6e6870886
15.0,sqlparse,tabulate,120,0.0553,False,False,5000,0,72,source,mut_7180d183cdb2
15.0,sqlparse,tabulate,120,0.0407,False,False,5000,0,73,source,mut_71b88b2cf7de
15.0,sqlparse,tabulate,120,0.0702,False,False,5000,0,74,source,mut_71f61f9f2540
15.0,sqlparse,tabulate,120,0.0353,False,False,5000,0,75,source,mut_731cab0bcb1e
15.0,sqlparse,tabulate,120,0.1718,False,False,5000,0,76,source,mut_754d4bc16c13
15.0,sqlparse,tabulate,120,0.0415,False,False,5000,0,77,source,mut_76df77b21013
15.0,sqlparse,tabulate,120,0.0395,False,False,5000,0,78,source,mut_779fd8ca5ea2
15.0,sqlparse,tabulate,120,0.7145,False,False,5000,0,79,source,mut_78f391f3ae79
15.0,sqlparse,tabulate,120,0.0461,False,False,5000,0,80,source,mut_7a80661c2bdf
15.0,sqlparse,tabulate,120,0.0382,False,False,5000,0,81,source,mut_7ac454133642
15.0,sqlparse,tabulate,120,0.0484,False,False,5000,0,82,source,mut_7f1ddc9250cb
15.0,sqlparse,tabulate,120,0.0314,False,False,5000,0,83,source,mut_806afac0611b
15.0,sqlparse,tabulate,120,0.0479,False,False,5000,0,84,source,mut_807d8e804bf8
15.0,sqlparse,tabulate,120,0.0357,False,False,5000,0,85,source,mut_81b0f720b4ad
15.0,sqlparse,tabulate,120,0.0331,False,False,5000,0,86,source,mut_857cd34d9508
15.0,sqlparse,tabulate,120,0.4462,False,False,5000,0,87,source,mut_859de364d4a7
15.0,sqlparse,tabulate,120,0.4239,False,False,5000,0,88,source,mut_8732d5380027
15.0,sqlparse,tabulate,120,0.1565,False,False,5000,0,89,source,mut_8a5d75cb4aec
15.0,sqlparse,tabulate,120,0.0691,False,False,5000,0,90,source,mut_8afc8711c974
15.0,sqlparse,tabulate,120,0.0295,False,False,5000,0,91,source,mut_8afcbc176f7c
15.0,sqlparse,tabulate,120,0.0858,False,False,5000,0,92,source,mut_8bb6b81c5c05
15.0,sqlparse,tabulate,120,0.1762,False,False,5000,0,93,source,mut_8dec537426f2
15.0,sqlparse,tabulate,120,0.0462,False,False,5000,0,94,source,mut_8eb2650ff656
15.0,sqlparse,tabulate,120,0.0799,False,False,5000,0,95,source,mut_908604a45c2c
15.0,sqlparse,tabulate,120,0.7016,False,False,5000,0,96,source,mut_90c65e06e91d
15.0,sqlparse,tabulate,120,0.0408,False,False,5000,0,97,source,mut_930916d9cada
15.0,sqlparse,tabulate,120,0.0481,False,False,5000,0,98,source,mut_9399d7fed319
15.0,sqlparse,tabulate,120,0.0992,False,False,5000,0,99,source,mut_95b57bdb8e06
15.0,sqlparse,tabulate,120,0.1111,False,False,5000,0,100,source,mut_95f34860eb42
15.0,sqlparse,tabulate,120,0.1329,False,False,5000,0,101,source,mut_982ebface207
15.0,sqlparse,tabulate,120,0.4833,False,False,5000,0,102,source,mut_99b614a17041
15.0,sqlparse,tabulate,120,0.1248,False,False,5000,0,103,source,mut_99bbe3921446
15.0,sqlparse,tabulate,120,0.1355,False,False,5000,0,104,source,mut_9b3ec648417a
15.0,sqlparse,tabulate,120,0.0385,False,False,5000,0,105,source,mut_9bf67af918bd
15.0,sqlparse,tabulate,120,0.1266,False,False,5000,0,106,source,mut_9c15331910a5
15.0,sqlparse,tabulate,120,0.1955,False,False,5000,0,107,source,mut_9c99d9603470
15.0,sqlparse,tabulate,120,0.0405,False,False,5000,0,108,source,mut_9d8e6cc0069c
15.0,sqlparse,tabulate,120,0.047,False,False,5000,0,109,source,mut_9f9228b8c4ec
15.0,sqlparse,tabulate,120,0.081,False,False,5000,0,110,source,mut_a0e430d2e24c
15.0,sqlparse,tabulate,120,0.1091,False,False,5000,0,111,source,mut_a16d02f2dc00
15.0,sqlparse,tabulate,120,0.1312,False,False,5000,0,112,source,mut_a1f58669a52a
15.0,sqlparse,tabulate,120,0.0536,False,False,5000,0,113,source,mut_a21f60a5d0a2
15.0,sqlparse,tabulate,120,0.0498,False,False,5000,0,114,source,mut_a69c8d55276b
15.0,sqlparse,tabulate,120,0.0434,False,False,5000,0,115,source,mut_a8bedd912dd0
15.0,sqlparse,tabulate,120,0.0315,False,False,5000,0,116,source,mut_a949d8b1dc85
15.0,sqlparse,tabulate,120,0.0415,False,False,5000,0,117,source,mut_aa28b02f08d0
15.0,sqlparse,tabulate,120,0.0617,False,False,5000,0,118,source,mut_aa2b8a0635bf
15.0,sqlparse,tabulate,120,0.0562,False,False,5000,0,119,source,mut_aaeb7748441b
15.0,sqlparse,tabulate,120,0.7158,False,False,5000,0,120,target,mut_01ff1dcdaf8f
15.0,sqlparse,tabulate,120,0.1104,False,False,5000,0,121,target,mut_030f8643f53d
15.0,sqlparse,tabulate,120,0.109,False,False,5000,0,122,target,mut_0418ca7582e6
15.0,sqlparse,tabulate,120,0.081,False,False,5000,0,123,target,mut_064986125f71
15.0,sqlparse,tabulate,120,0.1532,False,False,5000,0,124,target,mut_080e4fcfb8a7
15.0,sqlparse,tabulate,120,0.1594,False,False,5000,0,125,target,mut_085d658cb5db
15.0,sqlparse,tabulate,120,0.0813,False,False,5000,0,126,target,mut_099834607006
15.0,sqlparse,tabulate,120,0.1809,False,False,5000,0,127,target,mut_0a099168b515
15.0,sqlparse,tabulate,120,0.1015,False,False,5000,0,128,target,mut_0e0deaefa0bc
15.0,sqlparse,tabulate,120,0.1166,False,False,5000,0,129,target,mut_0f07e7c4eca1
15.0,sqlparse,tabulate,120,0.1015,False,False,5000,0,130,target,mut_0f5523b9c786
15.0,sqlparse,tabulate,120,0.1098,False,False,5000,0,131,target,mut_0f846223248f
15.0,sqlparse,tabulate,120,0.0925,False,False,5000,0,132,target,mut_10790f95463d
15.0,sqlparse,tabulate,120,0.0947,False,False,5000,0,133,target,mut_10a084bd1391
15.0,sqlparse,tabulate,120,0.0875,False,False,5000,0,134,target,mut_1330de122069
15.0,sqlparse,tabulate,120,0.1537,False,False,5000,0,135,target,mut_13e43bd30215
15.0,sqlparse,tabulate,120,0.127,False,False,5000,0,136,target,mut_14b738b2f366
15.0,sqlparse,tabulate,120,0.2262,False,False,5000,0,137,target,mut_16107d20d4f6
15.0,sqlparse,tabulate,120,0.1252,False,False,5000,0,138,target,mut_180689350b61
15.0,sqlparse,tabulate,120,0.119,False,False,5000,0,139,target,mut_1869f40a11fe
15.0,sqlparse,tabulate,120,0.1629,False,False,5000,0,140,target,mut_18772feacc7e
15.0,sqlparse,tabulate,120,0.1112,False,False,5000,0,141,target,mut_1bda071a6f7d
15.0,sqlparse,tabulate,120,0.0915,False,False,5000,0,142,target,mut_1cadb3e755b1
15.0,sqlparse,tabulate,120,0.061,False,False,5000,0,143,target,mut_1e27d8008c13
15.0,sqlparse,tabulate,120,0.067,False,False,5000,0,144,target,mut_242a460375e2
15.0,sqlparse,tabulate,120,0.0561,False,False,5000,0,145,target,mut_2648b8dfc8ed
15.0,sqlparse,tabulate,120,0.0603,False,False,5000,0,146,target,mut_284c0fbe9e56
15.0,sqlparse,tabulate,120,0.0702,False,False,5000,0,147,target,mut_28b6393a4993
15.0,sqlparse,tabulate,120,0.3405,False,False,5000,0,148,target,mut_2939aef51aa6
15.0,sqlparse,tabulate,120,0.5971,False,False,5000,0,149,target,mut_2979613d9f2b
15.0,sqlparse,tabulate,120,0.0796,False,False,5000,0,150,target,mut_298287932461
15.0,sqlparse,tabulate,120,0.0423,False,False,5000,0,151,target,mut_2a5743e6e9db
15.0,sqlparse,tabulate,120,0.0506,False,False,5000,0,152,target,mut_2b05b1e50571
15.0,sqlparse,tabulate,120,0.0431,False,False,5000,0,153,target,mut_2c3cc24849a0
15.0,sqlparse,tabulate,120,0.0459,False,False,5000,0,154,target,mut_2d8272190c42
15.0,sqlparse,tabulate,120,0.0458,False,False,5000,0,155,target,mut_2f34020fb58d
15.0,sqlparse,tabulate,120,0.0623,False,False,5000,0,156,target,mut_2fda078ae429
15.0,sqlparse,tabulate,120,0.1307,False,False,5000,0,157,target,mut_3174687b1191
15.0,sqlparse,tabulate,120,0.0755,False,False,5000,0,158,target,mut_32c633b81087
15.0,sqlparse,tabulate,120,0.0662,False,False,5000,0,159,target,mut_3330b13319e9
15.0,sqlparse,tabulate,120,0.0353,False,False,5000,0,160,target,mut_363ef3f029dc
15.0,sqlparse,tabulate,120,0.0381,False,False,5000,0,161,target,mut_375120641df2
15.0,sqlparse,tabulate,120,0.0433,False,False,5000,0,162,target,mut_37999cf9db01
15.0,sqlparse,tabulate,120,0.0489,False,False,5000,0,163,target,mut_37e23300dba2
15.0,sqlparse,tabulate,120,0.0408,False,False,5000,0,164,target,mut_38324fb7a27b
15.0,sqlparse,tabulate,120,0.03,False,False,5000,0,165,target,mut_39025c466681
15.0,sqlparse,tabulate,120,0.0489,False,False,5000,0,166,target,mut_39d29cc47391
15.0,sqlparse,tabulate,120,0.03,False,False,5000,0,167,target,mut_3bd3c269dfe5
15.0,sqlparse,tabulate,120,0.0382,False,False,5000,0,168,target,mut_3be2be653944
15.0,sqlparse,tabulate,120,0.7497,False,False,5000,0,169,target,mut_3cffefe36798
15.0,sqlparse,tabulate,120,0.074,False,False,5000,0,170,target,mut_3e06caa9cc95
15.0,sqlparse,tabulate,120,0.532,False,False,5000,0,171,target,mut_3ef310da54b1
15.0,sqlparse,tabulate,120,0.0331,False,False,5000,0,172,target,mut_3efbe3e5ff36
15.0,sqlparse,tabulate,120,0.7627,False,False,5000,0,173,target,mut_3f8a2adaee1c
15.0,sqlparse,tabulate,120,0.6842,False,False,5000,0,174,target,mut_3fc83c229263
15.0,sqlparse,tabulate,120,0.0303,False,False,5000,0,175,target,mut_40b111a0ea20
15.0,sqlparse,tabulate,120,0.0357,False,False,5000,0,176,target,mut_4194c4a4dfe6
15.0,sqlparse,tabulate,120,0.0276,False,False,5000,0,177,target,mut_41fa99991f0b
15.0,sqlparse,tabulate,120,0.033,False,False,5000,0,178,target,mut_4384a219c955
15.0,sqlparse,tabulate,120,0.4829,False,False,5000,0,179,target,mut_43bcabda2c1c
15.0,sqlparse,tabulate,120,0.0275,False,False,5000,0,180,target,mut_457012a4d98c
15.0,sqlparse,tabulate,120,0.0275,False,False,5000,0,181,target,mut_485192f8feb7
15.0,sqlparse,tabulate,120,0.0275,False,False,5000,0,182,target,mut_4bd59480cc4f
15.0,sqlparse,tabulate,120,0.0384,False,False,5000,0,183,target,mut_4cddc602efff
15.0,sqlparse,tabulate,120,0.0276,False,False,5000,0,184,target,mut_4d373729c558
15.0,sqlparse,tabulate,120,0.5858,False,False,5000,0,185,target,mut_4d3c42537ccd
15.0,sqlparse,tabulate,120,0.028,False,False,5000,0,186,target,mut_4f5f9a062b32
15.0,sqlparse,tabulate,120,0.028,False,False,5000,0,187,target,mut_50802d486d65
15.0,sqlparse,tabulate,120,0.043,False,False,5000,0,188,target,mut_5178b3c4bcef
15.0,sqlparse,tabulate,120,0.028,False,False,5000,0,189,target,mut_526f4add9f2a
15.0,sqlparse,tabulate,120,0.0473,False,False,5000,0,190,target,mut_52744975db96
15.0,sqlparse,tabulate,120,0.0364,False,False,5000,0,191,target,mut_52d3d84c77f0
15.0,sqlparse,tabulate,120,0.0364,False,False,5000,0,192,target,mut_55889f174052
15.0,sqlparse,tabulate,120,0.0337,False,False,5000,0,193,target,mut_55ad4af114d8
15.0,sqlparse,tabulate,120,0.0603,False,False,5000,0,194,target,mut_56245a077a9f
15.0,sqlparse,tabulate,120,0.0337,False,False,5000,0,195,target,mut_562d394e9f72
15.0,sqlparse,tabulate,120,0.4018,False,False,5000,0,196,target,mut_57d0c9cb114e
15.0,sqlparse,tabulate,120,0.0341,False,False,5000,0,197,target,mut_58305a6f4eb2
15.0,sqlparse,tabulate,120,0.1503,False,False,5000,0,198,target,mut_58c9743489d6
15.0,sqlparse,tabulate,120,0.0662,False,False,5000,0,199,target,mut_5abe2e3e882c
15.0,sqlparse,tabulate,120,0.0431,False,False,5000,0,200,target,mut_5c1b5c05a7d5
15.0,sqlparse,tabulate,120,0.3205,False,False,5000,0,201,target,mut_5d39580f9286
15.0,sqlparse,tabulate,120,0.0362,False,False,5000,0,202,target,mut_5e3e2fd199aa
15.0,sqlparse,tabulate,120,0.0363,False,False,5000,0,203,target,mut_6078fe15ed24
15.0,sqlparse,tabulate,120,0.6972,False,False,5000,0,204,target,mut_61eea6c5ca38
15.0,sqlparse,tabulate,120,0.0331,False,False,5000,0,205,target,mut_63a7dbc5cfb4
15.0,sqlparse,tabulate,120,0.0276,False,False,5000,0,206,target,mut_65f9a94d5de9
15.0,sqlparse,tabulate,120,0.0331,False,False,5000,0,207,target,mut_66749e506a20
15.0,sqlparse,tabulate,120,0.0304,False,False,5000,0,208,target,mut_66dc922fc183
15.0,sqlparse,tabulate,120,0.7731,False,False,5000,0,209,target,mut_6706ca197df4
15.0,sqlparse,tabulate,120,0.0329,False,False,5000,0,210,target,mut_683996bdd811
15.0,sqlparse,tabulate,120,0.4124,False,False,5000,0,211,target,mut_68ec67ac89e4
15.0,sqlparse,tabulate,120,0.7735,False,False,5000,0,212,target,mut_69467f2af28e
15.0,sqlparse,tabulate,120,0.2612,False,False,5000,0,213,target,mut_69f7a0487a31
15.0,sqlparse,tabulate,120,0.0724,False,False,5000,0,214,target,mut_6aabac65417d
15.0,sqlparse,tabulate,120,0.0356,False,False,5000,0,215,target,mut_6b6d9a306e87
15.0,sqlparse,tabulate,120,0.0356,False,False,5000,0,216,target,mut_6be766ffae3e
15.0,sqlparse,tabulate,120,0.7084,False,False,5000,0,217,target,mut_6c3722313f43
15.0,sqlparse,tabulate,120,0.0518,False,False,5000,0,218,target,mut_6c389af055e7
15.0,sqlparse,tabulate,120,0.3612,False,False,5000,0,219,target,mut_6ca07ddd644b
15.0,sqlparse,tabulate,120,0.0437,False,False,5000,0,220,target,mut_6dfb599fc04e
15.0,sqlparse,tabulate,120,0.0383,False,False,5000,0,221,target,mut_6ee34073c9da
15.0,sqlparse,tabulate,120,0.0436,False,False,5000,0,222,target,mut_6f1c5b362cb6
15.0,sqlparse,tabulate,120,0.5315,False,False,5000,0,223,target,mut_7206f44e82b9
15.0,sqlparse,tabulate,120,0.0274,False,False,5000,0,224,target,mut_726a1e3349be
15.0,sqlparse,tabulate,120,0.0491,False,False,5000,0,225,target,mut_728a1c133c64
15.0,sqlparse,tabulate,120,0.3721,False,False,5000,0,226,target,mut_73c5ea89e51f
15.0,sqlparse,tabulate,120,0.0924,False,False,5000,0,227,target,mut_74d7ef899586
15.0,sqlparse,tabulate,120,0.0304,False,False,5000,0,228,target,mut_75f9a0f96be0
15.0,sqlparse,tabulate,120,0.339,False,False,5000,0,229,target,mut_771bdbf1556c
15.0,sqlparse,tabulate,120,0.2529,False,False,5000,0,230,target,mut_785ceb473257
15.0,sqlparse,tabulate,120,0.0356,False,False,5000,0,231,target,mut_78e23d7106f2
15.0,sqlparse,tabulate,120,0.0969,False,False,5000,0,232,target,mut_797997904741
15.0,sqlparse,tabulate,120,0.2449,False,False,5000,0,233,target,mut_7af923a5072e
15.0,sqlparse,tabulate,120,0.044,False,False,5000,0,234,target,mut_7c286298a8cf
15.0,sqlparse,tabulate,120,0.0278,False,False,5000,0,235,target,mut_7c5fdede9d4c
15.0,sqlparse,tabulate,120,0.0278,False,False,5000,0,236,target,mut_7cc98fec983c
15.0,sqlparse,tabulate,120,0.0444,False,False,5000,0,237,target,mut_7d31ed51251a
15.0,sqlparse,tabulate,120,0.0512,False,False,5000,0,238,target,mut_7ef06352d3a7
15.0,sqlparse,tabulate,120,0.0365,False,False,5000,0,239,target,mut_80615b5b7282
15.0,tabulate,validators,120,0.2127,False,False,5000,0,0,source,mut_363ef3f029dc
15.0,tabulate,validators,120,0.2175,False,False,5000,0,1,source,mut_375120641df2
15.0,tabulate,validators,120,0.0496,False,False,5000,0,2,source,mut_37999cf9db01
15.0,tabulate,validators,120,0.2181,False,False,5000,0,3,source,mut_37e23300dba2
15.0,tabulate,validators,120,0.2126,False,False,5000,0,4,source,mut_38324fb7a27b
15.0,tabulate,validators,120,0.2112,False,False,5000,0,5,source,mut_39025c466681
15.0,tabulate,validators,120,0.2233,False,False,5000,0,6,source,mut_39d29cc47391
15.0,tabulate,validators,120,0.2106,False,False,5000,0,7,source,mut_3bd3c269dfe5
15.0,tabulate,validators,120,0.2137,False,False,5000,0,8,source,mut_3be2be653944
15.0,tabulate,validators,120,0.6147,False,False,5000,0,9,source,mut_3cffefe36798
15.0,tabulate,validators,120,0.2676,False,False,5000,0,10,source,mut_3e06caa9cc95
15.0,tabulate,validators,120,0.4545,False,False,5000,0,11,source,mut_3ef310da54b1
15.0,tabulate,validators,120,0.2165,False,False,5000,0,12,source,mut_3efbe3e5ff36
15.0,tabulate,validators,120,0.6172,False,False,5000,0,13,source,mut_3f8a2adaee1c
15.0,tabulate,validators,120,0.5961,False,False,5000,0,14,source,mut_3fc83c229263
15.0,tabulate,validators,120,0.2227,False,False,5000,0,15,source,mut_40b111a0ea20
15.0,tabulate,validators,120,0.2239,False,False,5000,0,16,source,mut_4194c4a4dfe6
15.0,tabulate,validators,120,0.2217,False,False,5000,0,17,source,mut_41fa99991f0b
15.0,tabulate,validators,120,0.2296,False,False,5000,0,18,source,mut_4384a219c955
15.0,tabulate,validators,120,0.4647,False,False,5000,0,19,source,mut_43bcabda2c1c
15.0,tabulate,validators,120,0.2296,False,False,5000,0,20,source,mut_457012a4d98c
15.0,tabulate,validators,120,0.2152,False,False,5000,0,21,source,mut_485192f8feb7
15.0,tabulate,validators,120,0.2173,False,False,5000,0,22,source,mut_4bd59480cc4f
15.0,tabulate,validators,120,0.226,False,False,5000,0,23,source,mut_4cddc602efff
15.0,tabulate,validators,120,0.2343,False,False,5000,0,24,source,mut_4d373729c558
15.0,tabulate,validators,120,0.4945,False,False,5000,0,25,source,mut_4d3c42537ccd
15.0,tabulate,validators,120,0.2421,False,False,5000,0,26,source,mut_4f5f9a062b32
15.0,tabulate,validators,120,0.2422,False,False,5000,0,27,source,mut_50802d486d65
15.0,tabulate,validators,120,0.0453,False,False,5000,0,28,source,mut_5178b3c4bcef
15.0,tabulate,validators,120,0.2343,False,False,5000,0,29,source,mut_526f4add9f2a
15.0,tabulate,validators,120,0.2484,False,False,5000,0,30,source,mut_52744975db96
15.0,tabulate,validators,120,0.2433,False,False,5000,0,31,source,mut_52d3d84c77f0
15.0,tabulate,validators,120,0.2451,False,False,5000,0,32,source,mut_55889f174052
15.0,tabulate,validators,120,0.2445,False,False,5000,0,33,source,mut_55ad4af114d8
15.0,tabulate,validators,120,0.0708,False,False,5000,0,34,source,mut_56245a077a9f
15.0,tabulate,validators,120,0.2479,False,False,5000,0,35,source,mut_562d394e9f72
15.0,tabulate,validators,120,0.4053,False,False,5000,0,36,source,mut_57d0c9cb114e
15.0,tabulate,validators,120,0.2444,False,False,5000,0,37,source,mut_58305a6f4eb2
15.0,tabulate,validators,120,0.3278,False,False,5000,0,38,source,mut_58c9743489d6
15.0,tabulate,validators,120,0.2591,False,False,5000,0,39,source,mut_5abe2e3e882c
15.0,tabulate,validators,120,0.0637,False,False,5000,0,40,source,mut_5c1b5c05a7d5
15.0,tabulate,validators,120,0.351,False,False,5000,0,41,source,mut_5d39580f9286
15.0,tabulate,validators,120,0.2466,False,False,5000,0,42,source,mut_5e3e2fd199aa
15.0,tabulate,validators,120,0.2494,False,False,5000,0,43,source,mut_6078fe15ed24
15.0,tabulate,validators,120,0.5562,False,False,5000,0,44,source,mut_61eea6c5ca38
15.0,tabulate,validators,120,0.2342,False,False,5000,0,45,source,mut_63a7dbc5cfb4
15.0,tabulate,validators,120,0.2243,False,False,5000,0,46,source,mut_65f9a94d5de9
15.0,tabulate,validators,120,0.2455,False,False,5000,0,47,source,mut_66749e506a20
15.0,tabulate,validators,120,0.2454,False,False,5000,0,48,source,mut_66dc922fc183
15.0,tabulate,validators,120,0.5942,False,False,5000,0,49,source,mut_6706ca197df4
15.0,tabulate,validators,120,0.2307,False,False,5000,0,50,source,mut_683996bdd811
15.0,tabulate,validators,120,0.4329,False,False,5000,0,51,source,mut_68ec67ac89e4
15.0,tabulate,validators,120,0.6083,False,False,5000,0,52,source,mut_69467f2af28e
15.0,tabulate,validators,120,0.3442,False,False,5000,0,53,source,mut_69f7a0487a31
15.0,tabulate,validators,120,0.0827,False,False,5000,0,54,source,mut_6aabac65417d
15.0,tabulate,validators,120,0.2274,False,False,5000,0,55,source,mut_6b6d9a306e87
15.0,tabulate,validators,120,0.2277,False,False,5000,0,56,source,mut_6be766ffae3e
15.0,tabulate,validators,120,0.579,False,False,5000,0,57,source,mut_6c3722313f43
15.0,tabulate,validators,120,0.2299,False,False,5000,0,58,source,mut_6c389af055e7
15.0,tabulate,validators,120,0.4015,False,False,5000,0,59,source,mut_6ca07ddd644b
15.0,tabulate,validators,120,0.2311,False,False,5000,0,60,source,mut_6dfb599fc04e
15.0,tabulate,validators,120,0.2312,False,False,5000,0,61,source,mut_6ee34073c9da
15.0,tabulate,validators,120,0.0631,False,False,5000,0,62,source,mut_6f1c5b362cb6
15.0,tabulate,validators,120,0.4753,False,False,5000,0,63,source,mut_7206f44e82b9
15.0,tabulate,validators,120,0.2255,False,False,5000,0,64,source,mut_726a1e3349be
15.0,tabulate,validators,120,0.236,False,False,5000,0,65,source,mut_728a1c133c64
15.0,tabulate,validators,120,0.4213,False,False,5000,0,66,source,mut_73c5ea89e51f
15.0,tabulate,validators,120,0.2525,False,False,5000,0,67,source,mut_74d7ef899586
15.0,tabulate,validators,120,0.2308,False,False,5000,0,68,source,mut_75f9a0f96be0
15.0,tabulate,validators,120,0.3898,False,False,5000,0,69,source,mut_771bdbf1556c
15.0,tabulate,validators,120,0.327,False,False,5000,0,70,source,mut_785ceb473257
15.0,tabulate,validators,120,0.2367,False,False,5000,0,71,source,mut_78e23d7106f2
15.0,tabulate,validators,120,0.099,False,False,5000,0,72,source,mut_797997904741
15.0,tabulate,validators,120,0.3361,False,False,5000,0,73,source,mut_7af923a5072e
15.0,tabulate,validators,120,0.2376,False,False,5000,0,74,source,mut_7c286298a8cf
15.0,tabulate,validators,120,0.2326,False,False,5000,0,75,source,mut_7c5fdede9d4c
15.0,tabulate,validators,120,0.2367,False,False,5000,0,76,source,mut_7cc98fec983c
15.0,tabulate,validators,120,0.2423,False,False,5000,0,77,source,mut_7d31ed51251a
15.0,tabulate,validators,120,0.0678,False,False,5000,0,78,source,mut_7ef06352d3a7
15.0,tabulate,validators,120,0.2408,False,False,5000,0,79,source,mut_80615b5b7282
15.0,tabulate,validators,120,0.3121,False,False,5000,0,80,source,mut_811487a68c5d
15.0,tabulate,validators,120,0.2351,False,False,5000,0,81,source,mut_8181a2f82da7
15.0,tabulate,validators,120,0.25,False,False,5000,0,82,source,mut_88b12601c6b4
15.0,tabulate,validators,120,0.2426,False,False,5000,0,83,source,mut_89568a9687b8
15.0,tabulate,validators,120,0.2419,False,False,5000,0,84,source,mut_8a98ecc1d2d4
15.0,tabulate,validators,120,0.2425,False,False,5000,0,85,source,mut_8c4aaa0e41ce
15.0,tabulate,validators,120,0.2468,False,False,5000,0,86,source,mut_8c608518a181
15.0,tabulate,validators,120,0.2432,False,False,5000,0,87,source,mut_8c786843757a
15.0,tabulate,validators,120,0.24,False,False,5000,0,88,source,mut_8cf7bb535c6a
15.0,tabulate,validators,120,0.3268,False,False,5000,0,89,source,mut_8d903b6b05a3
15.0,tabulate,validators,120,0.0863,False,False,5000,0,90,source,mut_8f3048c9fdb7
15.0,tabulate,validators,120,0.2516,False,False,5000,0,91,source,mut_921c9bdec666
15.0,tabulate,validators,120,0.3278,False,False,5000,0,92,source,mut_92feb5abd563
15.0,tabulate,validators,120,0.2406,False,False,5000,0,93,source,mut_932e7cda0930
15.0,tabulate,validators,120,0.2434,False,False,5000,0,94,source,mut_93ab546ac587
15.0,tabulate,validators,120,0.2362,False,False,5000,0,95,source,mut_9425e56c8f32
15.0,tabulate,validators,120,0.459,False,False,5000,0,96,source,mut_95e0ba25ca32
15.0,tabulate,validators,120,0.2388,False,False,5000,0,97,source,mut_999907b4c7a6
15.0,tabulate,validators,120,0.5017,False,False,5000,0,98,source,mut_9b7d45f02538
15.0,tabulate,validators,120,0.2398,False,False,5000,0,99,source,mut_9cb5320581a3
15.0,tabulate,validators,120,0.2361,False,False,5000,0,100,source,mut_9de10da28138
15.0,tabulate,validators,120,0.2368,False,False,5000,0,101,source,mut_9e01564fb2ab
15.0,tabulate,validators,120,0.2368,False,False,5000,0,102,source,mut_9e6ff70ad808
15.0,tabulate,validators,120,0.2651,False,False,5000,0,103,source,mut_a1a4182595b1
15.0,tabulate,validators,120,0.2368,False,False,5000,0,104,source,mut_a241047a443f
15.0,tabulate,validators,120,0.2504,False,False,5000,0,105,source,mut_a2b65cfb3d3a
15.0,tabulate,validators,120,0.2424,False,False,5000,0,106,source,mut_a63f710c92d1
15.0,tabulate,validators,120,0.2465,False,False,5000,0,107,source,mut_a67051d78031
15.0,tabulate,validators,120,0.2438,False,False,5000,0,108,source,mut_aa7f0f34b10d
15.0,tabulate,validators,120,0.441,False,False,5000,0,109,source,mut_aafb68a62b09
15.0,tabulate,validators,120,0.0557,False,False,5000,0,110,source,mut_ab09c49fd53a
15.0,tabulate,validators,120,0.4615,False,False,5000,0,111,source,mut_ab58be0bb8c2
15.0,tabulate,validators,120,0.2424,False,False,5000,0,112,source,mut_ad33877f23bb
15.0,tabulate,validators,120,0.2624,False,False,5000,0,113,source,mut_ae36e3d9e7f6
15.0,tabulate,validators,120,0.2414,False,False,5000,0,114,source,mut_b07810dc98f4
15.0,tabulate,validators,120,0.2467,False,False,5000,0,115,source,mut_b0ff2a65ff0d
15.0,tabulate,validators,120,0.2373,False,False,5000,0,116,source,mut_b2a32bf545ca
15.0,tabulate,validators,120,0.2357,False,False,5000,0,117,source,mut_b5768671456c
15.0,tabulate,validators,120,0.2484,False,False,5000,0,118,source,mut_b688877f7d5c
15.0,tabulate,validators,120,0.2424,False,False,5000,0,119,source,mut_b6a2085614f1
15.0,tabulate,validators,120,0.1695,False,False,5000,0,120,target,mut_001b988525ce
15.0,tabulate,validators,120,0.0332,False,False,5000,0,121,target,mut_0050ec50d7f6
15.0,tabulate,validators,120,0.0291,False,False,5000,0,122,target,mut_0151fb65ff25
15.0,tabulate,validators,120,0.0278,False,False,5000,0,123,target,mut_01a12dc9938d
15.0,tabulate,validators,120,0.0393,False,False,5000,0,124,target,mut_01a42bc76525
15.0,tabulate,validators,120,0.028,False,False,5000,0,125,target,mut_01b58447823e
15.0,tabulate,validators,120,0.0336,False,False,5000,0,126,target,mut_023a8f13b446
15.0,tabulate,validators,120,0.0389,False,False,5000,0,127,target,mut_026fd25fc412
15.0,tabulate,validators,120,0.0246,False,False,5000,0,128,target,mut_02c592edc150
15.0,tabulate,validators,120,0.0246,False,False,5000,0,129,target,mut_03246c80d914
15.0,tabulate,validators,120,0.0208,False,False,5000,0,130,target,mut_06c55d30e1cb
15.0,tabulate,validators,120,0.0302,False,False,5000,0,131,target,mut_06ef31fddfdd
15.0,tabulate,validators,120,0.0201,False,False,5000,0,132,target,mut_07b921225588
15.0,tabulate,validators,120,0.0231,False,False,5000,0,133,target,mut_0824a54d85d5
15.0,tabulate,validators,120,0.0229,False,False,5000,0,134,target,mut_094b75585191
15.0,tabulate,validators,120,0.0385,False,False,5000,0,135,target,mut_0a400a1d1f2e
15.0,tabulate,validators,120,0.0402,False,False,5000,0,136,target,mut_0b8fa6e03d72
15.0,tabulate,validators,120,0.0545,False,False,5000,0,137,target,mut_0c8cf609b6a9
15.0,tabulate,validators,120,0.0375,False,False,5000,0,138,target,mut_0fe60d4211b3
15.0,tabulate,validators,120,0.0384,False,False,5000,0,139,target,mut_109e58907214
15.0,tabulate,validators,120,0.0206,False,False,5000,0,140,target,mut_10d02430144a
15.0,tabulate,validators,120,0.0312,False,False,5000,0,141,target,mut_1194944ee0a0
15.0,tabulate,validators,120,0.0364,False,False,5000,0,142,target,mut_126f999cbf80
15.0,tabulate,validators,120,0.0409,False,False,5000,0,143,target,mut_134c76afce8c
15.0,tabulate,validators,120,0.0213,False,False,5000,0,144,target,mut_13ffada5a316
15.0,tabulate,validators,120,0.0234,False,False,5000,0,145,target,mut_141193d2b654
15.0,tabulate,validators,120,0.0222,False,False,5000,0,146,target,mut_16383dcdb31c
15.0,tabulate,validators,120,0.0332,False,False,5000,0,147,target,mut_166a946c500f
15.0,tabulate,validators,120,0.0326,False,False,5000,0,148,target,mut_1a70d67d835f
15.0,tabulate,validators,120,0.04,False,False,5000,0,149,target,mut_1a89bab39aee
15.0,tabulate,validators,120,0.1738,False,False,5000,0,150,target,mut_1a9410854252
15.0,tabulate,validators,120,0.0258,False,False,5000,0,151,target,mut_1aa5729f476d
15.0,tabulate,validators,120,0.0284,False,False,5000,0,152,target,mut_1de5686af8b8
15.0,tabulate,validators,120,0.0342,False,False,5000,0,153,target,mut_1f45b57e6554
15.0,tabulate,validators,120,0.0295,False,False,5000,0,154,target,mut_1f47e8bb3664
15.0,tabulate,validators,120,0.0295,False,False,5000,0,155,target,mut_1f9c7d81a427
15.0,tabulate,validators,120,0.031,False,False,5000,0,156,target,mut_20fb6937abce
15.0,tabulate,validators,120,0.0382,False,False,5000,0,157,target,mut_2317c2a229ce
15.0,tabulate,validators,120,0.0243,False,False,5000,0,158,target,mut_27ec4b9275fd
15.0,tabulate,validators,120,0.0272,False,False,5000,0,159,target,mut_285f5b886dd5
15.0,tabulate,validators,120,0.032,False,False,5000,0,160,target,mut_289f57866ae7
15.0,tabulate,validators,120,0.0335,False,False,5000,0,161,target,mut_2901fb77a5d5
15.0,tabulate,validators,120,0.0263,False,False,5000,0,162,target,mut_29ccdf85d582
15.0,tabulate,validators,120,0.0214,False,False,5000,0,163,target,mut_2a92b8d95ee8
15.0,tabulate,validators,120,0.035,False,False,5000,0,164,target,mut_2ad0e4dafa3b
15.0,tabulate,validators,120,0.0367,False,False,5000,0,165,target,mut_2cdea7c4328e
15.0,tabulate,validators,120,0.0226,False,False,5000,0,166,target,mut_2d0a27e2afa6
15.0,tabulate,validators,120,0.0253,False,False,5000,0,167,target,mut_2d8d84c4d455
15.0,tabulate,validators,120,0.0333,False,False,5000,0,168,target,mut_30a7d491f32f
15.0,tabulate,validators,120,0.0371,False,False,5000,0,169,target,mut_30e86d697433
15.0,tabulate,validators,120,0.0335,False,False,5000,0,170,target,mut_36c2d446fe15
15.0,tabulate,validators,120,0.0265,False,False,5000,0,171,target,mut_36e292ffc3ef
15.0,tabulate,validators,120,0.0373,False,False,5000,0,172,target,mut_3774cdaf370e
15.0,tabulate,validators,120,0.0353,False,False,5000,0,173,target,mut_3928233dbdcc
15.0,tabulate,validators,120,0.0332,False,False,5000,0,174,target,mut_395f1ab98b35
15.0,tabulate,validators,120,0.0342,False,False,5000,0,175,target,mut_39be6b85e7ee
15.0,tabulate,validators,120,0.0256,False,False,5000,0,176,target,mut_3a5ca7649694
15.0,tabulate,validators,120,0.0242,False,False,5000,0,177,target,mut_3dcec3ec759c
15.0,tabulate,validators,120,0.0203,False,False,5000,0,178,target,mut_3dd0386d5f78
15.0,tabulate,validators,120,0.0476,False,False,5000,0,179,target,mut_3e4a582a3a2b
15.0,tabulate,validators,120,0.0283,False,False,5000,0,180,target,mut_3e739b7fe6fc
15.0,tabulate,validators,120,0.0357,False,False,5000,0,181,target,mut_3fd09fd69732
15.0,tabulate,validators,120,0.0332,False,False,5000,0,182,target,mut_41b88e094971
15.0,tabulate,validators,120,0.0433,False,False,5000,0,183,target,mut_428e29ee962b
15.0,tabulate,validators,120,0.0331,False,False,5000,0,184,target,mut_4426be1f5b7d
15.0,tabulate,validators,120,0.0331,False,False,5000,0,185,target,mut_44819cc538eb
15.0,tabulate,validators,120,0.0262,False,False,5000,0,186,target,mut_453957b0c500
15.0,tabulate,validators,120,0.0305,False,False,5000,0,187,target,mut_4584024a2a86
15.0,tabulate,validators,120,0.0324,False,False,5000,0,188,target,mut_47d744973bf5
15.0,tabulate,validators,120,0.0302,False,False,5000,0,189,target,mut_4ab43ceb3983
15.0,tabulate,validators,120,0.0381,False,False,5000,0,190,target,mut_4aed3bddcc61
15.0,tabulate,validators,120,0.0241,False,False,5000,0,191,target,mut_4b34fe7f59f8
15.0,tabulate,validators,120,0.0408,False,False,5000,0,192,target,mut_4c85d54acda3
15.0,tabulate,validators,120,0.0318,False,False,5000,0,193,target,mut_4cc6f0bf5261
15.0,tabulate,validators,120,0.0326,False,False,5000,0,194,target,mut_4d12f9bffa5f
15.0,tabulate,validators,120,0.0325,False,False,5000,0,195,target,mut_4d42ec13aec8
15.0,tabulate,validators,120,0.0363,False,False,5000,0,196,target,mut_4e55dc8c2d32
15.0,tabulate,validators,120,0.0362,False,False,5000,0,197,target,mut_4ed941e580f6
15.0,tabulate,validators,120,0.03,False,False,5000,0,198,target,mut_505bd34e9c8d
15.0,tabulate,validators,120,0.1264,False,False,5000,0,199,target,mut_52c53bfdad3f
15.0,tabulate,validators,120,0.023,False,False,5000,0,200,target,mut_533d36268a8c
15.0,tabulate,validators,120,0.0481,False,False,5000,0,201,target,mut_5492b61f4a33
15.0,tabulate,validators,120,0.0313,False,False,5000,0,202,target,mut_561578945597
15.0,tabulate,validators,120,0.0344,False,False,5000,0,203,target,mut_575f8abb0cc1
15.0,tabulate,validators,120,0.0252,False,False,5000,0,204,target,mut_59db72f424fa
15.0,tabulate,validators,120,0.0393,False,False,5000,0,205,target,mut_59e1449d4175
15.0,tabulate,validators,120,0.0284,False,False,5000,0,206,target,mut_5b96aab3b716
15.0,tabulate,validators,120,0.0356,False,False,5000,0,207,target,mut_5bb558d9b7f1
15.0,tabulate,validators,120,0.0404,False,False,5000,0,208,target,mut_5d6c202373bf
15.0,tabulate,validators,120,0.0311,False,False,5000,0,209,target,mut_5fdb6c75ba1b
15.0,tabulate,validators,120,0.0328,False,False,5000,0,210,target,mut_60097c426393
15.0,tabulate,validators,120,0.0349,False,False,5000,0,211,target,mut_631b9ca41a84
15.0,tabulate,validators,120,0.0457,False,False,5000,0,212,target,mut_63364a85d8b3
15.0,tabulate,validators,120,0.0434,False,False,5000,0,213,target,mut_63f77ca240ed
15.0,tabulate,validators,120,0.0324,False,False,5000,0,214,target,mut_6543eba7d306
15.0,tabulate,validators,120,0.0302,False,False,5000,0,215,target,mut_666d29aa1353
15.0,tabulate,validators,120,0.0492,False,False,5000,0,216,target,mut_674f92c64e7a
15.0,tabulate,validators,120,0.0406,False,False,5000,0,217,target,mut_67c4217fd609
15.0,tabulate,validators,120,0.0288,False,False,5000,0,218,target,mut_680a2363c4c8
15.0,tabulate,validators,120,0.05,False,False,5000,0,219,target,mut_6a3eb59c025d
15.0,tabulate,validators,120,0.0225,False,False,5000,0,220,target,mut_6cbf02918859
15.0,tabulate,validators,120,0.0468,False,False,5000,0,221,target,mut_6e600cedd9bc
15.0,tabulate,validators,120,0.0226,False,False,5000,0,222,target,mut_6ed5f0ff4947
15.0,tabulate,validators,120,0.0468,False,False,5000,0,223,target,mut_6f7aa3e309c5
15.0,tabulate,validators,120,0.0414,False,False,5000,0,224,target,mut_6f927eb2c6a3
15.0,tabulate,validators,120,0.1057,False,False,5000,0,225,target,mut_714e0600922e
15.0,tabulate,validators,120,0.0447,False,False,5000,0,226,target,mut_71a35d67c468
15.0,tabulate,validators,120,0.046,False,False,5000,0,227,target,mut_72564fffeb22
15.0,tabulate,validators,120,0.0431,False,False,5000,0,228,target,mut_72e8b501e2f7
15.0,tabulate,validators,120,0.0262,False,False,5000,0,229,target,mut_731b7e032dbf
15.0,tabulate,validators,120,0.0346,False,False,5000,0,230,target,mut_73748398dc44
15.0,tabulate,validators,120,0.0374,False,False,5000,0,231,target,mut_73d6163b93ca
15.0,tabulate,validators,120,0.0332,False,False,5000,0,232,target,mut_75464f8634f2
15.0,tabulate,validators,120,0.0387,False,False,5000,0,233,target,mut_75a622bca676
15.0,tabulate,validators,120,0.1139,False,False,5000,0,234,target,mut_776e97ff8166
15.0,tabulate,validators,120,0.0391,False,False,5000,0,235,target,mut_793525131c6b
15.0,tabulate,validators,120,0.0363,False,False,5000,0,236,target,mut_793ea7b426d8
15.0,tabulate,validators,120,0.045,False,False,5000,0,237,target,mut_794b20d97c83
15.0,tabulate,validators,120,0.0429,False,False,5000,0,238,target,mut_813f338b5985
15.0,tabulate,validators,120,0.1295,False,False,5000,0,239,target,mut_81ac38131bac
15.0,validators,pathspec,120,0.0646,False,False,5000,0,0,source,mut_289f57866ae7
15.0,validators,pathspec,120,0.0221,False,False,5000,0,1,source,mut_2901fb77a5d5
15.0,validators,pathspec,120,0.0297,False,False,5000,0,2,source,mut_29ccdf85d582
15.0,validators,pathspec,120,0.0214,False,False,5000,0,3,source,mut_2a92b8d95ee8
15.0,validators,pathspec,120,0.0682,False,False,5000,0,4,source,mut_2ad0e4dafa3b
15.0,validators,pathspec,120,0.0383,False,False,5000,0,5,source,mut_2cdea7c4328e
15.0,validators,pathspec,120,0.0243,False,False,5000,0,6,source,mut_2d0a27e2afa6
15.0,validators,pathspec,120,0.0331,False,False,5000,0,7,source,mut_2d8d84c4d455
15.0,validators,pathspec,120,0.0241,False,False,5000,0,8,source,mut_30a7d491f32f
15.0,validators,pathspec,120,0.0282,False,False,5000,0,9,source,mut_30e86d697433
15.0,validators,pathspec,120,0.0277,False,False,5000,0,10,source,mut_36c2d446fe15
15.0,validators,pathspec,120,0.0808,False,False,5000,0,11,source,mut_36e292ffc3ef
15.0,validators,pathspec,120,0.0434,False,False,5000,0,12,source,mut_3774cdaf370e
15.0,validators,pathspec,120,0.0478,False,False,5000,0,13,source,mut_3928233dbdcc
15.0,validators,pathspec,120,0.0268,False,False,5000,0,14,source,mut_395f1ab98b35
15.0,validators,pathspec,120,0.0305,False,False,5000,0,15,source,mut_39be6b85e7ee
15.0,validators,pathspec,120,0.0339,False,False,5000,0,16,source,mut_3a5ca7649694
15.0,validators,pathspec,120,0.037,False,False,5000,0,17,source,mut_3dcec3ec759c
15.0,validators,pathspec,120,0.0258,False,False,5000,0,18,source,mut_3dd0386d5f78
15.0,validators,pathspec,120,0.0355,False,False,5000,0,19,source,mut_3e4a582a3a2b
15.0,validators,pathspec,120,0.0329,False,False,5000,0,20,source,mut_3e739b7fe6fc
15.0,validators,pathspec,120,0.0399,False,False,5000,0,21,source,mut_3fd09fd69732
15.0,validators,pathspec,120,0.0298,False,False,5000,0,22,source,mut_41b88e094971
15.0,validators,pathspec,120,0.0459,False,False,5000,0,23,source,mut_428e29ee962b
15.0,validators,pathspec,120,0.0263,False,False,5000,0,24,source,mut_4426be1f5b7d
15.0,validators,pathspec,120,0.0349,False,False,5000,0,25,source,mut_44819cc538eb
15.0,validators,pathspec,120,0.1019,False,False,5000,0,26,source,mut_453957b0c500
15.0,validators,pathspec,120,0.0224,False,False,5000,0,27,source,mut_4584024a2a86
15.0,validators,pathspec,120,0.0244,False,False,5000,0,28,source,mut_47d744973bf5
15.0,validators,pathspec,120,0.061,False,False,5000,0,29,source,mut_4ab43ceb3983
15.0,validators,pathspec,120,0.0358,False,False,5000,0,30,source,mut_4aed3bddcc61
15.0,validators,pathspec,120,0.0229,False,False,5000,0,31,source,mut_4b34fe7f59f8
15.0,validators,pathspec,120,0.0307,False,False,5000,0,32,source,mut_4c85d54acda3
15.0,validators,pathspec,120,0.0224,False,False,5000,0,33,source,mut_4cc6f0bf5261
15.0,validators,pathspec,120,0.0241,False,False,5000,0,34,source,mut_4d12f9bffa5f
15.0,validators,pathspec,120,0.0234,False,False,5000,0,35,source,mut_4d42ec13aec8
15.0,validators,pathspec,120,0.0365,False,False,5000,0,36,source,mut_4e55dc8c2d32
15.0,validators,pathspec,120,0.0239,False,False,5000,0,37,source,mut_4ed941e580f6
15.0,validators,pathspec,120,0.0214,False,False,5000,0,38,source,mut_505bd34e9c8d
15.0,validators,pathspec,120,0.1298,False,False,5000,0,39,source,mut_52c53bfdad3f
15.0,validators,pathspec,120,0.0558,False,False,5000,0,40,source,mut_533d36268a8c
15.0,validators,pathspec,120,0.0226,False,False,5000,0,41,source,mut_5492b61f4a33
15.0,validators,pathspec,120,0.0219,False,False,5000,0,42,source,mut_561578945597
15.0,validators,pathspec,120,0.0387,False,False,5000,0,43,source,mut_575f8abb0cc1
15.0,validators,pathspec,120,0.0277,False,False,5000,0,44,source,mut_59db72f424fa
15.0,validators,pathspec,120,0.0266,False,False,5000,0,45,source,mut_59e1449d4175
15.0,validators,pathspec,120,0.0269,False,False,5000,0,46,source,mut_5b96aab3b716
15.0,validators,pathspec,120,0.0381,False,False,5000,0,47,source,mut_5bb558d9b7f1
15.0,validators,pathspec,120,0.0393,False,False,5000,0,48,source,mut_5d6c202373bf
15.0,validators,pathspec,120,0.022,False,False,5000,0,49,source,mut_5fdb6c75ba1b
15.0,validators,pathspec,120,0.0214,False,False,5000,0,50,source,mut_60097c426393
15.0,validators,pathspec,120,0.0414,False,False,5000,0,51,source,mut_631b9ca41a84
15.0,validators,pathspec,120,0.0228,False,False,5000,0,52,source,mut_63364a85d8b3
15.0,validators,pathspec,120,0.0316,False,False,5000,0,53,source,mut_63f77ca240ed
15.0,validators,pathspec,120,0.0601,False,False,5000,0,54,source,mut_6543eba7d306
15.0,validators,pathspec,120,0.0201,False,False,5000,0,55,source,mut_666d29aa1353
15.0,validators,pathspec,120,0.0239,False,False,5000,0,56,source,mut_674f92c64e7a
15.0,validators,pathspec,120,0.0277,False,False,5000,0,57,source,mut_67c4217fd609
15.0,validators,pathspec,120,0.0289,False,False,5000,0,58,source,mut_680a2363c4c8
15.0,validators,pathspec,120,0.0246,False,False,5000,0,59,source,mut_6a3eb59c025d
15.0,validators,pathspec,120,0.061,False,False,5000,0,60,source,mut_6cbf02918859
15.0,validators,pathspec,120,0.0206,False,False,5000,0,61,source,mut_6e600cedd9bc
15.0,validators,pathspec,120,0.0216,False,False,5000,0,62,source,mut_6ed5f0ff4947
15.0,validators,pathspec,120,0.0206,False,False,5000,0,63,source,mut_6f7aa3e309c5
15.0,validators,pathspec,120,0.0222,False,False,5000,0,64,source,mut_6f927eb2c6a3
15.0,validators,pathspec,120,0.106,False,False,5000,0,65,source,mut_714e0600922e
15.0,validators,pathspec,120,0.0214,False,False,5000,0,66,source,mut_71a35d67c468
15.0,validators,pathspec,120,0.093,False,False,5000,0,67,source,mut_72564fffeb22
15.0,validators,pathspec,120,0.0384,False,False,5000,0,68,source,mut_72e8b501e2f7
15.0,validators,pathspec,120,0.0235,False,False,5000,0,69,source,mut_731b7e032dbf
15.0,validators,pathspec,120,0.035,False,False,5000,0,70,source,mut_73748398dc44
15.0,validators,pathspec,120,0.0855,False,False,5000,0,71,source,mut_73d6163b93ca
15.0,validators,pathspec,120,0.0549,False,False,5000,0,72,source,mut_75464f8634f2
15.0,validators,pathspec,120,0.0401,False,False,5000,0,73,source,mut_75a622bca676
15.0,validators,pathspec,120,0.1069,False,False,5000,0,74,source,mut_776e97ff8166
15.0,validators,pathspec,120,0.0261,False,False,5000,0,75,source,mut_793525131c6b
15.0,validators,pathspec,120,0.0293,False,False,5000,0,76,source,mut_793ea7b426d8
15.0,validators,pathspec,120,0.0183,False,False,5000,0,77,source,mut_794b20d97c83
15.0,validators,pathspec,120,0.0254,False,False,5000,0,78,source,mut_813f338b5985
15.0,validators,pathspec,120,0.1151,False,False,5000,0,79,source,mut_81ac38131bac
15.0,validators,pathspec,120,0.0272,False,False,5000,0,80,source,mut_838c3bdd1f58
15.0,validators,pathspec,120,0.0339,False,False,5000,0,81,source,mut_847b15bfdda6
15.0,validators,pathspec,120,0.0567,False,False,5000,0,82,source,mut_84e0d10594e1
15.0,validators,pathspec,120,0.0256,False,False,5000,0,83,source,mut_8581be366750
15.0,validators,pathspec,120,0.0202,False,False,5000,0,84,source,mut_86f410eb6ca3
15.0,validators,pathspec,120,0.0323,False,False,5000,0,85,source,mut_871f51c5b640
15.0,validators,pathspec,120,0.0343,False,False,5000,0,86,source,mut_8804b1d19eb6
15.0,validators,pathspec,120,0.1127,False,False,5000,0,87,source,mut_88eac4dab581
15.0,validators,pathspec,120,0.087,False,False,5000,0,88,source,mut_899c2cb44109
15.0,validators,pathspec,120,0.1203,False,False,5000,0,89,source,mut_89d3e6a3ab26
15.0,validators,pathspec,120,0.1162,False,False,5000,0,90,source,mut_89e87ebc41d2
15.0,validators,pathspec,120,0.0317,False,False,5000,0,91,source,mut_8b739a475a3c
15.0,validators,pathspec,120,0.0676,False,False,5000,0,92,source,mut_8c4a95f3d471
15.0,validators,pathspec,120,0.0306,False,False,5000,0,93,source,mut_8cb6b9beec51
15.0,validators,pathspec,120,0.0601,False,False,5000,0,94,source,mut_8e913d78891b
15.0,validators,pathspec,120,0.0203,False,False,5000,0,95,source,mut_90656d0adbc2
15.0,validators,pathspec,120,0.0384,False,False,5000,0,96,source,mut_913b26921954
15.0,validators,pathspec,120,0.0624,False,False,5000,0,97,source,mut_915efbcdbbc4
15.0,validators,pathspec,120,0.0334,False,False,5000,0,98,source,mut_919ddde49884
15.0,validators,pathspec,120,0.0377,False,False,5000,0,99,source,mut_91f5aedf3372
15.0,validators,pathspec,120,0.0342,False,False,5000,0,100,source,mut_91ffe6d6fa41
15.0,validators,pathspec,120,0.0265,False,False,5000,0,101,source,mut_92415c8ed3fa
15.0,validators,pathspec,120,0.0244,False,False,5000,0,102,source,mut_94cee2c8847e
15.0,validators,pathspec,120,0.0325,False,False,5000,0,103,source,mut_96ddf7184ca4
15.0,validators,pathspec,120,0.0318,False,False,5000,0,104,source,mut_97d1014eb70f
15.0,validators,pathspec,120,0.128,False,False,5000,0,105,source,mut_97f85571aaf2
15.0,validators,pathspec,120,0.0251,False,False,5000,0,106,source,mut_989e7c951463
15.0,validators,pathspec,120,0.0346,False,False,5000,0,107,source,mut_98aa516e39a1
15.0,validators,pathspec,120,0.0242,False,False,5000,0,108,source,mut_999c0399e544
15.0,validators,pathspec,120,0.0252,False,False,5000,0,109,source,mut_9b30abde7a51
15.0,validators,pathspec,120,0.0381,False,False,5000,0,110,source,mut_9baa8e0b1105
15.0,validators,pathspec,120,0.0201,False,False,5000,0,111,source,mut_9bfc0d74569f
15.0,validators,pathspec,120,0.0185,False,False,5000,0,112,source,mut_9c91b6447fe3
15.0,validators,pathspec,120,0.0201,False,False,5000,0,113,source,mut_9dbe121ade48
15.0,validators,pathspec,120,0.0208,False,False,5000,0,114,source,mut_9e129b50a8e1
15.0,validators,pathspec,120,0.0245,False,False,5000,0,115,source,mut_9e7665c49799
15.0,validators,pathspec,120,0.0885,False,False,5000,0,116,source,mut_9fbf777b07c4
15.0,validators,pathspec,120,0.0506,False,False,5000,0,117,source,mut_a0b9f50cf520
15.0,validators,pathspec,120,0.049,False,False,5000,0,118,source,mut_a1543330de3c
15.0,validators,pathspec,120,0.0872,False,False,5000,0,119,source,mut_a3ad2a55ddaf
15.0,validators,pathspec,120,0.2758,False,False,5000,0,120,target,mut_00c265e970ea
15.0,validators,pathspec,120,0.2574,False,False,5000,0,121,target,mut_00c48ce16a2f
15.0,validators,pathspec,120,0.2574,False,False,5000,0,122,target,mut_01295249e722
15.0,validators,pathspec,120,0.4294,False,False,5000,0,123,target,mut_042cc4aaec00
15.0,validators,pathspec,120,0.3271,False,False,5000,0,124,target,mut_0537991382a1
15.0,validators,pathspec,120,0.0459,False,False,5000,0,125,target,mut_063037d34f5c
15.0,validators,pathspec,120,0.3711,False,False,5000,0,126,target,mut_08ca2ff2fd49
15.0,validators,pathspec,120,0.01,False,False,5000,0,127,target,mut_0c9c25505bf8
15.0,validators,pathspec,120,0.1551,False,False,5000,0,128,target,mut_0db0cae15629
15.0,validators,pathspec,120,0.0038,False,False,5000,0,129,target,mut_0df2fc80778c
15.0,validators,pathspec,120,0.036,False,False,5000,0,130,target,mut_0e1856ed9c82
15.0,validators,pathspec,120,0.0112,False,False,5000,0,131,target,mut_0e71bd8eeb9b
15.0,validators,pathspec,120,0.0112,False,False,5000,0,132,target,mut_0eae59124819
15.0,validators,pathspec,120,0.0256,False,False,5000,0,133,target,mut_103c57e8b52b
15.0,validators,pathspec,120,0.0142,False,False,5000,0,134,target,mut_105fd5984a08
15.0,validators,pathspec,120,0.1035,False,False,5000,0,135,target,mut_1077b8e04940
15.0,validators,pathspec,120,0.0084,False,False,5000,0,136,target,mut_11046ca225a1
15.0,validators,pathspec,120,0.0341,False,False,5000,0,137,target,mut_129b5a0395cd
15.0,validators,pathspec,120,0.0104,False,False,5000,0,138,target,mut_12b50720c6b0
15.0,validators,pathspec,120,0.0148,False,False,5000,0,139,target,mut_12f0655255ff
15.0,validators,pathspec,120,0.0099,False,False,5000,0,140,target,mut_13b2c5018f00
15.0,validators,pathspec,120,0.0173,False,False,5000,0,141,target,mut_16156a06d3b2
15.0,validators,pathspec,120,0.0533,False,False,5000,0,142,target,mut_16562207f831
15.0,validators,pathspec,120,0.0036,False,False,5000,0,143,target,mut_169756297ddb
15.0,validators,pathspec,120,0.0078,False,False,5000,0,144,target,mut_174744bfd65b
15.0,validators,pathspec,120,0.477,False,False,5000,0,145,target,mut_17b5b3e7586c
15.0,validators,pathspec,120,0.1376,False,False,5000,0,146,target,mut_181f3c338c4f
15.0,validators,pathspec,120,0.032,False,False,5000,0,147,target,mut_1837836f5018
15.0,validators,pathspec,120,0.0141,False,False,5000,0,148,target,mut_1871f18e8955
15.0,validators,pathspec,120,0.0437,False,False,5000,0,149,target,mut_18b46aa31898
15.0,validators,pathspec,120,0.1033,False,False,5000,0,150,target,mut_19b3c964fc12
15.0,validators,pathspec,120,0.0051,False,False,5000,0,151,target,mut_1b180004feb5
15.0,validators,pathspec,120,0.0051,False,False,5000,0,152,target,mut_1dcbe1f01b7b
15.0,validators,pathspec,120,0.0051,False,False,5000,0,153,target,mut_2034d433ac40
15.0,validators,pathspec,120,0.0149,False,False,5000,0,154,target,mut_230e632c5e55
15.0,validators,pathspec,120,0.4457,False,False,5000,0,155,target,mut_247ddadc59f1
15.0,validators,pathspec,120,0.1941,False,False,5000,0,156,target,mut_24a9efd7a4ab
15.0,validators,pathspec,120,0.0074,False,False,5000,0,157,target,mut_24e47521abf2
15.0,validators,pathspec,120,0.0072,False,False,5000,0,158,target,mut_268ef88dd929
15.0,validators,pathspec,120,0.0141,False,False,5000,0,159,target,mut_26be5e5ea9b6
15.0,validators,pathspec,120,0.4898,False,False,5000,0,160,target,mut_271a88b94f2a
15.0,validators,pathspec,120,0.1741,False,False,5000,0,161,target,mut_273b59fab021
15.0,validators,pathspec,120,0.2776,False,False,5000,0,162,target,mut_27531e910b3c
15.0,validators,pathspec,120,0.0052,False,False,5000,0,163,target,mut_2772e8b27f7f
15.0,validators,pathspec,120,0.0552,False,False,5000,0,164,target,mut_29db292771c0
15.0,validators,pathspec,120,0.2607,False,False,5000,0,165,target,mut_2a46d9d58366
15.0,validators,pathspec,120,0.0704,False,False,5000,0,166,target,mut_2a4800141334
15.0,validators,pathspec,120,0.0083,False,False,5000,0,167,target,mut_2aad23831dd3
15.0,validators,pathspec,120,0.0083,False,False,5000,0,168,target,mut_2b23de3aacc0
15.0,validators,pathspec,120,0.086,False,False,5000,0,169,target,mut_2c26ae5c9de4
15.0,validators,pathspec,120,0.0239,False,False,5000,0,170,target,mut_2ddbc9596010
15.0,validators,pathspec,120,0.0985,False,False,5000,0,171,target,mut_2eb63ee45454
15.0,validators,pathspec,120,0.0188,False,False,5000,0,172,target,mut_2ec8e80960f0
15.0,validators,pathspec,120,0.0137,False,False,5000,0,173,target,mut_3082e187b8ef
15.0,validators,pathspec,120,0.0085,False,False,5000,0,174,target,mut_31f518d1d40a
15.0,validators,pathspec,120,0.0188,False,False,5000,0,175,target,mut_320e16630e8d
15.0,validators,pathspec,120,0.0144,False,False,5000,0,176,target,mut_320f1bbd9777
15.0,validators,pathspec,120,0.0086,False,False,5000,0,177,target,mut_3435678f3d1f
15.0,validators,pathspec,120,0.0086,False,False,5000,0,178,target,mut_34de7097f517
15.0,validators,pathspec,120,0.0986,False,False,5000,0,179,target,mut_36ed19b50bb6
15.0,validators,pathspec,120,0.1018,False,False,5000,0,180,target,mut_38e31a877c89
15.0,validators,pathspec,120,0.0345,False,False,5000,0,181,target,mut_3d9c3b57e236
15.0,validators,pathspec,120,0.0138,False,False,5000,0,182,target,mut_3e91be117447
15.0,validators,pathspec,120,0.1427,False,False,5000,0,183,target,mut_3f8d3853760f
15.0,validators,pathspec,120,0.0137,False,False,5000,0,184,target,mut_421ebecfcd7e
15.0,validators,pathspec,120,0.0137,False,False,5000,0,185,target,mut_427622f7a299
15.0,validators,pathspec,120,0.0085,False,False,5000,0,186,target,mut_431b67bbe621
15.0,validators,pathspec,120,0.0086,False,False,5000,0,187,target,mut_44b56e710faf
15.0,validators,pathspec,120,0.0137,False,False,5000,0,188,target,mut_45affd13a77a
15.0,validators,pathspec,120,0.1069,False,False,5000,0,189,target,mut_471432ae8885
15.0,validators,pathspec,120,0.0267,False,False,5000,0,190,target,mut_478be483b398
15.0,validators,pathspec,120,0.0624,False,False,5000,0,191,target,mut_4895293b4211
15.0,validators,pathspec,120,0.0081,False,False,5000,0,192,target,mut_48a4dc98589d
15.0,validators,pathspec,120,0.3185,False,False,5000,0,193,target,mut_4b178ce7b1ef
15.0,validators,pathspec,120,0.008,False,False,5000,0,194,target,mut_4b8753325a9a
15.0,validators,pathspec,120,0.0287,False,False,5000,0,195,target,mut_4bd9378efc44
15.0,validators,pathspec,120,0.0184,False,False,5000,0,196,target,mut_4bebc81d0582
15.0,validators,pathspec,120,0.0521,False,False,5000,0,197,target,mut_4cf8d68b4291
15.0,validators,pathspec,120,0.1478,False,False,5000,0,198,target,mut_4d1623ec4661
15.0,validators,pathspec,120,0.0261,False,False,5000,0,199,target,mut_4e8862e3cf3a
15.0,validators,pathspec,120,0.008,False,False,5000,0,200,target,mut_4f76f7f314d9
15.0,validators,pathspec,120,0.0861,False,False,5000,0,201,target,mut_4fdd8a6da136
15.0,validators,pathspec,120,0.0085,False,False,5000,0,202,target,mut_5089b607bf5d
15.0,validators,pathspec,120,0.0085,False,False,5000,0,203,target,mut_51b7548f6be4
15.0,validators,pathspec,120,0.0144,False,False,5000,0,204,target,mut_526e56868cea
15.0,validators,pathspec,120,0.2051,False,False,5000,0,205,target,mut_52a73d0e3ebe
15.0,validators,pathspec,120,0.024,False,False,5000,0,206,target,mut_57980718178c
15.0,validators,pathspec,120,0.0085,False,False,5000,0,207,target,mut_57b8d262b042
15.0,validators,pathspec,120,0.261,False,False,5000,0,208,target,mut_58050a99f914
15.0,validators,pathspec,120,0.0137,False,False,5000,0,209,target,mut_581dbb890a1d
15.0,validators,pathspec,120,0.1016,False,False,5000,0,210,target,mut_586d7fb49e4c
15.0,validators,pathspec,120,0.261,False,False,5000,0,211,target,mut_592bf6aa2871
15.0,validators,pathspec,120,0.0137,False,False,5000,0,212,target,mut_5c86363cc27b
15.0,validators,pathspec,120,0.0137,False,False,5000,0,213,target,mut_610480bcafb0
15.0,validators,pathspec,120,0.1429,False,False,5000,0,214,target,mut_61c1c1b6fb62
15.0,validators,pathspec,120,0.0052,False,False,5000,0,215,target,mut_62cc960809a5
15.0,validators,pathspec,120,0.0499,False,False,5000,0,216,target,mut_62faa507b1c3
15.0,validators,pathspec,120,0.081,False,False,5000,0,217,target,mut_63b475f1563c
15.0,validators,pathspec,120,0.2983,False,False,5000,0,218,target,mut_65cb36909e91
15.0,validators,pathspec,120,0.0292,False,False,5000,0,219,target,mut_65cf5fe0fb77
15.0,validators,pathspec,120,0.3448,False,False,5000,0,220,target,mut_664907c5da3e
15.0,validators,pathspec,120,0.7432,False,False,5000,0,221,target,mut_68c0e2f4e9c2
15.0,validators,pathspec,120,0.0104,False,False,5000,0,222,target,mut_699eece1d1ef
15.0,validators,pathspec,120,0.0083,False,False,5000,0,223,target,mut_69f3d31ece8f
15.0,validators,pathspec,120,0.1584,False,False,5000,0,224,target,mut_6bd882e7041d
15.0,validators,pathspec,120,0.0911,False,False,5000,0,225,target,mut_6ca284c6786a
15.0,validators,pathspec,120,0.2567,False,False,5000,0,226,target,mut_6e1d88e54444
15.0,validators,pathspec,120,0.1039,False,False,5000,0,227,target,mut_6e31d7e44de0
15.0,validators,pathspec,120,0.0238,False,False,5000,0,228,target,mut_6e8869a3ac2f
15.0,validators,pathspec,120,0.0139,False,False,5000,0,229,target,mut_6f26d36d59d7
15.0,validators,pathspec,120,0.0186,False,False,5000,0,230,target,mut_71ead901f38b
15.0,validators,pathspec,120,0.0139,False,False,5000,0,231,target,mut_726eabd9fbbd
15.0,validators,pathspec,120,0.4275,False,False,5000,0,232,target,mut_728748b397c9
15.0,validators,pathspec,120,0.0238,False,False,5000,0,233,target,mut_74b7d1c7be63
15.0,validators,pathspec,120,0.029,False,False,5000,0,234,target,mut_75540a1b95e9
15.0,validators,pathspec,120,0.0291,False,False,5000,0,235,target,mut_76ffaf9691b5
15.0,validators,pathspec,120,0.0121,False,False,5000,0,236,target,mut_783a4dba2250
15.0,validators,pathspec,120,0.2871,False,False,5000,0,237,target,mut_789106b2993b
15.0,validators,pathspec,120,0.525,False,False,5000,0,238,target,mut_78c8d340d52d
15.0,validators,pathspec,120,0.0074,False,False,5000,0,239,target,mut_7aacf915363b
